# Resource object code (Python 3)
# Created by: object code
# Created by: The Resource Compiler for Qt version 6.10.1
# WARNING! All changes made in this file will be lost!

from PySide6 import QtCore

qt_resource_data = b"\
\x00\x00\x003\
Q\
ToolButton {\x0a   \
 background-colo\
r: transparent;\x0a\
}\x0a\
\x00\x00Z\x14\
i\
cns\x00\x00Z\x14ic09\x00\x00Z\x0c\x00\
\x00\x00\x0cjP  \x0d\x0a\x87\x0a\x00\x00\x00\x14f\
typjp2 \x00\x00\x00\x00jp2 \x00\
\x00\x00Ojp2h\x00\x00\x00\x16ihdr\x00\
\x00\x02\x00\x00\x00\x02\x00\x00\x04\x07\x07\x00\x00\x00\x00\x00\
\x0fcolr\x01\x00\x00\x00\x00\x00\x10\x00\x00\x00\x22\
cdef\x00\x04\x00\x00\x00\x00\x00\x01\x00\x03\x00\x01\
\x00\x00\x00\x01\x00\x00\x00\x02\x00\x02\x00\x00\x00\x03\x00\x00\
\x00\x00jp2c\xffO\xffQ\x002\x00\x00\x00\x00\
\x02\x00\x00\x00\x02\x00\x00\x00\x00\x00\x00\x00\x00\x00\x00\x00\
\x02\x00\x00\x00\x02\x00\x00\x00\x00\x00\x00\x00\x00\x00\x00\x04\
\x07\x01\x01\x07\x01\x01\x07\x01\x01\x07\x01\x01\xffd\x00#\
\x00\x01Creator: JasPe\
r Version 1.900.\
1\xffR\x00\x0c\x00\x00\x00\x01\x00\x05\x04\x04\x00\x01\xff\
\x5c\x00\x13@@HHPHHPHHPHH\
PHHP\xff]\x00\x14\x01@@HHPHH\
PHHPHHPHHP\xff]\x00\x14\x02@\
@HHPHHPHHPHHPHHP\
\xff]\x00\x14\x03@@HHPHHPHHP\
HHPHHP\xff\x90\x00\x0a\x00\x00\x00\x00X\xcb\
\x00\x01\xff\x93\xdf\x808\x11PT\xaf\xf4\xc8\x7f\xdf\x80\
8\x11PT\xaf\xf4\xc8\x7f\xdf\x808\x11PT\xaf\xf4\
\xc8\x7f\xdf\x85\xf6\x11P;\x1bL\x7fz)U\xb6H\
\x98\xd1\xf7y\x98@\x00\xf97\xaciR\x13\xf1\xa3D\
\xce\xe5\xd7\xfe\x94\xe4\xc2'\x9c\x82\xbc\x97\xe5w\xc5\x8f\
X\x1er\x09\xd9PB\xe0zIi\xb8B\xe2*\xe3\
\xd0\xc7\x0b\x9a\xcf\x9eoO\xd6\xbf\x9b\x1btZ\xedt\
\xd7&W\xc6\xe2\xba\x9a\xf4.\x19@w\xb47gn\
\xd3\xb5\x88J\x11h:L\xdc>\x83,\xc60\xb1t\
 _\xf2\xdb\xa5\xcb\xa4\xbf\xdc\xa1\xc6#z\xdd\xb3\x0e\
\xe1\xedm\xc5\xa8=\x8a\x8dH\xf0>\x91\x85\x0e\xa5R\
\xb4\xabg\x96\x14\x7f\x93\xe2\x7f\x9e\x0b\x9d=W\xce\xf6\
\x1d\x8d\x97\x5c_0\xf4\xc2$p\xf1\xeb7\x10\xf7\x92\
M\x0a\xcb\x85\x22\x8e_\xb7\x01Dn\x10,\xc9ZP\
\xa2Dc\x8f\xac\x9f\xe0\xd8\xda\x17\xa8\x8192\xd1\xa0\
\x8e\xc1v\x96WX0\xfb\xe3]c\xb8\xb9\x00\xac\xeb\
\xc3(\xf8\xe9\xe9\x899q\xbb\x16\xceb{\x85\x04h\
v\x0c\xe9\xbc\xcb\xe0\xe0\xa8\xf3\xfb\xb6\x18f$\x9f\xef\
\x80\x80\x80\xcf\xc2\xad\x9f\x85_\x1f\x85V))\xe0\x9e\
\xc2\x05sz\x12u\xb4M6\x05\xe7\xb5\x89#\x1cx\
:\xe6)\x94\x5c\x8b\x9a\x16\x943\xa8\x10\xa49\xce\x15\
\xd4\xdc\x9d)^\xdd\x8c:\xd0\xdbvE\x17{T!\
\x15a\xe7\xc46J\x87\x8d\xaf\x85k\xbb\x0f=&*\
M\x22i\xee;n7\xd4\xac\x13xM%5\x93\xfd\
\xff |@$A\xbb`\x08\xd2\xde\x1a\xd2Xo\xbf\
-\xf5\x89\xed\xb8\xec\xb1v\x8e\xb6 \x18?\xa4]@\
\x87\x1f\xe7\x1e\x9f\x07k\xa4N(-\x1b\x84+*\x81\
\xdfa\xfe \x90\x14\xa3\x13\xc8\xf9\xf7\x9bG\xdag\xc5\
\xfcw\xc6\x04\x5c\x94\xa1y\x18\x00^\xbae\x0d\xb0w\
\xa1\x7f\x95\x03\xa7\xd0$3\xeb*{3m\x83\xa0\x13\
8\xc3\xdf\xb7-\xe9\xbe-\xe7\xbd;f\xbdMv\xbd\
\xfc\xb2\xd9`o\xb8\xb6\xc4{k\x09\x9c\xc4q\xf5D\
N\xad\xc2Q\x16\xcb\xe0\x97\xf7\x9b\xd6\xce\x1a`V\xa2\
\xa3y\xfb>;\xe1\x98\x1f\xc79|\xa5\xb1\xfd\xf6\xff\
\x0b\x86\xb5S^\xd3\xf7\x1f4?\xeb\x5cK\x0c\x0cR\
\xc4\x05\x88\x7f\xd3\xee#=V\x1bz7g0V\x1a\
\xa0\xe7\x12%\x1a\x17zlq\xba\xf8\x82\xb0c\xc1\x9c\
\x0f\xb1\xd2\xa4\xff(F\x8eh\xbe~IV)\xb5\x7f\
\xab\x18n\xda\xff\x87\x87\xcf\x14\x97N\x03\x80\x5c\xe5\xd1\
\x92\x95\x8b\xfe\xad\xfd\xd0\x0fq\x02#U\xf2\xd9?\xf4\
\x84\x86\x89\xae\xfcH:\x89(\xa4\xaa\xa0\xd0\xc3\x0d|\
\x1a\xa2\x01m\xfc\x98\x118\xdcyWP\x81m\xf5\x17\
\xc0,\x92}\xe2r\x18D\xd1)sQ6\xb8\xf6\x9a\
$\x09\xee\xedh\xc4=\x1d\x887\xf8\xc3\xa7\xc7\xdfH\
\x9b!VA\x83\x8ccy\xcf\x06\xaa\xb8g]\xd8\xa4\
|\x8c\x1e\x903\x1f\x94Si\x8e C\xa6<?0\
Q\xf3dc\xb0\x88\xc0\x15H\xec\x1f\x83+5sB\
\x04\xact;\xf6,C\x81K\x99\x00\xda:h\xc0n\
{\x0e\x5c\xa2\xcf\xe2\xe3\xbb\x22\xb8r\x03\x18j\x10\xf5\
C_\xb7\xd2\x8c\xc0H\xa3\xf1BNSi\x19\xccA\
\xb8\x01\xef\x88\xd5\xaa\xcc\xe4\xe5\x9fi\x09\xf1V\x82\x9a\
.\xc4\x8f\x80\x80\x80\xcf\xc3r'\xe1\xb9s\xf3\xdc\x80\
\x95T3\x86C\x88\xb3>\xb23\xb3/\x81.\xdbs\
\xc1Z\x08\x13\xcdq\x97\x8b\xa2Ji\x0a\xf2\xeec\xdf\
\xac\xd1\xf1\x01\xe4\xf7^\xb72\xac:\xf8\xf9\x87\xd3|\
\xd7\x89.%\x0b\x9a\x05\x025\xa3+\xce\x80\xf6a\xb7\
\xaa\xc8Xsm[[\x0f\xbd\xf2W\xd56\xa3\x8e\xe3\
\xd4\x97\x8fO\xc7*\xb8[\xb1\x93(\xff4L\x17\xfb\
\x82\xe6u\xfe\xa3%`L\xc3\xd9\xa0`\x01\x9f\xad\xca\
\xc6\xf1s#o\xdb\x09\x8b\xb6\x809\x93\xe39\x09\xdd\
g|\xbf^\x10\xf6\xd6\xd4D\xf5K*\x99\xe2 \xec\
\xc1\xee\x0d\x8c\x07\x920\xb9\xc6\x14\x98\xc7\x9a\xce\xe8/\
\x9c\x10WirT)\xb5B\x94;5\xa0\xeb\xfa\x9d\
\x95\xdb\x0c>I&U\xbb,u\x01@P\xa3a\x80\
\x1f\x17\xdd\xe6'\xce\xe2\xb5\x9c\x1b\xd47 \x9c B\
5;V\xbd\xb6\x96D3\x05\x03Y\xfa[\x8d\x8cc\
\xe7\xf7D\x85\xae\x18\xd7\xf8U,\x99\x86(\x5ch \
:#\xb7\xda\xa8\xac\xbd<\xe2\xe0\xc7\xf5\x81c\x9e(\
\xcd\xa8\xda\xad\x0bo\xa2\xd0.\xbc\x97\xc6\x8byS*\
\x85\xa7\x94\x95\xf0@\x1e2\xbc\x8a\xed\xf1z\x8cF(\
\x82YV>r\xf8O\x02pk\xa5\xbe\x9c\xc710\
\xfe\x0bYX\x02\xe0)\x8f!\xcf\x9aw\xf7C\x95{\
&\xec\x0c\xe6\xe4\xdf6Z\x1b\x02\xfb\xd4\xaa\xe1\xd0\xd3\
\x9c]\xb7\x14R\x97(\x03\xcf\xdc\xd4\xaf\xa9.\xae=\
\x81\xd6\xe0\xa8\x9d\xa5\x5c[V\x8a\xf9\xc6%\x81\x9bZ\
\xf2c\x11\xef\xaa\xcd\xf5\xde?\xf4\xbc\xe9\x00\xdc9L\
5r\xae\xbc\x9e\xc1\xf4O\x90\xb8\xdd\xf5\xc0\x09>}\
\x87\xc0h\xda\xc9\xac_\xba\xbeQ\x98@\x01(\x5c\xb2\
J\x07*\xb2Ok+\x96L\xc9\xb1\xd1\x02\xb7\xb3\xba\
=z\x13\x85/C\x0f\x07v\xd4\x1e\x08ho$\xcf\
\xda\xe5\xde\x9b\xbc\x9a\xb5?M\x0c\xa8v\xads\xfa)\
\xed\x1c\xb3\xbf\xf0\xfdb c\x1dN\x05\x05\xb0\xe6\x14\
4\x87{\x1d\x96kZ\x9e\xff_\x03;\xa9\x95^\xd1\
\xd9\x82Z\xbc]\xf5\x11{\x06/Rb\xe1N\xc3\xf2\
\xa6<E\xebrM5VF\xb5\x11\xea\xcc\x22\xce\xdc\
\x94\xf5\xe2n\x03NK\xc7P:\xba.\xbcs\x9e\xad\
\xa1S\xda7x\xc3\x81\xf5(\xee\xe8z\xd3d\x9d\x8a\
s\x1b\xb4\x99\x9f\xa8kX\x07\xd6\xeb\x96\xad}\x1cR\
L\xa6\xc6$;\xbfg\x1a\xf3\x12\x16([\xa9\x1a\x8f\
[5\x8c\xd0&WF\x8a^\xa8\x15p\xc5\xcd\x15\xa9\
\x85\xacT\xe8v\xf8\x0d\xc6\xea\xa8\xb1\xed^\xcb\x0eD\
\xed \x81^%^u\xda\xe5\x0e\xf8B/[\x7f\xd5\
E\x1e\x1b\x0e\xad\x12N\xe9\xa9\xf3\x9bp\x8e\x92\x11\x12\
\xd2\x87!E\xdfK,\xe1\x1fBB\x7f\xa4V\x99\xe8\
bx2)\xfd\x11\xc9\x84 \x84\x8a\xfa0}s.\
8\x5cV\xba\xf8\xd7IOPmI5\x83\xe6\x1f\xe9\
\xf0~\x18%\x85\x89\x16\xaaBQ\x05\xb2\x0e\xc2\xd2\x14\
\x07\xae\xee\xc1\x96o\xef\x98.\xef\xaap\xd2\xd4\x1eI\
\x85A\xc6\xcf\x02p\xe8b\xbc\x08\xba9\x07\x08\xd2~\
\x87\xfd\xc5\xa5\xac0X\x9a\xd3\xc3\xb78\xa6\x98\x11`\
\xbb\xc5\xeb\x01W\x0b{X$|.cy\xb0\xd1a\
\xc3\xf4\xf0\xa2\xe0\x19\xf0aq\xb3\x02\x1f\xb3\x82\xacJ\
\xecm\x00\xd2V\x08kn\xdaV\x12\xff{\xb0\xa9b\
k#\xde\x1e\xf8\xc7\xa8\x0f\xbf\xa9\x9b\x0c\xcf\xcd\xf0\xce\
\xb5S\xea}W\xd6\x1b|ck2\x9f\x8f7\xf3\xaa\
\xfb\x14\x94n-\x1c\xff.D\xac\xc8 &\xfd\xbd\xb6\
5r\x96@\xb4)\xb3\xcb\xceK\x1c+\xa5[\x1db\
\xb9\x91\xe0\xbc\xbbm\xdfO\xd7\xea\x1e\xfb\x86\x097\x9d\
\xd0\xa95\x7fI\xfc\xd7\xc6\xe4\xda\x1f\xb9\x09\xd8I\xc5\
\xd3\xc3\xd5\xd2\x1d\xc4\xa58\x9eu\x9d\x13\xe5\xfc\x1f\xff\
 \xb6\xce\x5c\x05\xea\x10\xb8\xc8K\x82E\xa30\x8a\x03\
D\x0c\x83\xa3\xbd\x8b>\x10-\xe9v\x17%\xff7\xd1\
\xde\x19=\xb6O\xd5]\xc9\x15\xf3\xc5U\xe7\xaf\xe4\x11\
\xbd&cZ+\x9e=\x16!\xc0L\xedS8\xae\xca\
0\xbd\xd31\xcf6x&\xe51\xf7;z\x92\xab\x0b\
\xe1\x851\xd8\xe1\xff@\xcd\xf9_\xdd\x5c\x87\xb3\x85\xe9\
nNw\xb5\xd8\x8eE\xf1\xbf'1\xa9\xf4\xb35\xb2\
\xc12!\xe3\xc7\x1e\xed\xeb\xe6GB\x14D\xfc>\xa0\
\xe1\x8e\x0b\x19\x10\x0c\xc5\xbd(A\x14\xddl\xb1BU\
\xadY\xf8\xff\x17w\xef\xe1\x1b\xcb,%g\x1b\x0e<\
\x82\x9b\x19\xaaavp\xc4\x90w\x8c\x0c\xac\x88(\xee\
\x01\xa6\xcd<\xd5_\x0c\xb7\xdeuc\xf6?\xbb\xe7\xfb\
o\x0c\xad\xaf\x87>sL{\xa8\x81\xe9\xc6|\xd6\xa2\
\xac\x8a\xa0\x5c>6\xb5:\x91GH8\x16\xf2\x04}\
\xba\xe1\xd1\x80\xc9\xf10\x0ah4\xb8\xc3=\xcb\xe4$\
\x09\xa4\xc3\x12\xb5-S\xaf\x16\x03}\xd7a\xf4\x5c\x82\
\xa1\x89\xbb\x94\xa5V^`:\x83xd]\x8a\xca\x97\
`A\x020\xe8\x95\xbc\x97?\xba'\xa9B\x06\x098\
\xfa\xf3\x9f\x22\x129\xf2M\xab\xc0k\xb6P%\x9aw\
\x0d1\xd9(\x9b\x16\xc9yG\xb1L\xc7zV\xe3\x93\
f^\xa2\x22i\xae\x1f\xed\x9e\x11\xff\x17q\x1fy\x00\
(\xfc\xc0\x96\xa0\x97\x1b,\x8f\x1e\x83\x1e\x03\xa6z\x99\
\x80\xc9\x0b\xd1\x15\xa6\x85=\xf4\xa9 \xd7E\xfbqh\
\xb3\xed\xa8\x8d\xbdU\x0d\x87\xc6l(\x91\x86\x11\xc4\xef\
'i\x9bP\xecZ\x07>,\xfc\xee\xe91v\x88\xbe\
\xa1\xb4\xc5\xad\xe3\x00\x0e\x1b\xe1\xfc\x04\xa2\xf4\xcf&\xf2\
\xa9\xe7|\xb1\xc8\xbf\x9a\xa0\xf3\xae'\xcd\xc2\x98qa\
\xcd6\xcb\x91~\xe6\xec\xfaA\xd6g\x80\x80\x80\xcf\xc3\
\xd1\x1e~\x1e\x8b\x93\xf3\xf4>\xd4\x8cH\x14\x91}1\
=~\xad\x9d\x99I\x5cz,\xc9o\x07\xd9\xb3\xd0\x9f\
~b\xc4\xcck\x82\xbc,Iw\xa4Z\x16\xef\xe6\xf8\
]r\x1du\xe8W\xae\x19jV\xe3K\xb1\xf1\xf3\x9f\
^\xe6\x17-P\xa4?\xc7\xf9-`\xc36\x11\xe5N\
v\xd28h\xceR\x0c\xd1\xf8\x90.\xf03\x13'\xa6\
Y\xbd\xa8p\xbc\x8b'\x1e\xeb\xe9\x0dp\xe3\x93\xfe\x06\
cq\xe36\xb3\xf4h\xb1\xcf9\xc0\xbc\xb2^\xa8\xb4\
\x059\xbd\xfc\x093\x89\xdeC\x8f\x9d2(\xe4\xc3\xb4\
\x05\x15\xdc$\xacy\x8d\x92{\xf8\xa4\xb9\xec)\xfd1\
D\xdd1)\x1cK\x85eGd\xd2O\xf0\x0c\x9cU\
\xfd\x0c%\x94\xfd|\xbd\xa3\x8a\x96A\xf3\x15\xad_t\
\xe0m\x12'\x03#\xb5\x90\x8ae\xdb\xf8\xb2\xc8\xa3}\
k\x8d\x08l\xdb\xd4\xc2/u_\xdb\xd4\xad\x0c\x86\xc8\
\xb91\xb6H\x0dT\x14\xa1$\x8d*\xe4\x22\x89(\x01\
\x86K\x96\x9fXW\xe0\xbf\xeeY\x16\x10*\x82\xf6\x8c\
]\xd7k\xf3\xac\x13.\x88\xcf\xe0E(\x0a\x9bQu\
$\x1c\xffU\x96\x0a$\xc8\x99\x8e\x95\xdafSc!\
\xa0\x878\xd2[\x8b\x02\xd0u\x18\xca\xeb*\x87\xab\xf5\
\xd0\xedK\xd0\xd1,\xa0?\x0b\x0e\xbc@Z\xf8\xdb\xdb\
Rm\xf2O\xfc\xb0\xdenT\xca\xb9\xce\xd4\xa4)g\
\x08\xe0\xb2^\xf05\xc2\xadx\x89r\x92X\xd7\xffJ\
D\x81%H\x17\xef\xcb\xb0_;\xe3I\x1f\x8c\x9cm\
\xb8\xa9\x08\x18\x0b|\xa1\x96~\x1cR\xf7\xe2\x14\xbc \
\x12<\xad#\xad\xda\x10\x85KZV\xe9\xb3\xd7:l\
\x0bc$\xcf]R'\xb6BD\x17-\xe3\xcf\xc7\xa1\
x\xb9#\xa2\xa8\xc2\xc6\x11N\xc2\x0ekw\xa9\xbe\x0f\
\x0csg6\xcc\xe9\x8f\x93N\x9b\x9d\x16\x011\xf9\x10\
\xf8\x8e\x10\xbeJ1\x88\xa7\x05\xeb\x90e#\x10\xe3\x17\
\x8bS\x96\x11\x00~\xd5\xdf\xbb\xf7e\x1b\x08\x80X\xae\
\xe3Ch\x85\xb6\xaa>x\xe8\xe0\xa3\x0eE\x8b]<\
N\x04\xa1\x03\xb1\xff%A\x12\x00N\xf2\x96:\xb8\x05\
$\xceo\x5c\xb77\xb8\xb90\xd8\xbdf\xe8\xc6\x17n\
\x9f,3'<a\xa7\x14G\x81\xab2#\xf4\xd0\xc8\
\xe2\xd6&\x8f~Qk\x1b\xdd\x0f\xd6\x967\xe4\x0a\xe0\
.gV\x91\x8c\xd5\x9e,\xb6\x86\xb5p[\x87\x9do\
\xac\x91\x15\xd1\x1e\x7fP\xd6\xd5\x06\xa5\xcc\xf9\x04\xe7\x82\
\xfd\x03\xdak\x07\xb1\x09Q\xefc\xe5/\xfc\xc0\xd4\xd2\
\xe5\x8f\xcfe\x95\x03\xdc\xd5\xbb\x15.\xca\xce\x84\xd8\xa6\
[\xd2\xa8\x8f\xf6,.\xf9\xb6\x0fkf\xbf\x91Q\x9b\
|:\x85\xef\xe8\x8e\x1c\x1760!\xbb\x88\xce\xd1/\
\xefL\x1a\xe7\x8a\x0a\xb5\xe9.\xf7\xa2\xc5\x9c\x8c\xa5\xf6\
t\xf9\x1c\xd1\xeax,].f.x\x8an\xe8\x16\
\xfdF\xe9\xc4`\x87\x03\x80\xffOIO\x91\x81\x9bP\
\x8d\xbd\xa6\xc7x\x13\xc9i\xe9\x18\xc3\x08;\xdfe\x0e\
\xa6\x18\xf2\xaeO\xaa\x84Ho\x8b\xad\x80\xb4s\x80\x9f\
\xc8M<W\x8f>D\xe1\xa2\xa6}\xcc^\xe4\xba\xc7\
2A\xbe8h\x8d\x09\xe9P\x16\x92;ms\x0e\xfa\
\xbc}\x96\x9c\x22\xe5aTg\xca\xab\xa2\x9d\x1b\xbb\xde\
\x91s$Ypt\xf9\xff\x16(\xf1J\x1c\x7f\x07\x92\
\xd3\xa3\xce\x07\xce\x88)\xb4|\xe7\x06J\x1c\xf1xA\
5\xaa\xdd7$'\xd3\x83M\xc6\x0f\xb5P\x8f/\xfb\
\xa1\xbf\x127G\xc4\xcc\xce\xb4\x10\xa0a\x0c\x165h\
fL\x01\x19\xee`\xb1\xf3\x87\xea\x1e\x8d\x5c\x07))\
{o\x01\x82\xdfe\xa4\x92\x81\xb9\xf9\x0a\xe1_Q}\
P{V\x8c9\x9a\xbb$\x1b7\xec\xab\xb8\xaapC\
\x8alw\xb3\x11\xdc\xe1\x88\xd7n\x8dJB\x15nn\
0\xc6f{\xde_\x97b\xdc\xd3\xf1\xb9w\x9a\xc1\xeb\
m\xde3\x06\xb7\xa6\x99\xabnf\xee\xd5xd\x13\xc6\
\xc6\xc1f+\xb7Q\x12\xd9'\x11\x8d\xbb-\xa2\x1b\x0c\
\xda\x00\xe0\xb9af\xa4@\xb6\x8eo\xeb\xf3q\xc4\x88\
\xc2\x83&\xf2\x17\x89O\xe6\x18a\xab\xa7e3\xe9\x22\
\x97\x95\x0f\xa5\x10@G9 \xcc?\xa0\xb5!\xcd\xa6\
\xa3\x867\x01\xa45\xdc\xd6e\xaf\xaf\xf8\x13.\xd2\x9e\
\x01i\xf9\x9e \xefy\xfc\xa6\x1c-\xe1\xc8Q(\xc1\
CIC\xf1\x821\xf5z\xf8\x8dt\xec\x82\x8aw\xa2\
7\x01e;r^\xa6\xd6\x07\xd3\x08-H\x84za\
=\x943\xf2\xfc5\xc4\x92\x16D\x8e,\xeetDk\
\xe3ge\xe7\xd6\x8c\xc8\xe3]f\xfb\x1aY\xea\xa9\x7f\
\xc1\x96\xc9\xf4pD\xe2\xf33\xb9\x1c\x90Rt\xd8p\
l\x15\xb6|Z\xc2 ;\x1f\x84S\xd2H\xb8x\xad\
S\xc6[\xf1S\x80\xab;:\xe5\xe9\xcd\x81\xb9\x18\x01\
\x09\xe9\x1bI\x14\xa7R\xb4A.\xd7\x15\xd7t,\x01\
xs\xc5\xd2Q]\xcd\xe6\x98W5\x0fP\x8d\x03H\
N<0\xde/\x88\xd5#h\x14\xc9\xa8\x86\xda\x1dc\
,\xdb\xd0\xd9\xacy\x04rz\xe0B\xd91\x08\xa5\x03\
1;\xb99\x08\x22\xf1\xf6j\x10\xec\xb7\xbb\xa4\x16|\
\xdc,\xa3\xe8\xd1\xfc\xcf\x05\xfc|\x04B\xcc:\xe6\xe5\
y\x14_\x0b\xae\x9d\x03\x8aU\xe1\xe3\xf2\xa0\xd1\x9e\xc0\
\x95i\xb8\x7f\x8b\x14Y\xfe\xb95\xf9\xa8qjJe\
\xad\xf9\x1e\xe75\x95\x9b\xd7\xed\x8au\xa4\x12$\xfe\xbf\
eG|\x14\xc8\x89.|\x98\x7f7\x84\xd6\xa4\xd3\xc0\
\x8eA\x1f\x93Y\xf7w\x97\x80\x17\xad5-g\x9c\x12\
\xbe\xd43\xc0B\x16V\xa20\xf5p\xb3\xfd\x5c;'\
\xe0\xde\xda\x7fG\xf7\xd5\xf86\xab62Fb\x93G\
'\x0a*\xb7\xa9N\xa3\xd0\x85\xe9b1\xc8^#\xdf\
\xa7\xb5\x8eTYE\xee\xb4=hL\x9f*\xf4\x09\x80\
\x5c\x8a\x06C-\x81\xbc\xb5H\x10\xa4P\x89z\xfa\x02\
\x98A*]\x9d[Y\xa2\xe2\x9e\x87^:\xf2{\xa6\
\xd3[\x1e\xdf?\xf9\x14\xc3\xc1\x8a[n\x07\xa0w\xe4\
\x1b\x86\x7fW\xa3\xd9\xcb\xe4\x22H\xa1}v\xcb\x93\x8a\
``\xea\xcc[2T\xbd\xdf\xf3\xd1\x08\xf8\x94\xbe)\
\x1c\x07.\x00a\xa2\xf1\xe7>\x18\xb9\x1f6[`\xa1\
\x99a\x06\x00@\x17 8\xf3jWi\x1f\x8fFP\
\xe1\x00\x88$\xf3H{Z\xe1Y\xd2Bk\x9b\xd1\xc7\
\xa6~\x22F-P\xa2\xeb8\xad\xe0\x13\x7f\x94*f\
.\x82\xfdEE\xcc\xdd\x0b\xa8&\xfd\x13y\x99\x01m\
'\x04\x1a\x16i\x1d\xa2\x83\xc24\x8c\xe4\x17\xd4\xa3\xc8\
\xfc\x9cA\x0f2\xe0\x16\xa5\x97\x08s\xdb@\xa7\x9e\x9a\
Vd\xf5\xf0?\xf1y\x7f\x00\x8a\x98TF;<h\
\xce\xdfU\x8e\xabx\xf0\xe5\x00\x1dp\xac\x83\xe4{9\
\x1b\x16)C\xd6\xd7B8t\x97\xff2\x18\xa0\x9cj\
\x02;\xf9\x5c6\x95`\x09a\x0a6\xcf\xdb\x1cC\x9b\
\xfc\x95\x1d\xef{n\xd1\x10\x90)\x1f\x0b\xc7\xab\x19\xf3\
D\xf7pNfX\xbb0g\x82\xba\x1b\xe7\xc3\x95\x02\
\xabtQPe\x06\x03\x19}\xe8o/\x0aHa\xed\
%7\x9d\xb2,\xbf\xd7:\xa7\x99\x1c\x91\xb9\x83\x13u\
o\x1b\xe2\x11J'~\x96I\xa4Eo\x84\xe5.\xce\
\xf7B\x88-M\xc4d.l\x8c\xfdV\xdd\xd2\xf3\xfd\
q\x07pm\xa5\xb8d\xce\xd8\xe9g\x97m\x8aQ\xa3\
\x96F\xc4\x80\x7f\x17\xc6\xac9\x89\xfc=\xa2z\x0eH\
\x0b\xd9\xd0=\x9e\xf8\xc7\xefb[\x91\x18\x86\xca\xf5\x1e\
h\xfb\x0d\xe98!%\xf3\xb8\x0dK+\xe2\xd6o\xf6\
\xd5\xddNW[\xda\x99|:\xaf\x01\x1f\xbeA\xefK\
\xe1;\xd4\xbc\xb8\x1f\xc9U\x93xCe\xd7\x9e\xe3D\
\xa6\x0c\x97W8\x8a\xa2\xe4\x19\xd0\xdc\xd3\xd4j\xfa\x9f\
V\xf6\xb6)\xc6=\xc5\x04\xb3\x82\xbf\x96\xd0\xb8\xfc\x1d\
K\xac=\xb4?C\xa4\xfc;\xc9B\xbbY+\xfa<\
#v\x9d9\xad\xde\x0a\xd4\xe5\xb1\xba\x86\xe1\xe7\xb6'\
\x0c\x89K\xf1\x0c\x15\x96E\xa5\x0e@\xabU\xaa_~\
\xe1g 3\x05q\xbb\xa7\xd3%\x86[J\xa0`i\
\xd7\xb6\xf2w\x1d\x11\x09\xbb\x87H\xc3\xb6Du\x9c)\
\x09\x22\x804\xdfYY\x98\x06\x1f&\xfc\xbe\x1b\xbb\x09\
>\x02u\xc9:\xf5\xea\x999\x94\x18\xa3\xad\xa9\x03\xf9\
\xf6\x85\x03\xdc\x85\xcf\xd3\xad^\xde\x00sa\xf0x]\
g\xc0\xfe|\x22IC\x14H>\xdc\x15\x22\xc9\xcd\xab\
 j\xe0\xd3\xe6\x07y>D\x03v\xb9L\xc2\x0a\xe2\
 \xb9z\xb6C\x0c\x8c\xa2\x97_\x8f,\x8d|1\xdb\
)\xa1cm\x960\xfc\x15\x9b\xc5\x83\xd3\xdd\xd8\xf69\
\xacY\xf2-0\xedj\xfa\xf1P\xdb\x89-\xd8\xe9|\
\xcc\x89 \x10\xa4*r\xae\xc6\x92\xb2\xdd\x04j\xf7A\
\xe4\x91\xea\x84\x85gH\x01K\xbeM/\x17\xb2Z\xbd\
Z1A8<\x9f\x8cn\x8c&\xa12\xdf\xb3\xfe\xc9\
\xe7\x86\x83.\xa9W\x1c@\xf0\x14b\xa7\xe0\xdd\xad\xb1\
M\xb1/V\x8325\xfdQ\xed\x8d]\xb3r\x1c\xfb\
h\xba\xc8\xd9\xc2S_St\xcb\xd1Do\xc4\xb3\xcb\
W\xaa\xacG\xfc\x19\x0a\x8b~VT05\x82>J\
\xec\xe8\x22\xd4\xff\x18\xd9\xa7\xd4\x84\xa8\xa7 \xdd\xb36\
\x18\xb33\xdd\xa6\xbcvG\xb2\x1e\xb0\xbf\xd4q\xcd<\
/K1\xa6\xd5a%\x03q1;I\xbcR\x83\xeb\
\xd5\xf3\x9c\x9f\xe4Z\xcd;\xc7\xe0;/v\x10\x87\xd9\
qBh%v\xbe\x06e\xc0\xd8\xb0^5\xdf\xfb\xb7\
\xc3\xfe\xf0\xbf\x9cX\xc8\xb5\x07\x18#t\xb9\x92\xe8\xc3\
\x05j\xaa\x90\x9fQ0\x1b\xd8\x94_E08n\xec\
\xa6X\xa2A\x8dQ\x85G\xa4\x09Y\xeb-x\x18\xce\
\xa0\x98yK\xf1eJaP\xce\x1a\xff\x81\x9a\xab\x1a\
\x95\xb6\xe5A\xb5\xda\x82\xaa\xd0I9'F8\xc3'\
\x16+\xb9%\xbe\x10\x92\xa5JO\xee\x83\xc5f%\xc9\
\x1a\xa3\xedC\xee`&\xa5\xc3\x9e\x0f\x0d\x82\xbc\xa4\xcc\
\xbd\xe5O\xac\xa3\x19\x1b\x15\xf65I\x0a\x07\xf9\x84\xfe\
\xf5$gL\x8c\xab7\xa3Y\x99\xa1\xe4\x0b\x0e\xe0 \
\x03\xfc\x9d'\xfc\xbc\xed\x10]Di\xbd\xa0\x1e}\xc8\
D5\xa3\xb4\x1d\x81\xa1\xa4\x1b\xb2\xf7\x11\xde\x96NE\
@\x09\xc2C\xef\xdd\xc6\xa3\xd9eV\xcc\xb1T\xb2\xa5\
\xfb<X1kFJ\x1e\xb5\xb00\x11\xb7q\xbai\
\xb9+8i(\xb4v\xe7\xe8m\xf5\x92\x9f\x1b\x0b\x87\
\xf7\xd7\xa9\xf6\xa1\xddxOL\xa5\xd8\xbe\xa8\x07\xe5\x04\
o\xa3\xbe\xc0\x8f\x87\x18\x0b\xb3\xa9\x1a\xb9\x85&\xaa\x14\
\xcd\xde\xfali@\xad\x84\x22r\xa3\x9bq+\xe3\xd1\
5x\xa5\xd2\xee9etA\x91\xd8z\xdc\xfb\xb8?\
\xdams\xddx\x07\x96\xafK\x1c\xc3\xf0d\x07\xd5\xd1\
\x83\x1eS\xa9\xf8\x1a\xd3\x857O\x0a\x0c\xe5\xec\x8dg\
M\x11\xe9\x13\xd8\x8f\x90\xa5\xf47CM+\xfa:\x8b\
P\xd7\x0a\x1aZ\xe4\x92\xe4\xf8\xe2}\x22$g\xb4&\
\x80#3n\x87\xbd\xdaBN;\xb5\xc9\xca<\x8a\xe7\
\x93\x89\x7f(\xc6\x1fc\xc1\x1dB\xec\xce\xfe\x13>`\
pJ\xf6\x13\x82\xefwn\xa0h\x22\xf4\xec\x18\x8f\xc2\
.>\xff^\x89\x99P\x8bzN/\xb9\x8a\xf3\xa0F\
\x89_7\xcbP\xcc\xdb>\x049\xe9\xe0t\xeb\xa8\xc0\
\x95{\xf0\xda\xf7K\x83/2\x22\x7f\x0b\xaep>C\
\x07\x0f\x9a\xd4\xabU\xbe\xf5\xe2\x84\xce2\xba\xf4\xc4~\
*sn/?-\xd8\xba\xa8`\x1a\x91\x02\x9f\xdc\xb2\
\x00F\xf7\xaf\xc7\x9e\xc4G9\xce\xf2 ]\xfb\x82g\
\xc9B?\x84\x8e\x10\x0f\x97\xda\x8d3\x91\x9aZ\xab\xed\
h\xee\x01N\xfd\xd6\x8a\x96\xb4\xed\xe7\xe3\x7f\xa0\xa1\xe3\
\x1c\x5c\xc7\xab\x0a\xef\xb3\x02\xec\x94\xe2\x0d\x1ad\xea\x16\
\xae\xc7\x06\x7f\xc2\xaaG\x03\x9d6\x92T*\xe9\x1f5\
\x0d\xa0s\x02\xdaO\x9a$\x0b\x8e}\xef7B\x86z\
\x8a$\x7f\x8fDN\xb0.C\xe1\xcc\x0d\x91\xee\xd7\xe1\
?\xd51\xbdEG\xc5a>\xb7}\xe2\x15\xcf\xff5\
\x1f\xfd\x14\xacI\xdb\xfaH\xf1\xa1\xf9\xe0\x0f\x95\xcd\xe1\
8\xad\xbc\x07\xfc\x18i\x84\x8a\x18\xed\xf6\xb5?p\xd8\
\x90\x8bZ.\xa4\xee\xe7\xa2\x8b\xf1z>M\xf9\xa0\xa5\
\xb5H\x10L\xb2v\xae\x08\xd3 \x98.\x8d+\x9d\x19\
\x14-\xdc\xe9\x8d[a\xd3\xa8U;\x0d\x10\x1b\xa3\x11\
\xa3\x1f\x97dJf\xfdo\x9f\x88\xb1\xf6\x10U\xcc%\
\xbc9\xd7\xd0\x07$\x94Z\x12\xfa\x8a*\x14\x83\x86\xd0\
\x07D~\xb1\x7f)jG{tj\x22\xcb\x90\x01G\
\xbe7t\xee\x01\xcd\xa9\xde\x18\xa6\xee\x02\xc7?W\xe3\
\x9d\xfb\x05\x90-\xd2\xcb\xe5\x9e\x89\x0d\xebL\xfa\x93\xba\
\xc2\xd3v\x88\x16\xb5\xc1\xfb\x8a\x9d\x1e\xa9\xed\x04u\xb9\
\x02j\xf0Jx\xffFD\x18\xf4\x1eI\x8c\xc8\xd5\xf4\
\xb3\x97uY\xb3jA~\x09\xa9\xf4ErI\x9aD\
f>~k\xa0\xabe\x96w(Q\x8f\xa2\x02\x1d\x9d\
\x00\xf2B\xe6\xce\xb0\xa6B\xd6\xac\xd88a\xa7u\x89\
xD\x88\xacN\xa0\xfe3\x96%O\xe6+\xe0\xb5M\
o@\x99\x07^\xdd\x8cd\x03L2\xc7\xee\xdf\xb0R\
\x9b`f\xc1\xf8\xae\xfa\x22h\xcc\xef\xf9u\x89P\x8b\
\x04\xd6\xfb\x93\xa1 qN\xc2\x18\x80\xa9/\x19(\x92\
\xfd&\xd9\xd0\x88\xfb\xffY\xd6\xa4\xbf\xe6*[A\x0f\
\xee\xac\x10\xeb/\xaa975\xa5\xe8!-\xeeU\x7f\
_\xc3\xf3s\xf1\xbf\x0bb\xfd\xa9B\x98\xb6\xa7\xefW\
j\xf0X\xa1\xb5\x0d\xd4 \xaf`\x80q\xc5\xb2\x8c\x1b\
\xf9\xd3\xde\x036\x07~\xa6\xa3t\x9a\x06\xa3}\x18m\
\xf1L&\xd6\xfa\xac\x06\xd6\xbc.\x96!\x98?i\xc9\
\xc7\xda\x94\x10\xff\x0d\xa0`\x8d;:gCg\xa9V\
\xec\x14\xa4\xa8\x92\x8a\xfb\xa9\xb3\xbf\x80\x80\x80\xe7\xf0\xe8\
\x03\xf8n7\xf0\xe8\xeb\xf8t\xbf\x9f\xc3\x7f\xbf\x86\xed\
\xff\x07F\xffa\xd36?\x86\xf8\x7f\x0d\xbd\xfe\x1d\x13\
\x7f\x0e\x93@\xe7\x96y\xa0\xb0\xee\xae]\xde}\xe0\x02\
\xa7\xafM\xfe$V\xda\x01\x8f\xb9\xda\xd6\xf0\xf4R\x10\
6\xc2\xc9\xf0\xa43C\xc9\x0f1+dVm\xa2\x88\
E\x91\xc2\xe8\x9dCV\xa1w\xfc}WL\xda\xc7\xf8\
\x0d\x9e$].\xb0\xb1=\x07\xe0\xee\xd2T>l\x0d\
\xa9\x86\xa9.\xe9W\xd9\x1arsV\xffB\x10}\x0f\
\xae\xe2*\xb8\xc5\x22\xffHN\x8bZDo\x17T%\
\xa3\x04-\x04\x1bJ\xc6\x12;\xd2r\x93\x1c\xef\xadG\
L\xe6\x02\x9d\xfbcvR\x85e)^\x9b\x87\xdf;\
.\xa1\x9f\x88\xc0}\x97\xf9\x86\xcc\xb8\xab\xbb;\xdfv\
\xddV\xb0>\xe0\x11^\x8cUAl\x04z\x00\x97\xb5\
\xaa~u\xf7\xd1\x07T\x16\xb7n\xf4#D\x1c\xe3{\
tk\x17\x8f(\xd2\x15\xadB\xca\x9e\xca\x8e\xa7\xfd\xb8\
\x05~\xabM$p$\xb9\x92>\xbf\xa5\xb1@\xe7t\
\x1b\xc1.\x19m\x03\xb8M\xf0\x7f\xe3\xa0\x1a\x84\xcd\xcd\
\xba\xc4\x09\xb0\xee\x92\xde\xf1\x08\x89BE\xa8\xf2R\xf3\
\xe7\x1c\xfde\x97\x90\x83Z\xc1\xd8\xa9\xa2\xc4\xa5L\xca\
\x1b\xec&\xc9\x0f}\x91\x8d`\x91-\xc1\x81\x95\xe9\xce\
\x14S\x8f3\xd1\x0dr:\xdd<\xa4NN\xe2\xb6\xd9\
\x1d^\x14!\x96\xd2\xfc\x94\xa2\x0bo#\x8d\xb7\x86\x12\
\xbdr\xd2\x1c\x8b\xbd\xe9\x0e\xe3\xe6\xfd\xd8\x15\xce\x0a\x85\
Hr\xf7#\x0b3\xb8\x9edZU\xe1!\x14$*\
\xb3\xb4\xfaz\xe8\xf2\xf0\xb73\xe9 \x16W\xbeLb\
i\x1e\xfc*\x03\xd6DU\xa5\x00\x87\xeb\x01\x9d\x9c)\
A8\xe4\xd3_\xd2\xba@:\x7f\xf9\x16\xf9\x09\xb2\x0e\
f+\x04\x04\xc7k\xb1\x87\x17z\xc3\xf7\xc7%\x0f\xc0\
\xac\xa4n\x83w\x86\xcd1bW\xb12\x0f\xf1i\x00\
h\x07\x00L\x86u\xd5@\x92\x22\x8c\x8b^\x80\xad\xab\
\x14a\x1a\xfa\x10\xef\x07\x16\xb43\xb6\xa4\xebFLV\
\xc9\xf7/\xfc!&o\xc8\x14\x87\xd3\x9b\xb7\x986\xe7\
UO\x04\xf3\x96\x033\xbb\x16\x18'd1\xc0\x9f\xfd\
\x194\xc3+Ei\x02\x1f\xdf5#\x18\xef\x9e\x13\xa0\
\xd2o\x14\xef\xf4[Ei\xe7\x8f\xcd\xc3|\x8d\xb8\xb0\
\xaf\xd7-2\x0b]\xada;%\xa9)\xe2x\xb5H\
+\xbf#\xbco\xc2\x10]\xfd\x15VaT{Z\x91\
\x8f\xcc\xca\xf3_+\xfa'k\xcc3/\xabCw \
e\x8e\x96\xae\x07ag\xf7\xec>E\xfe\x83B\x09\x1b\
x\xb5W\x09I\xbf\xaad\xd79\x07?\xb2\x83D\x0a\
\x0dkU\x80\x83\x0e\xd9\xfa\xfc\xd1\xbf'\xb43n\x7f\
v\x05O\x07\x96\x06ew0\x9d\xa9\xec\x00y\x16 \
\x93r\xa8 ~\xb3-\x87\x03t\x86\x1871\xcf\xb1\
N4\x05Y\xee\xd0s\x06aVo\xfe\x99x{h\
\xea\xd1\x1f\x1f\x8fE\xa6 \xe7\x8f\x08B\xad\x22p1\
\x17\xac\xfa\xc19\xf9\x82\xbd\x88\x9f\xbc\xcbfNqc\
\xf0\x13\x9e\x09p\xcbh\xfe\x0b\xcee;\xdf\x97\x9a\x9e\
\x8f\x8eI\xc0-\xd8\xe1\x87\x1b\x8ar\xcc\xac/\xcc\xfb\
\x1a,\xeeI\x12Z!\xbf\xd2+\x13r\x19P\x92#\
\xe9\x97]zx\xbe\xe9\xd5y\xdc\x96\x965\xef\xb2\xf0\
\xb2`\x89*\x8e\x8dn\x9aTGFcZG\xe6\x11\
V.}\x07i\xde\x95\xd0\xc8\xd8w\x8a\x84\xc5k\x1b\
v%\xfc$n\x12N\xb1>B\xc2\xefrR\xb8\xe8\
\x1ebB\x8d\x1a|\x90(\xab\xc8\xba^i\xd9\xb4\xb1\
\x01Oa\x99Q\xa4QU\xb1\x04\xa73F}<\x81\
\x97\xdd*\x14\xc7F\x9a\xbeN\xd2\x04\x0aZ\xddb\xa5\
\xf2\xfb\x85\x19`hQ\x85W\xf1\xec\x04\xc8\x00\xca\xfa\
b'lph\xc7TXHl\xe4I\x83\x8b\xce\x7f\
\xd7\x92\xd8\xebdZ\xcd6\x825\x1e| \xfa\xf1\xfc\
\x05\x94E\x94X\xb3\xeeo\xc1\x8d.u\x22\xe1[\xe7\
\xd0\x94'\xe6\x87\x90\x07\x07n\x17\x1b\x03'a\xaa;\
\x9f\xd1\xa1\xaa\x1b\xf3<}NU\xacWv\xabn'\
\xe9\x0e\xcd\xc1\xca\x04\xbf\xb0\x93\x8f\x9cE\xdas\xbb\x82\
=\xdf#\xe1\x9a\x9c\xc38DG\x17\xa8/\x0a\x00\x7f\
1\x0a\xae\xef\xbe\xf3\x1c\xf3\xec\xe5\xe3vY\xfb\x9dU\
\xce%\x87\xa8eP\x1e+\x1d\xb4\xc6\x1b\xa2L6\x07\
Vmy\x1aS\x12\x05\x17\xdfHs\x1c7\xabIL\
\xc4Gt\xc9[\xa6\x8c\x08\xbe\xaanf\x92\xbc\x96\x03\
\x8e\xd7\x8f\xe8o\xb3g\x1f(nd\xa5\x1d\xc9\xe6t\
B\x9e\x8a\x8c\xe1\xc4&\xd4\xbf\xaci\x9a\xedS\xcdR\
3\xab\xd9\x91\x8e\xde\xeb5\xee\xef+u\xech\xbe\x8b\
\xf5E\xf4\xae)\xfe\x064ym\xa8\xcc\x94`A$\
v\x15\x03\xc2\x8b\x0f\xef\xff\x14L\x01\xbb\xa2\x0b\x1f\x09\
RT\xca\x1b\xb1\xff\x0eWn\x99\xdc\xe6\xadR\xb0\x00\
/kT\xfc\xee\xbfy\x09<\xfb.R\xd9|\xe3\x04\
\xc9\x03\xe3\x8d\x84u\xf0j\x04t+!?\xb8w\xcf\
Gn0\xb4\xc3\xec\xf7o\xd85a\xf9\xfc\xc1\xd6U\
B\xe2\xb0\xee81\x85\x1e<\xaa\xc9^\xe4u\xdf\x8f\
Z\xb9\xb6\xf1$\xbaD|\x12\x98\x87U\xf7.?Q\
\xf6{\x09\x16c\x0e\x07b~\x1d?)\xcav\xc8\x1f\
\xa7w)\xd9\xc0\x11\x89'\xa7\xac\x10\xc2\xec\xe5\xd6\x0a\
\x03=\xcf\xe2\xe9\x89.\x92\xef\xad\xfa\x84F\xef\x92\xf1\
\xab\x02\xc9\xb7\xcf%u\xa9\x22=U\xbd\xd8\x1f\xe2\xc0\
\x16/\x0fZ\x8e\xa0\xc5\x18\xc2\x85\xeb\xa3\xc6\xf6\x1a9\
H)<)\xa0\x1eW\xa6\x93%V\xf1\x0b\xe0\xcb9\
\xd4\x98\x895*\xdb\xad\xb0\x9bR\xa2n9\xe1\x7f\xb2\
}\x95\x10\x104!S-\x91\xab\xaf\x80\x87\xb3\xe0\xec\
\x9d\xc1q\x9c\xd7\xea\xe2@\x8b\x1c\x17\xc0\xaa\xdd\xeb\xa4\
\xcf&\x9d\x87\x16\xeaA7\xbb\x17F\xea\xe0)\x00\xf1\
oE5n\x07\x9e\xc6\xaf\xb2\x22*\x0d\xbf\xe9\x8d\xb8\
n\xb9\xd3XG\xa2\x09\x0a\xd2\xa9\xef\x9e~q\xea]\
\xa4\xc1\x85jU\x8f\x04X6\xf8\x83\x9bNP\xedS\
\x1b\xbaK\xfe\x91\x90\x17\xd9m\x8f\x9d\xf4Vm\xc6X\
9\xda\x00F+&\xb6\xf7\xfb*\xe5 \xceo\x13/\
Q!D\xfd\xab\x00\xff\x1a\x13\xa5\x05\xaf\x1cC]\xfd\
y\x13R\xe3\xfdt\xcf\x8doM\xa3\xfc\xf0\xd0\xb3\xf2\
\xfa\xc0E\x10\xe3V\x9ed\xcb\x1a\xdaN\x98\x0dmA\
42\x91)\xb2\x17c\xf6\xffnp\xd4\xdc\xa5\xb1b\
B\x9fc\xa35\xcb\x1ba\xf7\x9a\xe4+U\xce\xf90\
\xd2\xf4\x11\x08\xff\x85\x80\xe2d\xcf\xe0\xfc\xbdF~\xde\
\x16h\x88U>cH\xbb5\xa4\xf31\xab!\x96\xa9\
\xa9*\xe1\x0c\xac\x9eQ\xb5\x0c\xd2[\xc1\x10\x07x\xea\
\xd80\xca\xaf\x8c\xd7A\x9bi\x1a\xd5\xdc\x8fAX}\
\xaa[\x9b\x8b:)p a:\xbc\x94\xd0f\xaf\xab\
U8\xb8\x1cO&,G#H{QR\xdc#\x89\
\x01\x0c\xe4;\xe1L9W\xa9\xf6h\x81\xf9\xc6\xe4\x0b\
so\xb9\x88\xcb#R\xd0\xddr\xdbfzC\xc6\x9d\
\x1eE\xc8\xebJR-\xec\x1bXr\x960\xa2\x1e'\
#=\xff$/y\x5c\x1a\x80\xbdW\x04\x06E\x1c\x94\
\xa86\xc7\xd0\xfb`\x0c\xc1J\x1eS\x99y:AS\
\x00\x041k.\x1e\xc2\x85S4\x83\xef\xe9\x9am\x8a\
\xba\xc5L-k\xfa\x8f\xd6\xf8\xe6\xb9M\xe6t\xbb}\
q\xc1\x9d\xd8\xcd\xa4?R\x06|U\xd1\xb1\xa2\xa0\x98\
z\x9cM\xe7\x8b\x0d\xab\xf6\xd2B\xaf~\xe5\xd9\xcc\xd0\
\x13\x06\x92\xc9\x04\xa8\x9dU\x0a]\xb5\xf6\x8c\x95\xba\x1c\
\x02\xd3\x8d\xe7;\xf0\xb4\xfe\xb0\x81c\xe35\xed\xfa\xa8\
\xa6\xee\xbeoKG\xd7\x09\xef\x87\x7f\x0c\xa5\x91\xdcE\
\x0e\xe5G\x0bo\xf2n\x97\xd4q\xc5\xd0`\x81`\x18\
\x17\x10\xf6\xfbp\xc4*\xcd\xad0\x04A3-D\xef\
\xe5j\x8e\xaa\xea\x9f1-\xd7\xd0\xb8\xde\xa9][\x94\
\x09\x89O\xff\x5c\x94\x8dN\x18}\x1e\x94\xd0\xd4\xb1\xbd\
\x14\xe6\x81\x96\xaf\x0eB\xb52\xd2\xa2I\xb7kch\
4N#\x13\xeaE\x9e\x8fZ'?\x9b7\xdbZ\x1c\
?\x03~\x07\x0bN\xf7p\xe3\xfcbw\xe8[J\xe6\
\x0f\x85\x0d9\xdf\xa0\x94S\x80 \xe4\xbcDa\xd6Y\
9\xe4\x14\xa1;^\xb98\x89\xdbH\xfa\xba.C[\
\xfe~\x91,\xd4D\x15\xf0\xe5\xe2\x8c\x87\xe6S{]\
\x81\xc7\xdeHeV\xa8\xfc^\xbe\xe4\x85iT\xf7\xcf\
?8\xf5.\xd2`\xc2\xb5*\xc7\x82,GA!\x87\
\xf6>\xef\xeb\xd8e\x00j\xf0\xde\x1c\x009G\x98\xec\
Ao\xf7\x82\xe0\xce\xa1\x1d\x91\xca]\x04\xb9/\x92\xbf\
C\xfc\x00}&\xfa-Q\xd6nt\x81u\x83\xe6%\
\x13\x90\xa0,\x9c\x96}\x8e\x08q\xdae$\x8c &\
\x01\x8e9\xdd\xb9Bd\xb7\xc6\xb8\x19\xeb\xeb\x81\xbe\xb9\
\xcf\xa6\x02\xf2iC\xcc\x9bt\x1b\xe8\xe0G\x12\xc0f\
e\x22CYn\xa7\xed\xff\x5c\xe1\xa9\xb9Kb\xc4\x85\
>\xc7H\xd9\x85t\x11\xb6><\x0dl\xf4?mA\
%\xb3E)\xed\x81\xabi\x87x\xdd\x11\xb9!LU\
\x0f5q\xc7Y\xcb\xec\x13)\x8b\x81\xc7W\xccH[\
\xde(\xc7\xf8\x9aZx\x9a\x09\x8e]\x16FoxV\
\xb8\x18S1V\x9e\xb7Y)\x9e\xf2\xa3\xa9NLZ\
\xa4;-\x8dX\xa0\x1e,\xb9\x9e9~\x14\xd4\x19\xea\
iS\xef\xc2\xb6;\xd7\xb2\xe0\x5c\x81\xf9hTom\
\x1d\xff\x16\xab\x86gq\xbb\x14\x9d\xfe\x17:\x90\xe5\x85\
\x0d\xc2\xd3\x9fBI\x8e\xf1\xa5\xeb]\xff8S\xc0b\
\xb1Vg3]\x0e\x8c2f_\xfdzF{)\x13\
\x82\xac\x98\xa4:h7\xa9\xabB-w\x05ql<\
\x83\xe2\x846\xf5\x885\x0e\xc9W\x01\x0d\xd4\x16\x0aW\
TG\xb6\xa6\x08Q\xaf~\x0a\xb0\xa3\xe5I\x9fL\xde\
0|L\xe6_?\xa3\xb6\xfel\xb8\xf9\x0a\xad\xe2\x94\
L\xccCt\xac\xff\x1e\x9a\x90q \x9f\xcc\x84a\xf7\
\x94\x93!Zs\xe2\xddSZ\x8c\x19-M`SU\
\xc2a\x1f\x9e\xcex\xf8\x90\xb27YZ\xe7\xcd\x11\xca\
\x17!\xb8\xc7\xe2\xa00 ]2\xa3\x00\x0e.\xde\xa1\
\x15\x9c\xaa\xe8\xf0\xaa\xff0g\xf3_1\xc1\x95\xf9\xe8\
\xca\xa7\x1dn\x89\xba\x22\xf0\xab\xc2\xd18\xac\xa0\x1cm\
\xad}\xb5\xaa*\x8a\xb9N\x5c\x03we\x1c\xa6\x1e\x15\
\xfe\xf8\x99\xd5\xfe\x8c3\x80\x16\x0c}[\xdbL\x9e\x22\
#\xfd\xc3-\xdf\x1e\xd7\xc0\x1f\xbe\xf1\x12:SAW\
\x9b\xbbQ\xb6\xc7\xff4\xcb2+I+\xd0\xcf\x87N\
5\x9a\xear\xb1\xe1\x07\xc6_\xfc\x5c\xcb`\xb791\
\xcdt\x007%\xae\x04\x19\x1f\xbe\xe8\x08@Hk\xdf\
)`\x03\x07n\xc9\xe7y\xddG\x9e\xaaHX\xba\xb4\
S*\xda\x5c\x8b\x7f\xf3\xa1w\x82\xd6\xca\xce\x93\x1eh\
+\xcd\x8a\xa0\x9a\x9f\xba\x9cr\xfaCG\x91\xb3LL\
\xb7\xe4K\xe7\x0f\xcaP\x0b\x0d_r\xec\xb7|\x14N\
\x8e\x1e\x11\xd7\xbc\xab\xcd\x96\xa2x\x94*y\x9f\xc1\xe5\
\x5c\xbf\xfag\x96\xef&\xf1;\x17H :\x13\xcb\xf1\
\x91\xf1\xd7\xf0\xd3=x5\x98\x0a\xb3\x0f\x8b:\x94\xc0\
V\x1eH\xbd\xa0G\x86\xf4P\xefuzo2\x85\x13\
hu\x13\xcc\xf1\x9c\xa7\xfc\x5c\xadF0\x08\xe57/\
\x17\x049VH\xf9\xce\x04e8k\xcc\x8f/\x9c\xf6\
\xddy\xcf\x03\x1f\xcc\xea\x8a\x98\xa6\xc1$\x96\xa1*D\
\x12\xf2\xb5\xbec3*\x00<V\xc1\xe7U\xf3iv\
\xe9\xcb\xf8\xb2\x99\xc3\x90\xb0*\xa6I\x9a\x98\x06\x06\xb8\
u\xad\xd9\x14\x89\x88\xed:\xbe\xa9\x1d=\x01\x0f\x8e\xea\
\xbc\x1d8\xc5\x85\xf3\xff)\xde\xc6+\x00\xe1\xfc\x08\xc1\
7HIH\x93\xb6\x05w\x09\x8c\xf8u\x80\x12\xf1\xbb\
\x1b\xd7\xec}\x08\x17\xbe`\x10\xc0S\x9f?o\xea\xc7\
.\x0emV\xe8\x9c\x92\xec\xc1Gb\x81\x22\x07\x89\xff\
a%G\x08\x8a :\xd5>\x1f\x9e\x0ad\x02\xaay\
\xef\x04\xe4\x9fg\x0c'\xa75z\xd1\x81P'\xfe\xc8\
\x8f\xc0z\xf4F\xecE3\x1f\x1d\xe2C\xce\xbbeK\
\xe4M|v%0)Qg}\x9e\xa3\xd8\xbf_\x07\
NM\xb0~m\x8e5\x95\xa8\x1f\x12b\x02\x18%7\
\x92\x87\xda\xd6l\xfdr\x0b\xa7)\xc2\xa0/\xb0\xf6\xfc\
t@w\xcb\x0dF\x8f\xda\x1aL\x08h\x13\x9a\xcfY\
\xbe\x17\xcfY\x05\xa5\xbf\x9dH\xb2\x15\xfa\xdbk\xec\x17\
\xd9\xe8n\xaaX\xad\xc1\x8c\xa3Q\xfb\xf9\x95\xe6/\xb3\
\x19\xe8\xfc\x94\x0cr\xcf\xac\x93n\xa5<\xeb\xe5\xf5\xa9\
\xc3\xfc\xdd\xd7hq\x87@+\xd85\x9cBL!\x10\
\xcf\xcd\xb0\xb5l\xd5\xe8\xfcS\x02$\xae\xde\x9e\xf7\xa4\
\xc9\xd0\xeb\x08\xd31\x8b\x1c\xfa\x04\xe6\xd0I\xe7\xcb\x22\
\xca\xb4n$\xbb_mn\xaf3q\x82\x8a\xed`\xb5\
\x98\xe8\xa1\x89\x0a;vbe\x1c\x18V\xa5\xcb\xb2\xeb\
\x0c\x09\x14\xb0J(\x9e\x0d\xbf\x86\x07\x80 \x8b`S\
\x11\xd9\xf4\xf9q\x06.\x922\xf2\x80\xdcL\x07\xcf\xcc\
\xc8an\x0b\x82]&\x0a\xf8^\xa0\x7f\xcb\xb4x\xdf\
\x9aR\xa3\x7f{\x05\xad\xe7ck\x8a\xb8\xa5k;\xbd\
\xce\xdcg\xe6!\xad5\xed\xaf\x9b5\x9f\x14{\x95o\
\xe7\xd2\xdf\xfd\x11Ji \xef]\xa5\xf5\xb4[%\xd2\
m\xb8\x09\xcb\x96\xc6\xce\xc1Q]\x15\x13\x08\xae\xc6\xe7\
\x81%\x09\x5cg8> V\x9eu\xfd\x8f\xa76\xd3\
\xd2\xd9\xfd\xf4\x06\xd30\x9a\xb0&\x18A\xa4\x13(a\
0\x80\xfc\x9f\x07n\xeec\x84c\xea\x0e~\x1c\xc4\xb9\
\xe9Q\x9b])\xba%a\x99\x8f\x95\xcb\xaax3Y\
\x0f\xe3\xeep-k\xd3\xd4f\xc4[\xbcU}u\x17\
\xe0\xfc\x01/\xafg\xd1\xf7\x97\x86\xd3\x84\xbd8\x97\x1c\
\xe5\x87\xccW\x1f\xf0P\xca\x87\x7f\xe59\x0f\xbc\xd7\x82\
/z/\xae\x9a^\xf9\xd0(,:\x22\x95X\xe6\xd1\
\xf7<\x95\xcbd\x8f\x90\x01<\x96\xb8\x09\x16\x9aR\x86\
\x0e\x8clL\x95\x8e\x04\xfc\xa1^>\xd2\x91Z\xa8\x06\
\xf9o\xd7l\xaa\xa4C\xe3]\xa8H\xce\xd7(\x83\xaf\
P\x89 \x80\x01l\x8a\x1f\xb5\x07\x1f\x1ed&\xbd\xe3\
lmr\xa4\x11\x81\x87iX;\xf4\xa6\xc6fKh\
\x03e@\x1a\x929\xf1\xb2L<\x18\x0d,g\xd6\x10\
\x02u\xbe\xeeX\xde2\x83\xd7\xf0\xd87\x95\xa6\xc9\xa7\
2\xa8\x13\xb6/\x0c\xdf\xc6{\xde\xafL\xf68\xd8\x14\
\xa8\x12T\x16\xff\x0b\x1at\x1cQ\xa0D\x8ddc\xed\
\x0d\x83\xdb\x9d\x01\x823\xee\xe8\xaf\x22n\x88\xbb\xcf\x5c\
q\x96\x0c/\xe83\xe6\xbc\xe28rFX\xd9\xa6 \
E\x85\x9a\x17Ad\xfa.\xa2\xff@\x84\x98\xc9.\xff\
0.\xb5<\xa2\x848h\xe7\xb4\xaaYl8y\xf8\
\xfd\x11\x96O?\x8a\x8c\x89\x22^\xb4e\xadO=U\
\x8bd\x05\x19\xa47\xec\xfc\xe4\xe0\xe0\xae\xb6\x1bp\xa2\
$\xd1\x85\x99\xbb\xa6\x8e\xe8\xc6\xb6:5\xf0(\x0a0\
\xb7a\xcff\xc8x'K\x80\xb8,\xd2\xd3\x93Z(\
\xda?\xf5\xac\x8d\xba\xd2\xd4\xe27\xd3\x81_\xfd\xc7\xac\
\x86\xeb\xda\xcb7\x9c\xc6\xae\x8e\xbe=\x1c\xea&a\xee\
7\xc5F\xe8~\xc1\x9c\xca\xd9\xe6r\x197\x13\xf3\x1a\
\x7f\xcd\xa3X\x95\x1ct\x03\xa8\xabWf\xea.~x\
\x18\x18\xd6\xd6kM/\xa5\xf7l\x06\xbc{sOJ\
\x5c'}\x80G\x0bp\x5c_\xa9\xd7\xc3+\x8b\xc2\x94\
d\xd6W\x86\xa0\xf9\xe8?4lBD\x1a{\xe0S\
\x0d\x9e\xcd\xbc\x95a\x9d\xf9\xda\x19\xcc\xa7\xd3\xbbe\xb4\
j\xe0l0\xd5\xac\x22\x01\xb1\x07D\x88\xb9IHS\
\x88sA\x9e$i\xd8{\xae\xa3\x80\x89P\x84x\xef\
<\xde\x03\x9f(\xb7\x17\x8d3?u\x84.\xbct\x99\
\x1f@\xfek\xf6<%\x13\x08\x1b\xfc\xaa\x15\xf66;\
f\xf9j\xb2\xa3\xfd\x00\xc5\xabB\xafp\x18/\xc4\xc1\
)\xd6\xb6i.O\xaf\xbbf\xa5Y_ny\x8e\xa9\
\xfe\xf2\xc6\xf0\xe5\xe0s\xfa\x03\xb9\xd2\x88\xe6]\x8f\x04\
z\x1d\xb1&\x8at\xba\xa3-\x8a.\x15L\x8as\xb4\
\xfc\xab\x94\xf4_\xd4\x1c\x96w\xf2\x12\xf2\x13\x88\x14q\
\x95\xad=\xf4\xea<uE\x18,\xb37E\xd1\x0f\x9d\
F9\x1d\xe4,\x16\xc8\xa0\x83\x22)\x81\xfe\xb4\xea\xbe\
\xb2\xd6\xe4\xd1\x81\x05\xbd\xbd\x0f\xeb.\x96\x98&\xe0T\
\xb7\xe4\xfd\xa7!\xb7\xc0\xbe\x0d\xd86\xbc\x902,\xee\
v\x0d\x11\x92\xf5h\x00\xb8e\x0cnC=D\x0e\xa8\
\xafz}t\x98\xf2\xc7b\xfc\x8f\xbfa\x93~\xf3\x06\
\xa9\x83\x9e\x82\xe0a\xd2\x99q\xed\xbc\xac\xde\xec\xbb\xcc\
\xa47K\xaf\xb6\x9bR\x0e?#?\xc0&`\xcat\
3\x11\x14\x96\x22K\xcbR\xb85\xf3L\xd4\xc0\xc14\
\x05\xd3\x18\xd4\x0b\x98U\x01\xbdNV\xb9\xe77=\xfa\
\xe4\xcd2 \x82`\x0d\xe4\x01\xd82p\x80]\xdbv\
\x01#4\xbf\xcf\xc8a|p\x1d\xc8]\xb6]=\xaa\
\x8d\x22\xc8\xe9W\xc4\x913\xe5\x16\x87M\x86\xa0\xe7k\
\x97\xafX\xc8\xb6D\xdd\x11w\x9e\xb6\xdf\x95\xdez\xf9\
\xc6;\xdd\xed`HW\xc8%\x99I\xaam\x05J\xcb\
\xcbd\x1aO \xdd\xfc\xe58TO*\x85R\x9f\xe2\
\xe5\xaf\xe6>\xb1\xd7o\x17\x09\x8bw\xe6xS\xb4\x8d\
\x84QS\xcf{\xa0\x84$P\x86\x11'\xcb'\x9c.\
;5\xe14\xf0\x95\x10#\x92z\xdc2\xb2\x17\xaa\xa0\
\x04q2'\x84J)il\xb3\x90^\xdf\x0b?P\
+C\x1b`}\xb8\xd6\xdc\x91\xc8\xc1s?\xcfnv\
Dm\x8b!|%HiX\x9f\xe6!H\x0c\xc9\x8e\
\xd6\xe7qN\x0a\x97ER\xb9\xf4U#\xcf\x97\xa9\xdb\
\xcd\x93Q\x99\x81cc\x88\xfb\x98\xab6pH\x22\x18\
a\x06\x10hy\xd4[\xcb\xe4\x9e\xf11\x07(\x0c\x0e\
\xc2l\xa6L\xebK\xe4$=\xbc\x22\x16#\xb1W6\
\x1b\x14\xea\xa7\xa5.\x13\xbe\xc0#\x85\xb8./\xd4\xeb\
\xe1\x95\xc5\xe1J2k,\x7f\xe1\xdf+\x04\xe5\x1a\xe4\
*\x93\x19\x00D\xb7>\x0ar;b\x0c\xd8\xa6\xd8h\
\xe0|\x186\xe1#\xc2[\xfc!R_\x8b\xdc\xfe\xa1\
s\x19\x92]P\xcc\x97x\xba\xd9\x8b;\x01I\xf2\xca\
\x10\xf1&\x89\xeb\xafQ\x02\xa2\xa4D\x9epF\xe8l\
w*\x9au\xfb\xa3|\xd0\xb8\x92\xbfF\xf9\x0e\x0a,\
\xa2\x9c\xf0\x16\xbe~\x82\xc0\xdd\xeb4\xc1\xe4/)\xd8\
\xf9+\x8eSpW\x17\x0c-\x1aw\x03\xbdk\xb2\xf7\
\xd4\xce\xf1\x05\xb8\xb5\xfa\xbb\xd1{%K\xc9y\xf4l\
s\x9a\x04s\x95$\x13\xae1\xc5*\x9c\xa7\xc1\x0f\x5c\
dd\xeeEH\x97ea\xb1\xf3\x0dY\xbe9\x08\x8d\
\xdc\x9d\xfa\xf8S\xbb\xf2\x04N&h\x01tmK;\
@\xb4\x7f\xd0,$8|\xe4\xac\x5cZ\x05\x8e7\x0d\
3\x05\x86zts4%\x15)#\xa7:\x06\x06r\
\xe6/3c~\xbe\x15\x084\x92x>D_\xaf\xe3\
\xfe-bE~\x00\xa0\xb78\xfe\xcd\xe6\xdbl\x82r\
\xf1\x91\x174\x9a<N\x91\xa5S\xd5s\xee\x1acL\
\x0e\x0c\x93\xda\xd5\x88\xc5\xaf\x09y-\xe3\x84:\x95*\
>\x98M5}I\x9a\x9c\xb5'\xed]IWD\xeb\
\x07\x80\xe9o\x86\x99$E\x9c\x85x\x9d\x05\xa5=\xe8\
\xa8\xb7\xd6 $k\xf4\x8d\x18d n\x06\x1aB7\
8\x1bM8\xaf\x03\xfd\x13\x22Y\xc6`\xd5\x88v\xa5\
\xd8\xf0\xce\x87\xad\x1bd\xd3\xb3o\xda\xf1\xfbM\x85\xfe\
\x9a\x80\xe05T\x0a\xdd\xc5d\xfe\x8e\x90iO\x09\xa9\
\xe9\xd3\x22\xdc,\xe5\x11\xdf\xa5\xd1\xf5S\x9fC\x80@\
w\xa1\xdcj\xc1 .\xfc\x86\x9d\x08\xef[t\xa2\xa4\
\x17\xcf\xe0hu)W[\xa9\xae#\xe3\x81/\xdd\x17\
\x12\xa3NR\x04]\xe7z\xbb\xa8\xbfM*q\xb2\xc9\
k0\xc7\x96\x229\x10\xc0\x07\xe8\x9c\xc7\x0f\xd3Gf\
\xab\xea\xf2\x0c\xbf\xe0V.\x19\xcc\xba\xa3;\xb9\xcc\xb4\
N\xdb\xf2\xa3dslG\xf0\xad\xd6T\x99{\x01/\
\x88\x9e\xc0K\xfa\xfd\xc6\xff\x7f\xf2\xc9\xba\xc5XO\x9d\
\x05Oml0\xa6\x07\xc0\xf5\x8c\xb63o\xac\xb0\x1b\
;\xc5X\xa3WKO\x5c\xdfSY6\xee\x01\x86\x96\
\x16\x81-\xe4P\x1ak\xbeS_\xb06Soi\x06\
\x81\x12e\xbb\xc6M\xbd\xdb\x0f\xb9K p`\xe2\x81\
\x0e\xb0\xf2\xfeJ)?\xeb\xe7\xec\x9e\x98n\xfe0\x80\
\xd0\x90i\x8fp\x86aIH\xa0\x80w\xf1)-\x0f\
I\xba\x1ei\xe0\xc7x\x01\xbbQ\xa7\xd2\xb6\xf3G\x99\
bxK\x8a\xc9\xe9\xe6\x18\x1b\xd3\xe2\xbf\xb5]\xc4\xfc\
H\xa3\x05\xf1-\x17o&\xb8\x87X\x8b\x84F\xeed\
\xd6\x15\xd9MBm{~\x5csR=\xe0L\x1c\x0c\
\xd7\xfd>O\x95\x5c\x8bbq\xf5 \xc7!\xaax|\
3xW2\x07CG\xb1`\x91M*_\xa5\x02\xd4\
\xc4\xedu\xe2w\xe0\xbcL\xa2\xdd\x9eoJ\x903\x1b\
KS^\xd4\xd6\x12\x1d\xdb\xf8\x9b\xe0\xc8\xbd[d\x9f\
\x87\xef\xbc\xe5\xd9\xa6:\xf0\x8cS*6SH\xa4o\
\xd5\x99b\xbeo\x5c\xd1~N\x83\x15\xf7)9\xc8v\
\xa0\xf5\xc9\xf8\xe2\x11N\x08fM\x0d\x9b\xfaW\xb3\x8a\
\xd4I\xba\xd8.\x98\xa5N\x073i2\xf2\xa3\xed\x99\
\x16\x8a\xb7:\xb3\xe9Z\x044\xae\x90-'\xdc\xaa\xa4\
\x02\xb1wc2\xd6B\xf4\xd6v\xf1\x95\xd0\x00\x9b[\
\xeb\xc3u\xd3\x054\xcdU\x81\x01Z\xdc\xf2\xcc\xcb\x08\
\xed\xc5\x00\x1bKe\xa6\xb2\xcb\xeb\xeb\x81#\x93p\xa5\
\xd1\xbb,KL V?\x17\xbd[Fcy5d\
\x03\xbe\xaa\xa9\xffA\xcf./8\x19\xef\x19\xe1\x0e.\
b6QGj\xfas\xd8F\xd2^\xe8\xa8\xe4\x01\xbe\
c\x87\xe9\xa7l\x01\x0f\xd8\x0dc\x02\x1b\xa3\x9a\x0e\x82\
x*\x98\xc0f\x0d\xf4\xd4t/\x05\x01r\x82\x00\xab\
\xbe]A\x1e~\x11\xc8\xbe\xa8\xcd\xcc\xff6\xd66H\
\xb5n\xd5\xeb\xf83\xb8\xff\x1aC\xee+\xab\xd1\x0f=\
\x15\x85Y^y\xfc?\x97<\xadT\xb1\xb1c\x16\xf4\
\xbc#\xbb\xb1\xfa\x9f\x8e\xe6\xf4\x1f\xaf\xf0P\xce\x15\xc4\
O\xb1Q\xd6~\x90\xadf' \xd3K4\x91h*\
\xdao\xf3\xf2PIb\x88\x1e\x81\xcc\xafjgUN\
+\x94\xa9q\xd3\x85\xa8.\x82\x8d=_G'\x5c\x93\
\xb45Q\x04\x8e\xbf\xb2B\xcfi\xf6\xdeS\xd8\x0b\xa8\
\xb1\x85\x9c\x1a\xca,\x93)\x8fr\x9eT,\x94d\xf3\
e\x8d!\xb7\x94\xc8)\xea\xd8\x86\xc1[\x13\x85\xb5}\
\x0b\xe0T6'\x1fSM\x98-\xb2x_\x7f\x9c\xb5\
E&j\xd2\xb5I]6\xe9\xc3(H!@r\xf6\
\x8cW`6\xf5\xe3F\xb1p\x9f\xe09\xe2\xb4:\xc2\
\x9d\xdaW\x0e\xb43\xd9Qg\xfac\xd8\xf1\x8f~k\
\xecgP)\xc2\x81w-\xdc\xfd\xec\xe5\x89\x08\x9f\x0e\
\xb9\xbf\xa5\x93QJ\x9akf\x95\x15\x17%\xda\xd6\xa1\
{\x82\xd9\x22\x0a-\xecm\xcc\xd6\xad\x89\x98&\x1c\xcb\
\xef\x8e\x1dJq\x1b\xe4{,.7\xd8\x07Ck\x86\
\xf5T!\xc9\x9b\xaf.\xce/]x\x18\xd3X\xc3b\
o\xcaOS\xbe\x0c\xf1K\xf0\xfdL\x90YM>4\
a\x92\xea\xa2\xa5c\xe0d\xfa\xa65<\x99E\xe7W\
A\x1e(\x5c\xf7\x10\x8dV\xdd\x7fg\x0a\xdf\x96&\xe3\
\x7f\xcf\x9ae(\xd0Z_n\x99\xbb\xf7\xb5,|\xde\
\xad4]\x13p]\xe0\x0a\x0f\xbe\xbf\x8c\x16\xf5\x135\
#\xf1\xb2\x99\xfb\xf8O\xda$\x9f\x97d\x89\x90\xdd\xd4\
\xb1\x16\xc9\x16|\xf3\xdaW\xe9\x00\xed\x03\x9b\x08\xac,\
\x9e\xfa\x11\xc1\x88\xe7\xd9d.\xe7\x80\xb7+3t\xff\
)\x83\xc0\x16I\xd6\xf3\x99\xdf\x0f\x19\x87\x8d\xbe\xb2\xda\
\x81\x5c\xf0@\xe2x(\xe7\xd9\xbfj\x18\xbc6\x9b\xe8\
w=\xa9\xed\xfd\xe1WS\xd5\xb4\xf6b@\x9bCz\
P\x11\x04%\xe1\xd4\x9c\x01\xa2z9\xd2\xb5\xaa\xf0&\
6N\x0b?\xd6z\xbb,7\x9fJ*\xdc\xfdM\xf0\
d\x87\x18\xe3\xd7\x1a\xc4\xb2\xda\x03\xf9\x22\x85W>\x85\
\x7f\x09\x14m\x82\x9f\xb9'N\x0fT\xbap\xe70\xfb\
f\x99\xf7q\x15?\x15\x1f\xc6\xbcY\x7f\x86\x1f\xe0E\
\x11\x9d\x11\x1e\x9cy\x03\x0f\xec\xa9\x96\x19\x9c\xc1$\x85\
\xea\xae=\x8f\xb4\xb1\xf4\xfa`*l\x15&\xfa\xd6R\
A3,\x17\xd2\x7fvn\xdc8\x9fP\xb4\x1d`\x1f\
\xd5\x1c\xc7\x5c[\x1d`\xe2\xe8{]\xba\x04\x19JK\
\x85\xf8\x81\xf1\xa5\x80\xe2BMxT\x04\x83\xc0,\xe6\
S\x1f$\x81W\xcd\xc4M<\x01m\x06\xc7O\xdf\xd0\
9\xf4(\xd3\xad\xb1Y \x80T\xf4\xf3\xa2\x83s\xde\
J\x9e\xeesB'\xbc\x92\xc1\x88\xf4\xba\x9eVL\x0e\
\xfe\x1dy_LC7w\xe1\x19E\xe0\x95\xe3\x8d\xfb\
D\x9d\xfa\xfcc\xb0\x05>o9,\xd0\x80V[\xbd\
\xc8;\xb1F\xd0\xd7o\xf7U\x11\xb9\x94\xea\xe4L@\
V\xa8=sF\x96\xf7\x041\x1fU\xfdn\x8a\xeb]\
\x97\xf1\xe6\x1eB\x05I\x04\x92H\xb6-Q\xc6\x9d\xe7\
\xbb\x89\xcaR\x83\x1f|\x16Y\xe7\xb9\xc5\xb3\x85\xbc\x03\
\xc0\x0a\xdfu\xd2-?\xd8\x01:R\xc7A\xc8\x80\xa7\
\xb7n\x06\xee\xd3}^\xf6\x0e\xff\x04C\xa1\xe9\xa9t\
F\x0f\xe73\x8b\x5c\x15\xb4\xde3\xa1l\xe0%\x03+\
\xae\xd7\x14]\xc0o\x91\x90P\x8a\xe4m7\xfe#(\
1T?\xfb7\x92\xe5o\xdc\xcc\xe5\xad\x02\xb2\x1c\xe4\
\x90\x17\xdf\x96\x18\x8e\xcd\xb2kz\x15\xad\xf5\x05\x8a\x82\
\xde\x1b$=\xbd\x9dx4\xe4S\x861m)\xb2\x92\
\xbb\xb5\xc1\xfb\x0a\xe29\x1b4\xc6\x1fH\x8f\xaf,0\
<\x9aP\xec\x01\xc8\x80\x83\xb5\xf5\xee\x80k6<6\
PK\xb8\x05e\x99\xab\x92p\xc8@\xdc\x1a\xa5\x1f\xff\
u(\xb7\xfe$\x01\xb96\x83\xea:\xa9\xa5\x86\x8d\xb0\
\xe5C\xd4\xe7\xe0\x94J\x156\xe4\xbe.\xef:\xa1\x9a\
\x8cKr\x9a&\x1b\xcf\xfdW\x01\xec\x8e\x82\xaf\xdc\xdd\
\xa6\x98\xb8\xe5\x85\xdcK\xfe\x137\x95[\x98i\xba\xa6\
K\x03\x1f\xdb\x09\x9eoIZ\xb1\xf6F\xc8t\x0f\xa3\
\xb6\xc6\xca+C\x80>\x97X\xb7F\x98>\xf7:>\
\xfc\x84\x80f@9\xfa\x97\x91\x82Uab\x11\xbf2\
:\x00@\xafF\x14\xc5\xbe\xfc\xe8]\xcb\x1a\xe7\xbb\xad\
\xeb\xa9\x04\xdaL\x8e\xf1\x8fj\xcf.\x05kz\xf08\
\x11\xabC\xc7]\x18\xca\xb2\xach8\xd0/\xf8\xc0\x07\
`\xb2\xbf\xf9\x0a\xe3,\x84 \xb3K\x1a<\x88,\xac\
\x04\xbcW\x0b\x9dn\x16\xb05\x9b\xf7L\xe6\xdc\xa6}\
\xdd\x0bU\x05G\xf1\xaf\x16_\x80\x80\x80\xf1\xfd\xa2?\
\xb7e#\xf6\xee\x9f\xf6\xed/\xed\xd5O\xf6\xdb\x7f\xb7\
g?\xdb\xba_\xb7K?m\xaf\xfbio\xda\xf1\xfb\
j\xee0'\xfd\xbb!\xc3\xe18\xfd\xbb\x81\xfbv\x93\
\xf6\xeb/\xfbm\xdf\xdb\xb2\xbf\xed\xdb?\xdb\xa7\x9f\xb6\
\xd0\xfd\xb4\x7f\xedp\xfd\xb5\x8f\x14>\x12\xff7Zc\
\xf6\xec\xe5\xfbu\xef\xf6\xe9\xa6\xfd\xb6\x1f\xed\xd6\x7f\xf8\
l\xd5\xf6\xe8w\xed\xaf?m\x07}\xadW\xdbO\x80\
\xf8\x04\xbb'\x02\x07\xbdeh\xe1V\xd4\x0c\x12\xa8\x8d\
\x7f\xf23,$<s\xea\x8b\xce\xcc\x96-\xa2+*\
\xec\x91\xebs\xdc\xb4\x83\xb6\x16\x08.\xab\xeaEk\xab\
&\xce\xea3\xf1z\xbf\xfb\x85<e\x19\x1c\xa5 v\
\x1f\x8f\xd08\xb3\xcf\xa9}\xe1\xd5&\xea\xe2\xd2\xd7\xf6\
\x07\xd0\xcc}t\xfbn=\x8c\x84\xbaL\x8f\xa1\x02\xc1\
\x7f\xc2\xaf?\x80\xde0r\xa8o\xa0B\x9dX\xf8|\
364\xab=\xaec\x92\x0f\xa2\x15\xad\xb7|\x06G\
\xda\xf0<r\x05iL\x13\x14\x88\x9d\xef\x9cC;\xe3\
\x82\xfbe\x00\xabNn\x8a\xc5u\x9a\xbc_iJQ\
%\xc3^\xa4\xda\xae\x87\x14\xb1\x85w{\xd6+\xc1s\
\xb1\x93\xc8\xb1\x026LV;VC\xb7S\xb6k\xd8\
X>\xda\xdb\xd8\xfek\xf3\x0el\xd8\xd4\xa6\xdc\xe2\xda\
m\x97\xc1\xf1\xab\xb1\xb5\x01\x90\xd7\x1f\xda\x0f\xf7.\x91\
\xdc-?B\x8d\x17\xa7E\xcf\xfa\x07\xb8yX\xb9\x9a\
q\xb1\xec\x03,m\xe0\xe9\x00/t\x80\x9e\xe3\xd1u\
\x11]2\x9cY\x82\x9b6\xb2\x92\x9a\xbc\xb1}\xde.\
)\xb5U\x89W |\xe7\xfd\x8a\x99\xfe7_%\xf2\
\x8bZ\xe0\x98\xa5\x22l\xcd\xab\x82W\xc4\xea\xf3\x8a\x9a\
\x1c\xa4h/\x8e\x00\x9fP\x89\xf6\xdb*j\x1b\xd8|\
\x1b\x9e$\x05\x1b\xa8\xe5\x22\xd8\xceq\x8d,1sE\
*\x9d\x5c\xd6UlA\xb6uUk\xad\x7fW\x8c]\
\xc0\x19\xb2,\xda\xa1\xaf\x09\x1c\x8d\xfb\xdc\x07!\xf0\x0d\
\xda\xb0x\x85\xfd\xc0\x8b\xfd\x84i\x13\x03\x9e\xce\x12R\
\x01\xe8N\xc4\xf8\x93\xf1\x01'\x97\xad\xcc*3\x83\xeb\
\xdb\xde\x83\xc4\x17\xcb\xb0\xaa\x1c+\x89q\xca\xcc\xf3\xba\
\xf5>\xff\x1c\xbf\x11\x93H*\xfb\xb6G\x0e:\xb6_\
\xa7\xa5\xd2\xfe\xa2\xab%v\x7fq\xc6\xd2\x1f\x9fP\x18\
\xcad\x94zK&\xb1\xea\xf1\x82\xad\x9e\xad\x9a7X\
~\xf4\xa2\xf4\x864\xbdA\x19h\xc6\x18\x0c\xf2\x9c\xe5\
\x9d\xdc\xe3\xb5\xe2\xd6\xd5\xfe{\xc7\x03\xb7\xe9\x84\xa4P\
\xd8\xf0\xe6\xa3\x80Q\xe9\xa4\x0b\x93\x7fx\xe1T\xf8\xeb\
\x06\xf5\x88lU\xb9\x98\x1dA-\xcfz\xfeH?M\
a\xaa\xf90\xbax\x09u\xab1W+t\xd2\xeea\
\xcf\xf1\xaeZ\xed\xbaj\x19tE\xda<\x8f\x0f\xfa\x1e\
\xc3\x9d\xa8\x05\xabijl`\x88\xf5;\xd0CY:\
N\x0f!\xef(\xa0P\x83C\x5ch\xc8\xf5H+f\
\x0dF=\xed\x13s\xf4\x9b\xb8A2k\xdb\x1f\xbd/\
\xa6e\xb7\x0d.\x145\x9aJ\xe4@\xdfqZ\xbc\xe1\
7l\xb4T\xfe\xc6)\xc3\xbaW\xe4H{LRx\
\xd4\x06\xcc\x9a\x8d\x1a\x97\x17\xaa-j\xc6*\x95\xd7\xfe\
\xd7\xc0_gU\xc11R\xf7\xd9f\xa80\xb5\x81\xd3\
\x0cc\xb8\xa1n\xd37\x95\xc1\x80\x18p\x81>|\xb9\
\xd8\xd5j\xae\x98\xf5\xea\xee\xd4\x98\xdc\xd4\xca\x827K\
\xddUp\x83\x8e\x87(\x15Z\xe5$\x83Bf\xb5\x12\
\x9f\x9d\x19\x04\x092\xc3rB4\xe3\x89\x5cX\x93\xa5\
\x9f^_CJ\xebL\xab\xe5w0\xc4\xaf\x08\xb2*\
\xfe=\xaa\xda\xf2\x0d\x19=4\xabZ\xcb\xe4\xe8\xa3\x92\
\xe0\xe9\xd4]\xd7\xa7k}\xda\x86\xb8\xc9\xabJ\xaec\
\x87s\x09vkg\x07\xbc\xc3\xfa\xd6\xf0,KP\xbf\
\x80\x8f(\xf9G\xac\x8d\x05\xfc\x12@\x12\xd2\x89\x0a\xa0\
'\xf0\xfek\x0a\xe8U;\xd4\xbc\x8a\x0b\xa5\xa6#6\
\xaf\xfe0\xcf\xfc\x06\xd7\xee\xc0<>\xe1\x9a\xea{4\
@\xd5\xf3B\x9b-\xb8y\xda\x9b\x88g\xe9-q!\
\xa3\xea41\xb6\x1dWC\xdc\xe1H\x14\xe7\xf41\xf6\
\xcc(\xc8\x91d\xb8>\xaf\xea\xa9%\xd6|{;\xd3\
\x95\xbcmtW{,\xdc\x84%\x94\x0e\xd5\x87\x00\xe2\
6 \x84\x825B\xe5}+b\xfd+\x9bJ\xb3\x8f\
\xcc/\xc2X\xe0\x1a\x9eQ\x97=\x19\x1d\xf4\xc1\xe4\x1a\
\xf0\x0b\xedM\x19\xe7&\x12\x0a\xc2X\x81*i^\x94\
Z(\xe8~\x16f\x0d\x15\xe4\xac@\xa9\xf29\xd7(\
>\xc7\x12\x22\x84!\x93\xf5Jx\xc6Q\x99\xa6\xb2\x11\
\xd4\xf4\x9d\x04\xa9\x90\xeb_`\x86\xba(\xa0\x8e\xa5#\
\x88/S\xbc\xb0Z\x95\x9fv(-\x92\x03\xf06\xc9\
[\x0c\x8fQ\xc6b\xd7T\xfe`/\xf5[\xe1SY\
\x88\xb3w?\xab;#\x85\xd4\x89j\xd0\xe4z\x1f\xb4\
\xab>\xc8\xe8\xd7%\x0e\xdd\xbab\xd7\xcf\x92\xc4\xe6\x18\
q\xdaD\x8a\x04T\x1a\xb0\x9a\xd4\xe1\xf7\x05/.\xe4\
\x8d\xc6\xfeP\xd6\xc0`\x06$\x1c\x7f\xe1M>Q\x94\
\x19f)\x86q0\x99\xdf\x19g.\xb7\x07(=\x1f\
\x09\xfd\x9ap\x0f\xd2\x99\x94.eq\xdcaE7r\
n\xa6\x81\xb4\xcd\xc3c\x0a\x85\xd8,\xb0u\xaf\x1f\x90\
\xf0:{2\x1a8\xf4\x12\xbc\xe7B|\x8bI\xd8\x1b\
\xe7o\x1f\xf9\x8c\xb0\x88\x80\xb2>\xe0\x10v6\xe5\xa3\
l\xc9j\x99\x07\xa2$I\x14\x7f\x19z\x1f\x94\x00\xf5\
\x85\xa8A\xde\x22\xcd\xb7\xc9R%[\xfc\x08\xd9\x86\x83\
\x8f |\xb2\x1es\x5c\xac\xcc8\xa1\x97},H\xce\
\xe7\x9b\x11O\xdf\xed\x18\xbd\xaf\xfc\xb9\x97dn\xef\x92\
o\xd2\xb1]\x13\xb6\xebE\x01\xb9W\x5c\xac\xb8\x83\xce\
\xd9>\x99b=5^5hq\xd1\xca\x1eh\x90\x13\
\x16\xf7\xb6\xab}d:lgwl'\x8b\xd9\x8f\x15\
\x97\xdd*5\x12?\xfe\xc9\xa8LV\x99\x19\xe5\xb4Y\
\xea\x18\xd9d&\x97\x1c\xbc\xbd`\xac$\x0a\xd2\xe6s\
-\x18(\xf3\xac,\x9e\xf9\xb8Em\x89\xb7PeC\
4\xe9\xb4\x03B:\x9ff\x8d\xe8\xc5\xba5lWt\
/\x97\xb8\x03\xdeP\xeb\x9f\x1c \x96\x97U\xeb\xc8m\
\x04\xa5\xb4;e.\x0d\x06{Q#\xa9x\x17\xa0\xe1\
?671r\xf8\x1f\x00N\xc0'\xb98\x07\xbb\xd3\
?\x8b\x14\xeb\xf5\x8d\xd6\x1d\xbf\xf6T\x1b\xb08\xd7\x9e\
\x83\x7f\xa3\x85\xf7Ec\xf6\xbd\xceJ\xd8H\xf7\xb8l\
\xe1x\xa2\x10$\x82\xe9loo\x9c\xdf\xdd\xcb\xc8\xe5\
\x0cp\x16\xa1\xb2\x1f\xc0Z\x86p\xa1\xc1\x04\x92\x0d\xd9\
\xe1,j\xb2\xcc\xd7\x9ez|3s\x04v\xf0\x80\xc3\
0\xb0\xf7\xab\xbc5X\x12\xb5H`\xa8v\xa6^G\
:\xc5san\xaf\xa8.\x9c\xfeu\x91$m\xfc7\
]l\x0bv\x19;\x9e\xf5\x8a\xb3c9sE\xdae\
\x9bmt\xeeh\xb3`\xc9\x84\xcf\xb2k\xa2\x93=\xee\
'\xbb&\x1b\xdb\x07\xd9(\xc0\x12\xf0\xf3Za\xd7h\
\x18\x94O\xa1$\xeb\x068\xd0*\xf3\xf3d\xbd\x82\x09\
\xeb3\x8dg`\xb26\xde\x11g$\xbf\xc1\xc0pP\
\x00I\xa7U8\xb7w\xb0q\x86\x8a\xdd\x06\x1e/B\
\x90\xfc\x98\xf2R \x95\xb6w\x9a\xdf\xaa:\x91Y\xd3\
6\xd4O\x22\xc9\xbao0\xe7\xe6\xd3\x0c\x1d\x97\xb7\xda\
\xeb\xf5!9_\xba\xbc\x9c\xbe\xf6\x83\x889W\x8d\xda\
f\xad\xcb&]\x83\x9ar0X%\xe2\x98\xed\x84\xed\
\xa0s\xf4\xb8\xe1\xcb\x9bV3\x98IN\xe0\xc6\xc0\xcc\
\xb59I\x87\xa7M\x82\xa2\x03y\x1dn\xe2>\xf9\xd7\
?\x18\x9d\xe2,%\xb7\xbaX\x9f+\x82\xa7\x8b\xa9\xe1\
\x04\xe4pH\x9a+\x95\xad\x98\xe3$\xcc-\x82\xe2\x98\
\xf7\x0b\xed\xd0\x9e\x22a\x09q\xf6\x16S\x85\xa5\xb8\x83\
\xe7\xef\xb8\x1bvp\xd5\xa6\xda\xd8GZ\xa2\xb0\xc5W\
F\xef\xff]\xe4.\xb1q\x1c\x12\xd5Q\xe1\x16\x1de\
\xc6Y\xe7\x82\x12k\xc5\xb4\xb22\x99\x134i\x89\x90\
\xef\x93\xf5\xd1+L\x946?{\x16\xdd[l\x08N\
\xc7\x1a?t\x9bs\x82\xaf\x86\x81\x180\xe61\xbd`\
\xa6\x8d\x82XM\x0e\xe8\x88\x902\xcd\xeb\xfc\x9b\xd1\xaa\
J\x8c\xe0\xfa\xf3&\xc1\x98Q\x98E\xcf\x8b5\xa2\xa8\
-\xa9>K\xde\xbb\xf5\x04\xd2!\xfb\x7f\xef\xa6\xb0\xf8\
O\x9c\x16\xc8\xa6\x85\xe19\x1b\x97-\xc0LJ\x02 \
\xae\xee\xe4\xb13\x02 \xdc\x90-\xeb\xad\xf9\xe7\xf7T\
\xc6M\x05V\xf1\xe9\xf5ns\x80\xd5\xdd\xe1\xd8\xca\xda\
\x82\x5c\x81\x90\xc3\xba\xff)\x1e\xe1\xea\xe1\xc3Q\xaf\x94\
^\xfc\xd2f\xdf.\xf7v\xe0J\x85{VQ:X\
\xd7Z\xde\xfc\xdd\x0fDWw\xad.\xb2\x9d\x0c\xfe\xff\
\x88\x9eo|6\x19\x1a)\x01;\x08M\x0b8\xca\x8c\
\x8d\x8f\xc9\xc7\x8by\xefGp\xea>\xce\xbd\x88Ss\
\xc7\xe8\xb0Z\x06F\x09\xbf\xa0=\x08V_\x22\x1d\x0d\
{\xfc\xd5\x99\xd5\xf2\x8c6\xc5\xae9a\xd8\x98\x11\xcd\
F.\xd8\x04\xfd\xcby\xe4\x22\x98\x85\x031z\x96:\
\xe8\xa0\xba\xdet\x9a\xac\x9e\x8f\x92\x8d/\xf1\xddS\xbb\
\xb2\xb8,\xbd\x00V-\xb3\x07\x9a^Y\xfeXY\x08\
\x99p\xea\x83nI\x1dSd\xd5N4\xab\xa6\x95\x91\
\x8a\xc8)\xaf\xbd)Y\x92\x12\xe3\x9e<c\x15u\x95\
N\xa7\xd5\x12\x8dl\xf8\x95\xd1\xf0bc\x9fWie\
\xd7\xd2\x95\x8d\xe4\xb6~\xc5\xbfKD\xc1\xc0;eX\
\x91\xe8{\x1c,\x1f\x05Pu\xee\xf0\xca\xb1{\x1e\x98\
\xee\xe1\xb7\xd1\xc5\x13\xb8>TYoL\xee\x0e\xd1u\
\xaa\xa6\x8aE2\xe4-\xd3(F\x87\xc0\xf5d}\x1e\
\x96\xfc\x05,\x5c\x95\x13l\x96\xcf\xc1MA\xe2\xfe;\
Fx4\xf7:\xbfw*\xeb\x173:\xa7\x19qO\
#\xae\x8b<J\x07\xb16\xff)\xd8\xd7*\x9e\x0a&\
\x22\xe8Xd\x09i\xb9\xd6\x90\xcc\x97\x04\x8c\xcaR9\
\x8fg\x96Fk\xac\x0d\xec^\xdf\x13\xe9\xa3\xa53\x9f\
\xe9wQ\xb2l\x11s\xc2\xb0'\xe6\xce\xae?\xbe\xa8\
\xc77S(\xf1\x95\xee\xf1\x15\xdc\x18\xb9\xba\xa3\xb3\xdd\
\xa8\x22gaT\xb8\xe3\x03\x87\x10\xc5\xf6\xd6D]\x04\
H\x14\xba\x0b\xd8\x1dO\xa6\xab-\xe3\x90w\xb1i\xef\
\x8cr\xa7drx\x1a\xc4\xe7\xa3\xd6H\x84\x0e\xa6\xb1\
7\x13a(G\xc0Bn\xff.\x1eN\xe1|:\xd0\
\x8a<\x8c\xf2\xe1Y/LO#\xaffp\x080\x0a\
\x89\x06z\x1b\xb0\x96\x1be\xbe\x84\xa2\x8d2E#]\
\xbeH\x5cZh\xc68\xba\xd9HG/\xd7\xf0\xfe\x17\
d4l\xb8~\x95\xcc\xa1:\x01b\x9e\xde\xe7\x84=\
\x0aV\xcd\x05\x13\xc5r\xc5\xc6\xfd\xaa\xd0\xaa;\xa5\xd6\
v_9\xf6\xbe\xca~tv\x87L\xe0_f\xf1\xfd\
@\x05W\xcd8\xfaH\xab\x8e\x06b\xadwU\xc0\x00\
\x85\xc7\xadh\xa1\xf1\xd2\xd0Z7\x00\xb66\xf2\xa0L\
\xf4\xbd\x9a\x8b\x887&z,d\x04J\xb7\x0f\xfe^\
\xca<+\xf2\x9b\xe907\xca}b\xd4\x9a*3\xf2\
,\xec<\xf1%\x1d(\xe6\x07\xf2\xd4\xdf\xca^\x04\xb1\
\xc3B\xdbL+m\xda\xdc\xe9\xbe\xcb\xd7\xac>l\xc1\
\x03\x0bR\xe8\xb9Y\xf2\xcb\xae\xc1\xe7n\xdc*6J\
\x13\x02O\x02\x1c4\xbc\x1d%\x00\xc4\xaf5\xfa\x07\x98\
\xc6\xc1\xfc\x94\xaeW\x8b\xe4}n\x1a\xa0\xf5e\xa2=\
\x05z\xc9\x1f\x84\xc7\xc2\x85\xa2\x92\x9eO}\xa1\xdc\xd0\
v\x10!-\xd6\x01\x1e\x0b\xe6\x8dP\x83\xc1;\xd5\x97\
\x0cv\xab\x8f;\xffV\xc5`C1\x9a\xe9\xc4\x14:\
&\xb2\xff\x03\x06\x1d-\xb5\xed\xbahF\xbc\xf6\xbbg\
\x8b\x5c\x1e\xb2\xd7\xbc/\xe53Xx\xd4\xd6\x89^]\
\xa5BN\xd6\xae\x91-\xed\xc3\x8b)\xc9\x04\x7fC\x0f\
\x19\x92\xee\x07\xa2G\x1e\xc4B\x102\x83v4\xdc5\
\xc7\xd8yu\xd0\x9fZ\xe8\xff\x7f\xf1\xc5\xb5\x8e@\xbe\
\x82\xdf\x96\x1a\xa9\xc0|\xca\xc0.\xac\xed\xe8\x854-\
R\x12\x9dS\xe6\xb1\x0e\xbc6\xdc\x8e\x8f]_-\xf5\
s\xc2\xf2\x87g\xc8&\xa9[\x8a\xba8\x1cg\xc8\xc4\
\xaa\xc6dS\x16+\xb7\x1e<\x8d.\xec\xa8|\xcc\xd7\
0K\xed\xc6~\xb6\x0a\xe3\xec]\x8f|\x1e\xa2\xbdX\
\x9c\x12\x1e\xa7|\x93Y\xd8\x8b\xf8X\x16\x18\x82\xe8\xd5\
\xe7\x81|\xd3G\xd4\xf8;\x98\xdf\xe8\x84\x09 \xbaZ\
\xc9<~\xac)\xf5\xb3\x11\xbd\xaf\x9b?\xd4\xef\x81D\
]\x9b\xba\x83\xc3\x00\x92\xf1\x8d{\xf7\xd0\xc2\x7f\x1b\xee\
Gd\x94\xbbG\x8eQ\x08\xdc\x17\xc1\x94\xad<\x1e\xb8\
1\xf4\xbb\x91\xd2\xd8\xa893\x8b'\xb1\x8c\xf8\xb8\x1d\
\x90N\xb2\x16\xaa\xc8.F\xfa\x8d\xd6\x11\x02\x82T\x09\
Y\xb41\x0e\x81\xfa0Cu\xe3\xfez|\xc0M\xed\
L\xfb%\x18\x02^\x1ekL:\xed\x03\x12\x89\xf3L\
\x88*\xd1\x89%\x1f\x1a\xd8\xa2|O\x8b\x8f\x9d\xd5\x1c\
\xcc\x15K]_\xe1\x0a\xc4\x9c\xce%D\x90y\x94}\
\xc6\xb8\xd3^\xb8\xd1Ms\xde\xd1p\x84n\xffP\xb8\
<\xc7\x92\x91\x04\xad\xb3\xbc\xd6\xfdQ\xd4\x8a\xce\x99\xb6\
\xa3LuKU\x7f\x82\xb1\xa2\xa8-\xa9>K\xde\xbb\
\xf5\x04\xd2!\xf8=\xf6aj6\x1c9\x9e\xde\x00>\
f)\x91$\x96\xc7\xa8\xec\x11\x0d\xfe*\x9b\xb6A2\
\x99\x1d\xd1\xaa?\x89\xab^\x84L\x15\xdf\x18\xf1\x1a\xd8\
S\x9c\x1f/=\xf2\xdea\x822\xc1\xf0Z\x13\x1f\x22\
\x02(,\xb1\x92-0TY\xcb\xa4\xb6>;\x13\xf0\
&\x84\xd9V\xbf\x92K\xf5\x05\x0bj\xdamx\xf5\xff\
2csY\xae\x93\xb7\x14k\xbcfg\xe9\xb4I\x9d\
\xecV\xa2)\xe9z\x03\xb6\x80z\xec\xd3,\x8e\xbbv\
\xd1\xdcu=C\x82\x09\x0e\x09\x15\xbb.\x0e\x09t\xe4\
\x0b!j\x90\xc5A\x8c\xe70\xe7\x17\xf5\xe8\xf0\x9ew\
\xed\xa6\x03\xb2\x11_i0?I?\x85\xbe\x01\xfc\xcc\
\x8a\xdf\xc3j+\x93%=\x18\x22\x05:'\xd2\xeb\xec\
b\xf8ha\x94\xf9\xfct\xaa\x1ccY\x985\xd7\x13\
\xe9\xa3\xa53\x9f\xe9wQ\x9f\x97\xf8$\xf3\xfb\x8e0\
\xb0\xef\xf7\xb6\x95\x1c~m\x85\xb6]\x8a\xa1\x09\x0cy\
H\xf6\x84\xe0\xa8\xdf\xfc\xd5mIO\xdf{@\x9aE\
4\x9d\xcegy\x069J\xc9\xae]\xf4@\xea\xa9\x95\
]\x8d5\x85\x83\xd04\x8b\x8cJ@\x89\x94\x17K/\
\x19\x89\x17\xc1\x0ay\x8b&\x07\xb6\x0d\x1f%i\xf5\xa6\
%\x81\xd1h\xd3\x92\x9b\xde\xee\xe8\xcf\xd9nh\xcf\xc7\
>\xe5\xea\x0e\xdb\xa4\xe8v\x9c\xfa\x0b\xee\x1dKwH\
\xaa\x17Ev\xd4\x95\x86em\x0f\x85go\xf9\x8f\xab\
\x96\xe0\xcf\x94\xcd2E\x836\x99\xd5\x871/V_\
\xf3\xde\xb8=d\xb5\xd5\x9fI,\xd1\xfek\x09f\x93\
\x13\xa0\xd0\x0f\x85\xd1\x80\xf9\x1d\xb6\xf9\xae\xe3\x98\xf9Q\
\xf65=\xca+\x97\xd8(Xv$S\xa3\xbb\xf8\xe3\
\xf2\x12%\xb4\xd5l3\xe0\xc1\xbeW\x8e\x11\xf4C\xbe\
\xd8o\x1b\xdb\x12\x8eK{\x8f~\xacZJ\xb6\xf2\xcc\
!ri[\xc6\xa61\x06A3}\xed\xbd\x8b\xd8\xd4\
\xac\xc32%\xb8\xcc8Xa\x94\xbfu\x17\xd6\xf0\xb1\
\x836U\xa0I\xd1U\xf4^:Z\xc8\x0a^\xb1\xe9\
\x04\x9cz\x9e\x1e=\x8d\xdf\xa8O\xabJ\xb8y\xc8\xcc\
.+\xd4\xc1=+\xaa-&$\x80\x19~O\xfd\xa2\
\x0d\x0aP\xa5\xd0Q\x81&P\x5c\x81\xaa\xf1\xaaa|\
\x09\xf54y\xa1t^\x5c\x82^w*\xd6\x1b\xb3H\
w\xdd3BV\xf7\x00\x15]\xdc%;\x86\x0b\xd7T\
\x9c\x19\xaf\x86\x93\x7f\x16/\xa9\xda\xec\x13[\x9aY\x08\
=\xd3\x02c\xa4+U\x97U\x14\xf1\x8d\xba\x03J\xbb\
\xc3s\xacK\x97\x88\xea!\x98\xe7}\xa8Z\x7f\x8a\xad\
\xd5l\x06\xfe\xe5\xcb\xbao\xa0\xc6\xf1\x91\xab\x10\xd2U\
\xcd\x95\x06$SZ\xeev_\xf6\xe4\x1b5\xf7\xf2\x7f\
\xe9\x99\x89\xe5\x89\xf1\xe4y\x1c,3T[\xf0\x0a$\
\x9c\xf8:\xc0\xc2\x88\xb0\xf7\xc6\x07\xdeH\xeb\xd3\x8d\xbd\
\x8d\x9c)\xd3\xe2y=\xf4/\x06\x00\x95\xf8X\x17\xb3\
a@\x02\x0b\xc0\xf6/\xe0IQ\x954S\xcb\xd6\xac\
\x12\x1f\xc9@\x89u\xe1\xa8\x07\xd4\x10\x92\x7f\xa4\xf8\x0d\
\xe9\x87Q\xf0\xcd\xb5\x12\x95z\xa2\xe9\xeeC\x1f\x84\x0c\
\xa7\xa1\x1de`\xf8S\x91\xde\xa7\x95O\xf6\x04\x85m\
\xcf\x19\x07\xe3+/#!U\x02%h\x96\x11\x8c\xb3\
\xe4\x14\xb6\xbe\xc6\x15\x01,\xb7']\xa0-\xd0[\xb8\
\xce\x15\xfa\xbfb\xb8\xe9\xc8\x95\xa8\x0bZS\x16\x806\
\x0b\x1f\x16\xcc\x93\x02\x171\x0f\xed\xff\x09\xf8\xc7^\x22\
\x81L\xc6\xa9\xcd\xab\xd0}\x88\x960`WM\x90\x15\
\xcd\xfc\x0b\xb4c\xf1\xe5\xcc\xdc\xef\xeb\xe2z\xff5\x12\
&\xc7I\xae\x9b\x88\xdf2d\xa9\x1f\x5c\x0b\x94\xebU\
K\x98\xd7'~\xfc\xbchH\xc0\x01\x92=:\xe6O\
M\x12\x1d\xb4\x86c\x94)\x81l\x8b!E A\xbb\
\x13\x9e\x05|f\xc8g5c*\x02\x94\x12\x08\xf8\xc6\
\x99\xdd\x11:\x93;#>\xc4<%\xba6\x9e\x84\xd0\
\x02\xf6\xc2\xe8\x97\xf7\xc27\xaa\xdb\xf5\x22\xedE8\x8a\
3R\x0c\xda\x16\xd5\x067\xf9_\x11\x5cTT\xf6}\
\xe8\x9f\xe9Si\x86>E\xbaR\xca\xce`)%\xde\
\xc8}\x83\xe5jp\xae\x88{hK\x0b@\xe2\xac\x8f\
\x98\xb21V\x1f\x99\x00e%\xa1|\x09\x8e\xc4|t\
Ev4\x91~\xf1YR#\xc4\x06\xc8\x0f,\x96[\
=\xfb\x81\x0b\xa1J\x86\x1b\x7f0\x89o\xea\xe1\x00\xb9\
\xf5\xc5\x158\x90#\xd5\x84\x9f\x8fgI\x8f\x7f\xc1\xae\
\x9e\x8f\xbf\xeb1\x87&\x0e\xb0\x1f\xa0~eQ\xede\
+8Is\xe1v\xadn\xafV~\x16\x0d\xa0X=\
\xfe}\xeb\x0fW\xf5\xf8\x0b9[\x8b6h\x0a~\xf7\
\xf6.\xb8w\xb4\x88\x98\xf1\x0c'\x87\x17uC\xa5\xf3\
\xc6D\xff9G\x8bP*F6\xbeo\x89\xf9\xbcn\
\xce\xffj\x7fr\xb6AX\x0c\x7fj\x95\xe3\xf75\xd8\
\xed\x8c{\xa3\x98 \xcb0\xf0]\x83nZ\xe7D\xd4\
LK\x1d^K\xa2\x8f\xca\xa34\x90\x22\x93\xeb}/\
\x11\xecH\xf5\xf1\x03\xdb@}\xab\xc6 cf\x9do\
\xb9@|&\xd1i\xb5\x0b\x0e\x0d\xcf\x84N\xd5\xf6\x1d\
\x89\x80\x87M\xa3\xcb\xba\x00\xa2\x04\x8e\x15\xcd\xdcS\x98\
\xdc\xa1O\x88 2q\xaf\x0fv\x13-\x8a\xafP\xce\
h\xa1\x97\x97\x18\xa8\x17\x05\x91}-\xdf\xe3\xd4\x90J\
\xef~\xce\xd3\xd3,K8.\x9c(\x03\xd5\x16\xab\xd9\
d\xaf\x02\xb4\xd2b\xe9?m\x9a\xf4Y\x05\x05\xee\xb5\
W\xfe\x18*i\xedTV\xa4\xcb\xcd\xdb\x1f\xcf}\x90\
\xdd\xec\xcf\xfe\xef\xe5\xf8\xb3Y\x1f\x12=\xdb\x8b\x0bz\
\xe5\x0fxR\xb7\xad\xcaB\x22\x0d\xcd\x02[m\x8b\xea\
\xd1U\xac\xc5\xd1\x02\x88\x82y\xfb\xb4\xa6\x02\x9b\x815\
\xd4\x84\xc0\xa1\xc9\x08\xa38\x8d|\xa7G\x08\x14/\xa6\
\x18\xf9{\xe8\x01]\xf3\xf3E\x0f\xfb*\x90n\x82\x22\
q\xea\x19\x8f\x1b\x91\xb1zzU*\xe2\xab\xf6\x80f\
\x9b`exfk,V\x94\xb9\x10\x88P\xb4\x13w\
\xc0?j\x89#Q\xce\xfb\xfe\x83\x13\xde\xd4\xee\x112\
r_?\xfc\xb5'H\xf1\x84\x9f\xf9w\x96;\xefW\
\xf38\xe0%\x7f@\xe0\xf5\x98\xfa\xc2g'\xf2 \x9d\
\x1e{\x15D\xbd\x1b\xc1PWrD\xa9\xe9\xae\xff.\
E\xc7E\xe6:\xef\xbd\xda\x0f\xd6if\xce\x7f\xdb\xa5\
\xab\xc6\xd6\x91\x04&o\x93c\xad\xa8ow\xffw\x1f\
An*\xc7\xffu%\xf4\xc6\x9c:'\xb4)\x09\x80\
\xdf\xa4\xc1\xa1\x14\xc1\x9a\xa3\x91[\xdb5\x06\x027O\
\xfdm\xef\x93\x87\xae\xf9f\xabSL\xfaVW\x0f\x08\
\x09\xb30\xa8\x927\xb9 \xea\xfd\x1f+\xf4W%\x81\
\x04\xa1\xd9L0\x08\x88\xcd~J14m\x10\x00\xd3\
\xd0\xac\xed\xb0\xac\x89\xbc^\xf8>\x7f\xfcV\xdf\x22\xbc\
\x0d\xc5\xc0\x1f/\x02\xc0\xb5n\xebj\xa7a\x85\xb4\xf8\
\xf0KN\xba:\xde-QN\x08f\xcb\x93\x8dg\xf5\
\xc4\x1d\x10D\xc7\x1d\xf5\x87O\xaaSu\xc8m\x9c'\
Q\x9a[z\xf7w\xf3\xa6\xd4\xcc\xc2\xb7\x1b82\xe7\
~\x8a\xa14\x87\xe6I\x92\xe1\x97\x86\x1e\xeb'>1\
\xcc\x06\xfd\x17.\xc1\xc2i\x18\xe0\x9b>\xee\xd9_\x18\
t\xb5\xec\xb0\x0f\xfd~\x05J]\xa6V\x1f\x0a\xa2\xdd\
\xb91\xf1}\x13\x19\xd8\xcd+m>4\x88_\xe3\xec\
@\x0f<W\xe9;\xf2'\x99g\xc7q\x88\x1e\xfe\xe2\
\x03VK\xb5\x89\x017\xb4\xa4\x96m\x00>\x9e\xa5\xda\
\xf9\xd2-\xf7\xbb=\xf0\x89\x85\xe2\x9d9\xdf\x82/{\
_\xc4\xfdh\xbc\x96\xe1wtu\x0e\xfe3\xf3\xa7\xc3\
\x1c\xcb\xb90\x84>(r>\x843e\xd4\xc1\xb0%\
\x8c\x14\xa2*E\xbc\xce\xbc@\x11\xbe\x02x\x91\x87\xf7\
\x122i\x81\xd8\xbc$\x83\xb7\x99\x89(pe\xb8\xc5\
.*\xec7\xfd\xc2\xd1\x89\xb7{Z\x05\x80\x846\x81\
\xe6\x9b\xaf\xa9Wc \xf8\xbc\x18h\xad\xa0\x84\x01\xd9\
\x1c\x19\x01s\xae\xe4\x8c`\x0d\xd1\xa8B\xf4\xfc\x1f\xff\
 =\xf7\xac\x05\x14XtS\xeb|~)W\xa0V\
\x00\x0f\xb2\xe0\x9e\x9d\x7fc\x0ePSY\xddGC\x92\
\xa3\x948\x01u\x83\xc1\x06\x94\x88@.w$X\x22\
\xd2\xa6\x84\x5c\x80\xac\xf3\xe7E\xd3r\x8e/-\x1dY\
W\x8bq\x22\xea\x85|\x93\xdc*\x881\xaax\xfa\xcb\
bnz\xe1\xc5\xfd0\x9a\xb5V6sJ\xc3\x96\xcc\
\xff\x82 uQ\xc1\x9a\xe3\x08mV\xe6\x19\xa9\xd1\xbb\
|{\x9e\xa0\xd0N\x95S\x06f\xe6^\xb2\x03\x97\x17\
\x94\x87\xaf*\xfb\x06\x98\x92f&\xa49hY\xee\xa2\
`\xd3\x84 \x95\x99\x97\xe7]\xa3]F\xf2B\xdas\
\xa6q\x0f\x0c\x83\x10\x98}\xb5\xb6\xac\x87\x1f\x19Lt\
uT\xed\x8b!\xf0\xe7\xb9^\xb9\x8c\xdd\xf1\x92Gx\
,7\xc5\x0fW@\xfcwY\xc0Ef\xbd)5\xee\
\xac\x5c\xdf\x8cO\x07\x1e\xb9\x98:\x92n\x1f\xb6\xa3.\
nC\x22\xfb{\xe0A\x13\xacJ\x91\x98\x00\x82\x95\x93\
\xb9\x1f~\x0d\xb6{\xd7\x02B%c\xbe:#\xd5\xeb\
\x8a\x0f\x87\xf4\x85(\xa5\x81 t\x88\xf2\xac-}\xd3\
\xfd\x06\x9d\xde\xe48\xda\xd2\xd4S/\xb6\xd0\xffN\x99\
\x94\x1c`L3\x83\x1f\xb7Q\x9d_2\x0c\xa8H\x9a\
\x03\x09 \xd74\xaf\xe2\xf7r\xdc\x7fk\x13\xda\xe2\x7f\
\xc3\xe2\x8c\xc8\xe6\xe20`\xc0V`\xcd\xc5y\xd60\
mpL\xa7\xd9\x89\x16\xad-\x17\xe2F\xa6\x8b\xc9\xef\
\xde\xd0\xee\xf2!\xf2\x15\x9f\xb6a\xd0\x8eo\x01\xd4q\
9\xb0\xfc\x00\x14\xba\x1f\xf0\xfc\xeayRq<\x8e\xb2\
\xc2\xc33\xbd\xdf\x89\xd79\x0e\xc3\xabu\x1e\xf1,\xac\
@M\x10S\x18\x9b%\xeb\x1a\x9d\xd7\xb9-\x04\x1c^\
I\xf1\x1f\x80W\xd7:\xb9\xf5\xa2\xb3iW\xe4\x19\xff\
1\xfc\xe4\xef\x9fo\x1cz\x90v\xa19\x8e\x5cA@\
\x9fT\xf3\xc4\x00\x9d<!\xbaP\xf7\xcfb\x03ku\
\x1d\xdav\xb5\xb7\x91\xe6E\xbe\x17\xb9\x8cZ\x8eU=\
F\x85\xf0l5\xaa\x0f{\xd2\xec\xe5\xa0\xc7\xab\x0f\xb3\
\xbe\xad\xc0%\xae2C\xca\x88\x8a\xa34~\x89\x10\xfe\
UW;\x8f\x1edLe\x0d,\xa3\x09\xb6\x10Vn\
\xaeI\xe2Ndg\xb1\xae\xee\xc7#z\x9c\x1c\xe3\x03\
t}\x98\xb1\x8e\x01\x04l\xa9\x00\xb6\x22\xafrU0\
\xfdX\xc2\x03\xb28\xe3\x04\xacP\x0e\xfe\x85\x1c\xc8\xc0\
\xd8>GF\xbb\xb5\xfc>\xf7\xac2\x22u\xdfIV\
Xf\x8d\x9f\xe1\xc1\x1c\x1f^\x96`-\x09\xd3\x8e\x82\
&pe\xc2&>\xb8I\xd1\xf2Z(jc7\xa8\
\x9c[\x7f\xa2\xb1\x1aL\xca\x0f\xe1\x94\xdb;P\xf0\xf5\
\xa2\x0b\xd4\x12v\x0cJ~\x94\xf6\xd3\x7f\xca\xc3\x9b\xbc\
\xac\xe2\x157\xdf\x11\xfbR$\x1e\xa3\x01U\xea\xaa9\
\x08\xfc/#\xfc?D\xe4\xe9\x12?{\xe4\x12\x0b\x80\
\xf6\xffi\xf2\x86\x0bubm\x05\x82\xf3\x97U\x04@\
\x5c\x8f\xe5\xff^\x16\xa8{\x22&Z\xbet\xabhb\
\x92\x080B\x02\xc5SS\xc7\x15T21\xe5\x02:\
\xbexi\xe3\x9f\xac\xaf\xdeD\x1d\xbd\xbf\x92\xa3\xcbv\
\xfe2B\x5c^\x02\xdfl:\xda&\xd3Q\xc3]-\
W\x84\x5c\x1e\xb07+h\xa3\xb1Z\xc8X\xe8\x80\xd4\
D\x1b\xeev1\x19;>\x81\xe9\xd1\xa4\x01\x8b{\x8f\
\xc6\xfd\xf4\xb7DX\xbf\xc6\xd7Rw\xe5\x98\xb0ez\
W\xb2\xba\x5c\xc1\x88\x85\xf3\x09\x04\xb9K\xd3$iX\
\x84\x19\x15\xe9\xc6:\xf5\x83\xa8y\x9cMFta?\
\x5c\x87H\xff\x05\x8c\x7f\xa1\xf7\xeb\xdeVi\xdbAL\
rM\x06q\xf3\xa2\xe2\xbe\xe4\xbc\x0c8\xe2\xc3\xe7:\
l\xce\x0d\x8a*\xa4\x83\xd56\xbbUT\xf6\xf8\xba}\
\xe1h\x01\x9b\xf8\x97U\xe15T\x05\xd9\x0b^\xc0.\
=\x13\xc448?\xc7/\xea\xbdN\xea~MV\xb4\
\xcc)W\xe2=\xca~\xc6\x9aIh&J} \xf5\
$\xa4\xeb\x1e\xb4\x83\xe4\x8b\x8cmpG\xf2\x0e(\x0d\
\xce\x81\xce\xa8\x01\x9d\x0cw\xb1\xc5(\xfbw\xd3\xfc\xdf\
f\xe9\xd5m[\xb6V\x0f\xe3?U\xc5ug\x07G\
T\x94\x84/Oo.T\xab\xa0\x94\x91\xcc\xb9\xbeO\
\x82-Q\x09d\xf5\xe8-\x13\xfa\xd8-\xf2\xf7\xc3\xae\
\xba\xb6\xc3\x9f^\xd8\x0f~;\x1b\x08\x05\xcc7\xe8]\
5\x96\xa8u\xbagT_\x91\xe1t\xac\xe1\x11\xf7\x97\
\xc4\xe4\x9e9\x16\x97\xe5\xa18\xc9\xa2=\xba\xfb\xd0\x8d\
\xbc\xb8\xbdp\xa1}\xffU\x88\xb3\x0dA\x8f\x87\xefr\
8'\xaf\xae\xea\x9b\x0f\xf9{\xb6A\x22h\x10?N\
hx<\xbez`\x1fNOQ\xaa-F5\x8a\xcc\
Vg:\xac@\xd32\xe8\x1dz\xa0\xd5\xf6J-\xe9\
\xd7\xf8iTS/i\x18\x89\xa2\x82$GP\xb0\x0c\
b\xb1=k\x81\xd3\x8cJ\x06P\x93T)o\xb52\
\xcf\x9fv*P\xb1\xe0\x98\xa5\x93\xab\x93\xc2w\xab\x5c\
\xdc\x90\xea\xa7\xc1z\x8dyz\x13\xeb\xeeJ>\xa7\xdb\
\xbe\xd7nq\x1cM\xcc\x07I\x17w\xa9\xa8\xcd\x8c\xa5\
`\xbc$)\xbf\x14\x89\x8c^\x18\x97+\x9a\x0c-B\
Nl?\xd3G\x94\xb72\x9cxSV}\x97\x0c\xd5\
\xf2\xec\x1c\x00\xb4\x11W\xaaWN\xc4\xd2w\xb6\xb5\x05\
A|\xe65\x92fN\xe4\x18\xb7\xca4,\x05ZG\
\x7f\xae3\x83xD\x12\xeb+\xfb\xbeAw\xa3l\xdf\
A<\xb9\xc0Z\xcfw\x81\xce\xad\xe9`\xa4\x83\x01\x9e\
f\x1c\xa2\x97\x0b\xa0%\x9d\xac\xd4a?X\xb9\x83\xca\
\xfd\xad\x8f$w\x0e\x1c\xd3\xa5k\xa7\xdd\x81\xd5T\xfd\
\xa9\xa6\x84\xbc\x11\xebpbM\xb0'CU\x1e-\xbf\
\xcaWzdUQ\x8a\xd6#\xc1gQ\xbbQ-\xac\
\x22\x08\xfc=\x19\xb2\x19\xfb3\xb1v\xad\x88\xf7M\x14\
\x82\x9e\xbc\xe6\x98\x9bNIH\x16\xf0\x9f\xad:W8\
\xb8\xe5\x1e\xa1\xae8\x8c\x15\xd0J)>\xd7525\
\x91\x03\xa0\xaf\xb3\x1d\xac.\x04Um?\x83\x0a\xe3\xae\
\x99v\xfb\xe5\xf4\xe1\x0f\x16\x8b\xbe\xdf\x8c\xb4+\xf5\x1c\
P\xa3\x8fOb[7P\xec\x13]\x87\x91Y\xf0m\
A\xa5\xcc\x99=B\x99\x81\xee\xa5'@:C^}\
:\xa3\xa9(\xf3\xf5\x8dE\xa4\x15\x19\xbe\xb35\xd5H\
d\xc7\x17\xf9\xee_v\xd8\xc8@\x16\xf1\x19\x89\xeaa\
\x8b~\x9fq\xc51L\x8f\xf0\xa6\x92\xcd\xee=\xd1\x1d\
{R\x04l\x81G\xe8\x8b\x8f\xb2\xc6\xc2\xb50}\xd0\
\x93\xdf\xd2\xc9\xe7+\xcb\x0d\xc5h\xee9\x94\x92\xb1+\
\xe1\x0c\x80\x22}:\x13b;Z\xf6\xc1x-\xde\x00\
\xbaZ\xb7\xdfD8\xe3\xf1E\xbc\xd9v\xf6l\xca\xa5\
\x83\x08\xf8k\xb0\xdd\xdd\xac!\xc9\xe31\x18L\xd1\xfd\
N\xb1\xd2P\xc2\xec\xdd\x8e+o\x90+qE\x8aU\
\x8bk[Q[\x19t\x08\x80\x89b\x84\xbc\x1b\x14\x9b\
\x89\xb1\xd8W\x8d\xfe\x8bj\xb0x\xa5\xc4\xc2\xaf\xf5\xec\
;8x\xd7\xd7\xc0S\xd1\xd6\x96\xa2\x99}\xb6\x87\xfc\
\xe9\x99A\xc6\x04\xc381\xfbu\x99\x9c\xdc\xe9V\xd8\
\x93\xf2\x1a\x92\x93\xb0O\xa7\x22\x9bc\xa5?\x07]\xcd\
F\xe6\xf3\xf5p\xfe\x1fZ\x80\x80\x18\xfa\xf8C\xf3\xb3\
\x83\xc4F\xea\xc2\xde\x83\x985o\x07\xbc\xc1$\x85\xa3\
\xb7y\x86\x1b\x86\xa0#\x14\xe2~g\xa3\xef\xf5&@\
\xc0\x08\xc9\xfb\xef\xcb\xf5\xc9\xc5\x91\x812\xael~$\
\xf2{\xc1v\x1f\xf9\x08\x80M\xc0bC\x1b\x85\xc6\x9d\
n\x1c\x19tB\xc9s$r\xad\x03\xdf\xd4\x92\xef\xf8\
\xce_\xe1 \xca\x86\x02\x0aj\xed\x1a\x83\x0f\xb44~\
m6><\xd1u\x0d\xa2U\x15\xf8\x1f\xfd\xe1\xd8$\
\xcf\xa8\xcc\xd1\x0aK\x02\x934\xc8\x0d Ss\xf0w\
\xad\xd3\x14\x08\xcf\xc6\xaeW\x1bX\x9a\xbd\x09\xe2\x9c\x12\
\x81\xcb\xf9a\x911^\xc3\x89.hB\xcb\xbd\x1fB\
\x0aU\xf3\xad\xa0+\xae \xdap\x90\x22\xe4fW\xf9\
\xac\xe4\x0f\x5c\x04\xba=\xdf\x84\x98;g\xd9BsY\
\xbd\x1f\xa5\xe69\xf0\x19\xcc\xb7\xc2\xee\x14\x90\x8b\x13\xae\
\x7f\xa3\xd8a\xd0\x91\x07\x08\x9f?\xce\x81\xda2\x8c\xa0\
\xcc\xb8Y\xe5w\xfd\xd7\xdf\xde\x00Z-\xffG\xf3\x0f\
\x10g\x13mi\xc6\xdalF\xd7\xc1$)\x91)\x22\
m\xfe\x0c\x12\x8aV\x04\xc4\xb2*\x0cb\x0f\x8b\xd56\
\xa5\x19?y\xbdp\x90\xc2\xee\x9d\x99T\x94?\xda\xb3\
\x22\xe3j\xe8\xc3\xecnCrZ\xa7\xa3mv\xd1\xb6\
\xb2\xc3\x8f\xf1\x8ax\xd7;Ko\xec\x98\xd6\xa8Y\xf1\
\xab\xbeE\x0a\x9d\xd4\xce\xaa\xd7\xbb\xae\x8f\x18\x9f\x0a\x8a\
\x90\xc9b+\x16\x93I\x0d\xb4\xcd\xe9V\xbcL\x978\
e\x15\x1d g\xfd\x8b\x8eg \xa0P`:\x8c\x1c\
\x03\xd7\x883\xcbH\x8f\xcc\x5c\x03+91%-\x8a\
\xc9\x11\x8c\xed\xd1\xf6)X\x91s\xec\x131ZF\xad\
\xa3\xe1\x0aF#\xb9\xc72\xd4\xb0\x113\xf7\xaf\x13;\
r\xea\xf2\x8a\xdf\x0c\xe0w\xc7FX\xfem\x86\xca\xd3\
\x87\xd4\x93z\x0e~\xc1\x91u\xb5\xd1 \xef$J\xc7\
{\x89\xf0\x91777\xf1\xe2$\x92\x89\xfb\xbc\x88\xd0\
\xe4\xe9\x80\xcb\xde\x1a\x9b\xbd<%\x08d\x0c&\xebk\
e\xefFvf%\x9b\xae\x07\xa4e\x0f\xcb^\x87`\
\xf7W\xb02L>\xca58\x9b\xaa\xdd\xfcZ=^\
\x12E\xf4cf~\xe4\xea\xb5\x8fqL\xa9\xfc~\x13\
o\xe2\x87gV5$\x9a\xc2\xc2\xabA\xbb\x90\xb9\x19\
d\x9e\xb7\xd5~\x9f\xb5\xe90\x9f\x01\x86\x03c\x86\x94\
\xe7\x08\x9a\xcf\x13\xffIs\xa2O;\x99\xd7!\xa1\x8b\
\xee\xc1\xb3\xf5\xd4Zh\x10\xae\xf9\xdaT\xc7\x11\xdan\
?<d\xf4\x1d\x22\xd4bjQ\xa0\xc9\xff\x82\x189\
\xb5~U~\xfb\x87^t\x1c\xaeG\xba\x81\xce\xef(\
Bk\x1f8A\xebhm\xa6W\xb7.\x87\x9b'y\
\x04\xa0u\xc8\x1f~\xf8l\xbf\xfc\xe0F\x16\x8d\xdbR\
\xa56\x93\x01o\x86=+\xf6\xe4\x1b73\xe5\xb5\xfc\
\x9b<\xef\xf0=J\xc5G(m\xe2\xcc\xe2|(\xf6\
\xc6l\xeco\xe3\xe59*\x91\xe4\xbc\xd0\x1f\xa9\xa6\x08\
S\x9b\xe3/j\x1c.\x8f\x1cJn7\xb2d\x9d\xea\
[\x8c\xda\xabF>\x0c\xb4\x09K\xd2\x94\x22l=\x98\
\x91\x0f\x095$\xbf\xa4<8`x\x9b\x94f\xa3\x8e\
I\x8b\xcdqa\xcf\xeen\x22\xa0\x8d\xd6mvk\x88\
]\xf7\x08\x8e\x01o\xd1\xeefjY\x8a\x0ct\x8d\x93\
\xde\x87\xfc07\xe0\xc5\x0e\xa9\xa41\xa4Z\xad\xa0\x1a\
\xd3\x93.\xaa~\x5c\xe3\xff`\xbeR\xcaFS\x93\xa5\
\x93\x9e\xdd'U3\xc1qL\x8e\xc4\x8f\xf2\xaf&\xa1\
,\xb4\xfa\x9a\xa8\x01c\x9eOHX\x86\xa4\xb7+V\
C\x88\x94\x0d\xf1\xdd7U6T8\xe9h|\x9fc\
\x86\x8f\x1f\xe0\xbc<\x92N\xbf\xfbg\xad\x0e\x941Q\
5T\xfa\xfc)%^\x8f\x91\xeeA!\x01\xce\xba\xd7\
\xd6\xf4Ok0,j4B\xefE~\xec\x06\xe6\xf4\
\xfeU\xca\xf6\xcf(_\xcf\xb9\xbc\xe6\xbf\xf6\xf0\xe0J\
;V>\xcf\xa6\x17\xba\x9e\x94u\xb5\x88\x22\xcd\x97U\
\xbaJH\xd0\xab\xb2b<\x84\x176B\x0c]w\x0d\
j\xe9f\xfa]\x9a\xcfm\xdb\x83\xb5\x04\xe7\xf1\x14\x0c\
\x08\x805p\xbfqLC\x89b\xa0[\x06S\x9a-\
\xb9\x09 \x02Wa{\xdb\xbc\xfb\xf9V\xf4\x19\x838\
\xed\xf6\xe1\x85\xc59\xa0G\xba\xc0\x87:\xef,\xcd\xcb\
\xccB\xd8\xdd,\xe3w\xfa\xa6\x96X\x82n\x86\xf2S\
R\xca\xf7\x9b\xac}\x09\xf7\x1d\x13\x1f\xf6\xb72\xeb<\
P> \xc0m\x0b\xb3O\xc4\xa1\xd9\x07\xb3\xba;\xec\
O\xa7=M\x94\x1dS^$\x9e\x91~\xef*\xdck\
v\xa8]\xb8\xb3\xafm\x0a\xfc\xb6\x1302^\xc7\xd1\
\xeet\x5c\xd4\x12\x96\xe7\xd22\xb4\x02)\xa9\xc2\x8e\xa7\
g\xbb\xb2\xb4\xcf\x03\x04\x89\xf8\x98\xf3\xce2h+\x9f\
\xf7q\x17\xd1\x8e\xe2\x9f\xbc\xef<\xc4\xbf7\xf4\xf2\xb8\
\xc3\xca\xa1DT\x96\xfe\xa2Q\xb7\xe1\xe2F\xe3(\xe3\
\xca\xd1\xd7\xd4\xe4\xbaCU\x9e\x1dr{\xd0\x02n\xae\
r\x14}M30\xac\xb1\xac\xa4\xad\x01\xb1e\x19\xfe\
r\x03\x94\xb8\x81\x5c\xf2\xdf\xde\x9fJ\x99\x93\x93\x89\xed\
\xa1\x0f\xeam,\x07\x04\xdd@t\xf5\x90<2\x98\x9a\
\x1aS\x04\xe7r\xf7\xd4Sw\xc8\xf3\xe1\x835\xcfB\
L\x8cr\xd0(\xef\xa5\x81Y\xedD\xdc\xeb\xf9'c\
hS\xb6B\xa9?\x8d\x94c\x0dU\x0aR\x8d\x8b)\
\xc5\xda\xcbp\xfdpNwF\xa1\xee\xa9K\xcb\x86\x06\
=\x08\x9f\xfa\x86\xe6\xdf\xa9WeN\xfc\xfd\xb8\x9a-\
\x04_\xff2N#\x91\x11]\x03\x01\xb5\x86\xcfE\x14\
\x95rn\xd1M\xd6Q'\xe2\x06B\xdf\xa1dS`\
\xcf\x84\xf7\x9f\x04\x18\x8d\x8f\x02\xebQ*\xb8\xc0\xe5\xe6\
\xcbNW\x86&u\xa0\x91\x8e\x11-\x12\x98\xf2\xe1\xe3\
\xce\xfe\xc0Yf\xec\xba\x0f\xd0J\xef&\xaf\x86\xd2B\
\xe6w\xd7;\xead\x04\xb3\xf8\xd19W\x9ef{\x0e\
`\x0f\xa1\x07\x97\xc4>\xa6\xc11oE\x14~\x8d2\
\x9f\xe2\x19\x01\xa9\x05\xc0\xee\x0d\x8d\xd3\xa8\xd2\x95;\xdb\
g\x19cNOV\x82A\xe2\xb7K\x047\xc48\xf6\
\xcen\x8f\xa1\x97E\xb1 |\xda\xbc7\xaaF9\x8c\
\xa5\xc1\xf6\xe6.\x5c\xf6F\x1e!\xabN\x84\x08Oh\
\x05\x9cvi\xa5p\x16.\xbe\xdb^\xe6sY\x8e\xe3\
\xc8{\xa6jh\x97\xbc\x97nT\x17\x9f\xbfH\x04\x9e\
\x05N\xc9e\x99\xda\x82\xbd\xff2z\xa2\xf5\x00v5\
:F7[\x04/\xa9\x15I\xbb!\xdd\xab\x1e\xda\x1b\
c\x82J\xff\x22\x5c\xae90\xc4)\xd3\xe3\x9dcy\
\xe9\xa4\x99\x00\xbb\x03\xa0\xedC}\x83L6\xd2\x1b8\
\x16q\x0c\x17\x84\x0d\x13w\x90NN\xce\x15\xfcD\xbd\
\xccM\xcd\xaeS\xd3gjE\xb2y\xb4UpW\x22\
_\xa6\xdb\x81\x9f\xdc[\xbd\x80\xc6\xb4j#\x8do\x81\
H\xffYf\x12\xb1\x8c\x0aQ\xe7J[\xef\xb9\xe0\x01\
a0\x14\xc5'\xb7\xdfv\x5c[\x12\xebf\x8e\xbb}\
\xa9\xf8\xe4\x90\xd9dm\x05\x16|\xae5$\xda\xb0\xfa\
(\x7f\x0bZ[\xa3\xe2J\xc6\xf3x\xb2\xdd\xdc\x95i\
\xff7\x0f\x0a\xfe\x16\xf07S\xc2\xd4\xb3\x014\xd3\xaa\
\x0aO\xbc\xf0=\xb0\xb5\x87\x92\xef\xcc['\xb5\xc3\xcf\
\xe3\xe1Y\x9ee\xce\x10rl\xb9\xf6\xab)\xe9\xf5\xfe\
\xc6\xe1O\xba-\xae\xa3\xf7\x04\xcf\xdf\xd8p5\x1f\xd7\
~\x83\xb8]\x15hS\xa5V\x7f\x03\xa4\x12\xef\xcc\x8c\
\xa8\xcce2\x04\xb5\xd0320\x14j\x9b?\x09\x8f\
\xfe\xf2\xd8\xb8K\x8e\x98fVB\xba<\x84%\xb8C\
$z\x82\xf1\xff`\xe9\x93\xa4\xf6\xe4\xde\x9a\x15\xb2\x9b\
5c\xaf\xe1\x10\xa3~\x12\x8b5\xea\xa5!Q\x88\xb5\
\xffU$f\xbf\x9cfQ\xc0\x99u\x9b\x8a7\xc5\xd4\
\xf0\xeb\xea+\xb7\xc7\xd4=\xde\x17\x1a\xc7\xc5\xa0\xbaB\
\xf4\x0f51y\x06\x0aU\xca\x5c\x83Y\xea\x1f\xc6\x96\
4\xd4\x85E\xf6\xda\x93\x0e}\x8e\xd5->u\x0d\xd0\
\x0c\x18\x0dJW\xaf\xfcbj\xc3IX\xc0\xb2>-\
\x98\xb0Tk\x12PR\xe5%\xdb\xfcJ\x8de|r\
\x9a\xe4\x9cl\xe9\xbf\x8e\xac\xc1n\x04q6\x85M\xd9\
I1\xc8\x18\x9b\xd5\xb3;\xb8\x85\xdbq\x1a#\x1eQ\
see\x8b\xfe\x15\x08U\x5c^4\x88\xea\x83\x9d\xfe\
\xbcg\xfc\x13N\xf2\x1ax\x9e\x86\xaa\xdd\x12\x0f\xfa\x9d\
\xd3\xfc\x95\x96\xb6GB2\xd20\xcb.T:u\xe3\
\x0c\xbaP\xe1\x9d\xcdw*\xaa\xb9 \x96Tf\x00\xf5\
\xb5\xd0\x99\x15\xe6\x9bQTv\x88\x85\xc2\x7f9&\xd6\
\x9b\xe1:\xbc\xf0\x08\xd6\x12Cxs\x9c\xf06Jh\
|\x0d\xc0\xbat\xec\xbf\x12\xf5`\x09\xc2II\x86\xa8\
\xbb\x8c\xcf,\xcc\x99\x94<\x05vIvH\xd0\xd6\xc6\
\xac\x94\xd1_\xab\xed\xa6\xe1\xc8\xcb\xf1')\x94\x1be\
HJ\xac\xe1\x03\xb3\x0e\xd6>l\xd5\xd0\xf5?\x81b\
o\xcd$3{\xa3\x1f\xf2\xf2\xca\xc5G(|\xc1\xf3\
\x9b\xa3\xe8e\xd0\xda\xda\xf4\x9f\x8f\x8a\xa5\xdf\xf6\xd0\xdf\
v\xc6\xeaS^\x84\xd5{L\xbc\x17-k\xabD9\
\xbb\xf0\xa9\xd1r(e\xce\xda#Z{\xe3\xcb\xfa\x86\
\xa0\x16D\xae\xfa\xf3\xadc\xdb&\xacP\xe5\xc4\xc6\x80\
\xc4\xd0!K\xacP\xae\xae\xef\x17%yUK\xc8\xef\
\xf8\xe4\xe5I\x03?\xbe\xd8T\xc9\xca\xb1\x90i\x9c\xe3\
\xbb\x8e\x09)$X\x93,D\xd2\x03\xe2L\x8d\xa8\xcf\
L\x86\xb9\x8e\x08\xf0\x80)\x1c\x839\x22\xa39v\xe6\
w\xbe\x96\xfe\x1e{\xe8\xb1\xc9\xc0\xebl\x99\x83\x12#\
eFW\x18\x98P\xc2B\x995\xad\xaf\x07\xcaB\xb8\
\xb2a\xec\x5c\xe8\xe7\x87\xce4\x0e\x16\xcc<\xd5s\xd3\
\xbc\xa73\xf4\x8e\x22\xd40M\x94\xc8\xc2\xe2\x87\x9b\x9d\
]\x15vG\xeb\x86~\x95w2\xc1\xffy\xd5\xf8b\
A9\xa8\x1c(\x11B\xf9\xcc\xf67*\xd0\x08\xfd\xd5\
,x\xa5\xeeD\x0d\xfb\xae$\x16B+\x02\x06\x10\xbe\
\xe0\x1e\xe5\x18\x0a\xc5j\xdc\xa8R=\xc1\x94\x80ys\
\xb4\xc0\x0d\xc3eJ\xfa\x11T \x08H\xb9J\x84\xd4\
\xb5/\xda\x0a6\xe1D\x1c\xe5\x81c\x12\xa4\x03\xc2(\
\x11:\xfc+\xffd\xbc\x1cv\x14\xd2\xe8\xb3\xb7>\xaa\
\xd7d\xc2\xd5S\x0a\xcb!fc\xcd\x062\xaej\xd1\
\xa0w@2\xbf!\x9e\xe96\x83\xc0D\xc8\x1f\xf1\x09\
\xb5aQ\x14\xa7%\x122\xa0\xf8@\x7f!\x9a\x1b\x00\
\xe4m\x99\xcaFJX\xc6i\xd6X\x15\x99\x95\xddK\
\xe09oS\x1b\xd07\xd3(\x98\x08w\x80(F\xcc\
\xb7\xf54\x9c\xbf\x22\xd7Ch\x02\x9cD\x0b\xad\xcf8\
\xa9\x07\x96\xed\x0cO\x10\x01L\x14\xe0\xc6\x0b\xa9A\x97\
\x19/\x84>_\x14/\x8a\x16\x08(\xb4\xff+e\xb8\
\x08a\x8e7\x18\xa6\x8a/\x13\xe0=Ou23@\
\xba\xf4\xde\x88\x16\xfc\x9e\xe56\xd6\x1cS\x11\x82\xea\xd6\
%\xb0\xfd\xde\xba \xdf\xd3\xe1\xa0M\xa5\x1f\x9d\xed(\
\xa8\x8d\x00\x99\x10W]\x03\xf0P0\xb7l\xee\xb8\x16\
\xc2[h\xf4\xc0\xab\x228\xc2\x89\xbf\xcb\xc4\xa2\xb7\xcd\
\xa6\xf3O\x91\x91=\x93\x9a\xd90\xdf\x9co\x84\x93E\
c\xe0\xcb,\xb9#\xec\xb7\xc7\x0015\xf8\xb6\xd3.\
\xbf\xcf\xd2\x1d\xf8\xb9d\xaf\x89q1\x95w\xde5w\
$-T?\xa6\x840\x9b\x1aK\xa2\x9d\xc2\x8cf\x8f\
D\x9b\x99\xa9\x0a\x9d\x08\xa4\xdb\x9e\xc6\x11\x87\x22\x91A\
\x07\xa7\xe4\xcbP\xac\x81\x11v\x9e,\x0dk\x05\xbfY\
\xbe`\xf7[\xd2\x96\xac\xf9\xc4mc\x0f\xb8a]\xfb\
\xbf\xc1\xb0|=\x0de\x94\xda!(S(\x8a \xcc\
\x0e\x83\x94\x10\x9f{\xbf\xaf\xea\xb4\xa6q\x03\xc822\
^bl0N\x0a\x0b\xb3c\x1c\x81\xe4\xd3@\xa5\x86\
\xc4\xe8\xfd\x8b\x038%$^\x9e\x01\xa6\xf6\x1c:\xb9\
\x1a\xe8@O\xb7\x8b\x065\xbf\xfe\xa5-\xeb\xca+9\
\x83r\x8b\x12\xa3:,\xca\x0e=\xdft\xa9-\x10\xa7\
\x8a6\x94J8Z\xe9\x83\xe9\xdcD/\xd67\xa0\xeb\
\x14\xe8\xa4*F\x99^k\x9c B{\xae%\x19\xb2\
i\x00\xad\xd3\xd097\x13\x05\x82\xbd;\xc8\xb8\xb1\x80\
\x9f[\x13\xd1\x06\xd6\xb1`\xf8&T\xd9L\xe5\xb6\xad\
\xa2Ty\xb0N\xd3\xb9\xc3\xaa{\xda\x8c'4dA\
\xc8fC\x85\xf4\x91w\x81\xc8\xbe\xa5c\xc5\xac\x1fT\
\x08w\x10\x99\xfa!\x98~\xffk\xac\xcb\xcf\x14\x95{\
;\x1f\xf8E&\xa6M\xd7k\xfa\xe0\xdcex\xa0I\
$)\xce\xe6T\x9d1\xd1\x87\x16\x9b\xf3V\x8bE`\
h\x86\x01\x81\xf3\xa2;Q\xe2\xadr:\x9b\x22t3\
L\x90I\xb9\x8a\x01\x9b\x7fw\x885R\x9c\xc3\xd9\xe0\
T\xf6v\xfc&\xe0\xdd\xbf$\xb6\x9d\x98A|\xf0!\
\xce\xc7vt$\x1c!\xc6T\xb0}\xccE\x81z\x8e\
\x84\xccs\xf7\xde|\x17\xf5\x89\xe5\xdeS\xc8uD\xc2\
Z\x19\xdf-\x89l\x5c\x8epE+\x85P\xb9\xce\xef\
\xcd\xbd\xf1\xdb\xaei\x10s&\xa5\x1a\xbc\xb0\xc19\x00\
\xc7\x9a\x87\xdfz\xc4\xef\x22\x0c\xd8\xf8x\x92ji\x86\
\x8b\xcfLL\x17Jr\x1cE\x0f\xd2\xdc\xcd\x03U=\
!\xd4\xa5\x87\x92D\x92\x15\xd1\xb0d\xe3\xae\xd1Cr\
y\xbc\x96?\xf2[\x8e(\x1d\xb6\xd6\xfc\xa7\xb5\xacK\
\xb0! \x16\xe4\xd9\xd0k\xbe\xf6X\xa0\x16\x11K\xab\
\x1f\xf0\xbb\xad\xe1=\xa0\xbb\xbdt\x192\xde b\xbf\
\x08\x17\xe5Lw\x03\xf9\x8f\x0eT_\x96\xaak\x5cA\
\xb2\xd5\xc0\xe1\x00np\xf9\x1aTJ\xb4\xcb(M]\
\x08\x16\xe9i`\xa3\xa2I\xf6\xd5Fr\xff\x0f\xe3\x89\
\xef\x0eX+n \xce\x0f\xee\xf7\xd6(\xdf\x14\x97\xd9\
G\x05\x124\xba\x05\xa3 C\x85\xd2\xd8\xba2\x8c(\
\x8b\xf0\x12\xa3\xab\xce\xffT\xce\xf55I\xec\x01\xd4Q\
U9\x1e\x1d\xfb\xaa\xf1\x02_\xfd\x1d\xb2\xd5\xc6?\xf6\
\xeeT\x83l*!\x97\x1f\x0e\xbba\xcc&\x1f\xa1\x16\
 \x9dOLX\x18\x7fW\xd8?\x8d\xa0\xb6\x12\xab8\
@\xec\xc3\xb5\x8f\x9b5tU\xc6\xa0\xe2u\xa91c\
\xcf\x17\x9b6\x8aD\xaa\xd3\x99\x86\x22b\xfb]\x96@\
\xb4\x5c\xf4'\xea\xb9\x0b\xbb\xd1\x98A\x94\x82\xdd\xb45\
$3j\xe6:\x81\xb5\x1d\xe0QGPo2\x7f\xad\
\xfe\xe4\xac\xdcA\xa7\xdd=\x9cDeP[Y\xf9\xba\
\xaa\x12\xab\xf9=\xf9\xb7P\xd0\x1f\x9dn\xbf\xff8p\
/\xd1\xf1[\xc9\xef\xbb\x9b\x9a\x17\x07\x88\xe2\x11\xe5\x19\
\x87!a\x1c\xda\x9a\xa8\x91\x03\xbc\x857\xa8\x0eI\x90\
Y\xbf\xfb\xc5\xea\x97\x02\x92\xdc\x9d\x10\xc2\x13\x07\xed`\
{\x90\xe9]0K\xf1\x88\x1a\xfc\xc9\x91QBp\xbf\
v\xc3\xd7\xf0\xbf\xe2i\x02\xa0\xa9\xa0\xd1*P\x07\x9f\
\xbf?+\x96\xd0F\xe4\xcb\x15\xfbT'\x0c3=Y\
\x8d\xd7\xaa _\xb3\xf8*J\xb6\x14}\xa6\xb4\xf0\xcb\
\x11|D\x14x\xbb\xad\x8c\xd7\xb6\x8d\xc97\x08y\x94\
\x9cq\xd4\xb1\xa2\xbf\xbb\xa3\x01\x1e\x14\x01\xdfW.\x06\
\x1d\xa7\xd0\xc9\xc46\x17\xc1\x03\xd9\xd9\x01 \xc7\x12\xea\
\x07\xd3\xdb\x11\xf7\x07\xffc4U#\x84\xaf\xc5\xe66\
\x1b\xfc\xeb\xda\xd6\x8d3\xd1o\x0d\xde\x1c\x15hp\xe2\
Hn\xee\xe1\xfa\x96\x92_\xb0z9\xd60y\xbbk\
NU\x9e\xf2\x8c\xceNb\x84\x927\x16\xa3\x96\x8a\x06\
>\xa4\x00\xda\x90\xdc\xe6\xd9\xa7\xfd\xfc\x95%\xb2I\x08\
\xad!I_!NqV\xbbf.\x19\x02\xf7\x0f\x1a\
U\x11\x09\x97k@\xb1\xbbkP`\xdf\xd2O|<\
\xe5\xc8&o\x97\xc5\xd3,\xf2\x1e\x19-\xa42oU\
\x0a\x12^\xba\xf8\xee\x93\xd2|\x1e\xf59/2\x0dr\
\xb5\x16jdA\x16s\xb5\xec$\x9f\x08}\x0e\xa4\xda\
\x87\xffb\xde\x85\xc9i\xc19\x17\x1b\xaf\xf8\xaa\xf0\xf3\
\x06s~\xc4\x7f\x83((\xca\xd7\x19e!\xa5\xe7\xea\
\xb09=\x97\xac\x1a\xf3\x19\xcbV\x83\x84o\xe1\xb7 \
/\x8c^Y\x9eD\x06\x8d\xc6\xa3\x91\xd3\x0d\x1ex\x0b\
.r1\x04\x1f\x82\x19\xe5|o\xdb\xf2\xa0\xad\xe6_\
\xdf\x16$\xdfu\x08\x99\xcb\xff=R\xf1&71\xfc\
\xc0-\xff%\xab\xb4\xf8\xc7bk\x0c\x9f\xcf3'h\
\xb9N@la\xf1\xee.\xe3?\xd6\x94A\x98\xcd\xc3\
\xd96\x22~\xf2\xf1\x09\xe3:\xa5!\xc8#rug\
\x89\xb7e\xf8\x97\xaa\xe5,\xbe\x83\x9d\xe2\xb6\x1et\xe8\
Vr\xd6\x1d\xfaz\xcc\xd2C7\xb8\xcf\x06wu\xc8\
\xca\xff\xd9\
\x00\x00=a\
\x00\
\x02\x92dx\xda\xed]\x09<T\xdf\x17\xbfc0\x96\
J\xc8\x16\xa1\xc5RT\xdaUD\xd2^\xb4J\xdb/\
K\x9b\x92\xe8W(\xc5\xa8\xb4P)Z\xb4\xa8T\xd2\
\x1e\xd5_\xb4\x99\x08\xf5k\xa1]\xb4hW\x89\x89\x8a\
j\xcc\xfc\xdf5w\x18\xd3\xcc\x98a\xc6\x0c\xde\xf7\xd3\
\xe9\xdd7\xder\xdf\xbd\xe7\x9e{\xee\xb9\xe7\x9e\x0b\x00\
\x01(\x82\xd6\xad\x01v4\x04\xf3e\x01\xd8\x09\x00\xd0\
\xd6f\x9eoP\x04\x80\x8e\xfdfh\xc8<?\x86]\
\xb7\xae\x15\x00\x16\x16\xe8\xdc\x08\x80n\x06\x00\xd8\xda2\
\xcfM\xed\x00xb\x0f\xc0\x88\x11\xe8\xfeI\xd8\xfd\xeb\
\x00pqA\xd7o\xc7\xee\xcf\x03\x80LF\xd7+\x10\
@7o\x02\x80\x80\xe7\xad\xda\x02\xe0\xe4/\x03L\xb1\
s\xecU\xd8/\xcc\xdf+\x81\xe5C]\x99Ib\x80\
\x02F\xba\xe8(,\xb0\xd2\x02\xfb1\xba\x89\x8e\xda\x5c\
\xae\x91\xc1h\x08F+\xd1Q\x86\xedo\x0b1:\x8b\
\x91\x19:.\xe4r?\xbc\xe7\x16F\xbb\xd0q\x08\x8f\
\xfb\xcfa\xe4\xcb\xe5\xfe\xe5\x80Y\xb5\x00=#\x80K\
\xfe3\xd07\x5c\xc1\xa8\x07Fm\x10ib\x14\x87Q\
\x1ez\x06\xe7\xfb\xd9\xcbO\x15#\x7f\x8c\xeec\x94\x8a\
\x11\x05\xa3\x1b\x18\x1d\xc4h\x02F~\x18\xd9r|?\
\xb7\xf2\xbc\x8d\xd1\x14D\x0f12\xc6\xc8\x1a=\xbb\xb6\
\xfb50J\xc1h2\xa2w\xe8\x9bx\x95\x1f7\xc0\
\xf2\xf9\x80\xf2?\x0f\xa3\xa3\xe8^n\xe5\xc7\x99\xf7\x05\
\x18\xa5a\x14\x82\xca\x03b\xb0\x00\xefW@\xf5\x00\xeb\
2\x01\x95\x99\xbc\x00\xfc\xc3\x82.\xaa?3D7\xd1\
o\xc2\xb4\x01\xd6\xfb\xcf\xa2\xb4B\x1d\xda\xc2BD\xda\
@\xcc \x5c\xc7\xfe#\xf3\xfe{>\xaa\xc0\x1a\x84\x89\
\x1b\x8a\x0d\x93LQ&-\xd8\xe5\x8c\xa2X\xe5\x8c\xb4\
@\x0d\xa3\xb6l\xfc%*\xc8\xa3\xba\xcfF\xc5\x7f\x1c\
\xf1\xa2 \xd0C\xbc\xdd\x9b\x0f\xdfM\xc3\xe8;FI\
\x18E`\xf4\x11\xa3\xabl\xed\x8c\x17\xc6b\xf4\x04\xa3\
\x1f\x18\x15c\xb4\x17\x95\x01\xa7\x8c>\x89\xd1\x03$\xf3\
\x00j\xcb\xdf\x91\xec\xe1\x97\xef'Hf9c\x84\xf5\
x\xe0'FK\x05|~\x09F\x03\xf9<\x7f\x08\xca\
\xb73\xa8\xe2\xd0\xca\xb6}\x9e\xd9+\xd6Z>\xa5\x18\
\x8d\xe2\xf3\xfc\x01\xe8\x9au\xe8\xd9\xddQ\xdd\xed\xafl\
\x16\xbc\xeb\xf7\x15\xeao\x1ec\xf4\x06#G\x94\x1f-\
D\xf0\xdev\x18\x1d\xc6\x88\x86\xbe!\x13=\x1b\xca\xe4\
A\x02\xf2g7\x8c\xd21\xfa\x84\xd1)\x8cr0z\
\x86\xea0\x13\xd5\xe7*\x8c\x96\xa1\xfc\xec\xaf\xe5\xd9\xdc\
`\x84\xea\xf0\x17F1\x88\xca0\xfa\x8c\xd1x\x0e\x19\
I\xa8C\xbb\xd0@\xf9\x8eA| \x83\xd2\xb9\xa8\x8f\
m\x8d\xf8\xe5|\x1d\xf3\xaf\x85\x9e\xc5\xfe\xfc\x03\x18U\
\xa0\xf2\x8fG|qS\xc0\xf2\xe7\xa6\xbflB\xbcz\
\x10\xbd\xa7\x04\xf5e\x90\x0f\x18\xa8\xbf\xab\x8d\x7f\xf8\xa1\
\x0bF\x05\x88\x17\x9f\xa1\xf7\xc1\xb2\x19\x87\xda\x93 \xfc\
\xcf\x0d\xaa\x88\xc7\xd7`\xf4\x0d\xa3\xe9\xe8\xb92l\xfd\
\xa6 \xed\x97\x1b\xcc\x90nQ\x8a\xca\xfa\x0bF}\x05\
\x94?\xea\x02\xc8\xd2\xe3\xa8\x0d/@\xf4\x1e\xfd&_\
G\xf9\xc9\x8e\xb6\xa8\x9e\x22\xd8~\x8b@\xbf\xb5\x15Q\
\x1f\x93\x8dd\x91&\xa2$\xf4\x9b\x9a\x88\xfa\x9b\x85\x88\
\xaf\x1f \xfa\xceC\x7f\xaeO\x7f6\x15\xc9\xed\x93H\
\xbe\x8a\xba\xcf\x04lmV*\xc1`0\x009\x08k\
\xe2VXs\xb6\x02\xd5\xc4\xc1ed\xac\xb9CAO\
GT\x8e\x11\xb5\x06\x11\x00\x95\xc8\xa8A\xe5$F\xa5\
\x1ef\x88\x14\xfb*=\xacu\xb3\xd0\xc3\x9a\x02\xe40\
\xd2A$\xd7\xc0\xef\xee\x87\xc6f\xb9\x88\xe2\xd0o\x0d\
\xf1\x1d\xf0=\xcfQ\xdf\xf7\x15\x11\x03\xfd\xd6O\xcc\xdf\
!\x87\xae\x87\xef;\x86\xfa\xdc\xee(\xcd@\x7f\x93\x13\
\xe2\xdd\xc2~\x87\x0e\xca\xe7W\xf4^\x16`\xba\x08\xfd\
MG\xc02\xaf\xcbw\xf0{\xffW\xa4?\x08\xf2\xfe\
\xba~\x87\x1c\xaa#^\xf9N\xc4\x88$\xe0x9\x87\
\xcfw\xf0+G^\xf5\xc6@z\xab\x9b\x00}\x0a|\
\xff\x9dz\xf0\x11'\xdf\xc6\x22\xdd\xe67\xea\x8b}Q\
\x7f)\xcb\xa5muFv\x0e:[\xbe\xeb\xd2\x8e\xd8\
\xdb\xad,z\x9f/z?\xcc\xc7>\x8c\x8e\xb0\xe5\xf1\
\x08\xd2\x11\x1e\xa0\xf7<@\xe7GD$GX\xfd\xb9\
\x1b\xaa\x07\x06\x8f:\xa2\xa3\xef\xef\x0c\xaa,\x9cUc\
'Y\x11\xc8F\x12\xe2C^u{\x87\xc3F#\xea\
\xf7\xeb\xa0v\xc8\xabm\xe5\xa0q\x91\xa8\xe5\xb8 m\
\xbb\x10\xe9\xf8P\xdf\x9d\x83l\x9b\xa2\x90\xe3\xfcd\x84\
\x05G\xf9\xd39\x8e\xf5\x95\xe3\xbc\xda\xe7\x0b.\xdf\x96\
\x87\xbe;\x02\x95Ca=\xe58/\x10\x91\xde\xcc@\
\xe3\xf7g\x1cu\xabU\x8b\x1c\xaf\xeb\xfb\xe5\xd0x\xc3\
\x0e\xbd\xf7\x13\x1a\x1bir\x94\xa7(\xfbQN\x99\xf8\
\x0c\xbd\x97\x81\xca\x80\xd8@z\x04\xebYEl\xcfz\
Q\xcb\xb3D\xd1\xfe\xb8\x95\xa5\x85\x10eY_=R\
T:\x898\xe4\xcd\xd7\x06x\x7fm:I}e\x89\
\xb8tIi\x1e\x134\xc61Q\x93\x05\x03!\xdf\x80\
\xc1\xa0\xa8\x94\x93\xc8$*\x91L\xca'T\x11\x11#\
\x02\x85@\x06\xa0\x92(\x18\xe5cr\x97\x01\x89\x0c\x08\
\x0c\x0a\x1ba\x7f\xc3:^\x02\xad\x92\x0c1\xb2 \xd2\
\x80%\x89\x06l\x18\xecD\x07A\x0c\x06z\xb3)\x12\
h.\xecv\x8aN\xb8\x9d\x02\x07\x8ef\x068\xbe\x83\
s\x08\xed@\xcd\xb9\x84\xc6\x90o[\x8c\xa2\x01\xd3\x0e\
\xff\x12\x1d\xe1\x5c\xcd`)\xff\x0e\xd8\x8f.\xe3\x18C\
38\xc6\xd7\xcbD\xdc\xdf\x92\x90\xee\x00\xe7^V\xa2\
c?\x01m;\x9cpCc-V~\xe1\x9c\xd1[\
td\xfd\xf6\x13]'\x0a@\x9f\x99CH\xf7e/\
'x\x0e\xe7\x04M\x84x\x96.\x9b\xbd\x84e\xdf\x82\
c\xab\x0e\xe8\x98\xc8\xf6\xb7\x07@8\xbf\x13^y\xcf\
\xe4Q\xcf,\xba)\xc47L\xc4\xe8\x0f\xba\x0f\xf2\xbb\
!\xc7\xdf\x0d\xd1\xef\x0ct\xdd\xc4z\xf2\xcc!\xb6|\
\xc29\xc7\x13\x809?z\x02\x9d\xb3\xfevH@^\
\xf2g\xbbg\x0b\x8fk\xb6\xb0]\xe3WO\xfd\xb9\x88\
-\xef.l\xf6 Yt\xfe\x8d\x8d\x97\xfaIY\xfe\
\x17\xb0=\xe7\x04\x17[\x96,\xfa\x9du\xcd\x82:\xf0\
\x8f\x01\x17\xfe\xb9\x8f\xfe\x0em\x8e\x13\xea\x91\xff\x95l\
y[\xcb\xe3\x9a\x10\xb6kV\x0a\xd8~\x1f\x0a\xd8~\
\xa1o\x80i=\xf2\xef\xc1Q\xfer\x22(\x7fA\xe5\
'\xab\xfd\xee\x07\xd5>6\xc2\xc2\x96\xed\x99\x90\xcf]\
E\xc0\xff\x82\xf4_\xd07\x80\xc6v~\x0e\xd5\x8f0\
\x80~,\xd0G\xa6\x82\x8b\xfcY[\x0f\xf9\xc3M\x7f\
\xb8\x8f\xf4\x87\xfb\xe8|$F\xa1\x809\xed\xcbz~\
\x1a\x87-D\x19\xf1\xa2.J\xb3c(F\xf7j\x91\
\xf9u\x95\xff\x82\xeao\xb0,\xe0\xdcA\x09\xdb{\xe0\
\xf7A\xdf\xa6\xc5\x80\xe9k\x96\x87\x08\xa6}0j\x0f\
\x98\xf3\x07\x05\x1ce\xbeE\x84\xfd\xaf\xb0\xdf\xe6\x0ej\
\xce=\xfc\xe0\xe0\x09\x16U \xdb\x0c{\xbb\x82\xb6\xc2\
\xa9\xe89\xa2\xd4\x7f\x84\xc58\xc4_\x9c\xf9-@\xc4\
\xf9=\xd0\x8e~\x0d0\xfd_\xa4\x05\xa1l\xf9\x83\xbe\
A\xd0\xa7\xa83\xa2\xa5\xe87\xd6\xdf/\x03\xd1\xf8\xdd\
\x88\x0a\xb0}^a+\xf7e\x5c\xaeY\xc6V\x0f\x97\
\x00\xd37K\x5c\xfa\xb3\xb0\xd0\x05\xd5\xf3:\x05\xa0z\
\x9e\x8d\x1d\x9d\xd9\xda-\xb4\x15j\x89I\x7fn\x88\xfc\
C\x17\x1b\xe8\xe7\x0f}\xd2\xba\x89X\x7f\xae+\xff\x5c\
e\xe3\x1fn\xfetK\xb9\xb4\xe3\x0f\xa0\xda\x86,*\
\xfd\xb9\xaeX\x02j\xce\xa9/\xe3h\xbf\x9fk)c\
Q\xe9\xcfu\x85\x16\x92\x89\xb5\xc9\xcf4P\xed\x7f\xca\
\xae\x9f\x9c\x14\x91\xfe\x5c\x1f\xf4\xe0\xd2\x0f\xb0\x13\x5c\xeb\
a\xce\xa6cm\x12\x83\xfe\x5c\x1f\xc0\xb6\xf8\x1e\xbd\x0b\
\xfa\x17\xbfB\xb2\xe6*\xe2/\xedZ\xf4gI\x97\xff\
:\x8eqC\x07\xd4O)7\xe0\xf8QX\xb99\x11\
\x8d!\x83\x01\xd3\x9f\x95\x81\xf4\xd2)\xf5\x18\xbf\xaf\x15\
\xb3\xfc\x91Cc\x9c\x07lcMv\x82~\xf6\x82\xce\
\x1f\x9a \xf9\xdeP\xf2_\x06\xc9\xc6\x9f|\xde\xf7\x03\
]#\xa8\x8d\xb1!\xfb_[\x0e\xb9\x97\x8d\xf4\xf7p\
\xb6q=\xcb\xc6h+!\xfb!\xbf\xb2\xdf\xcf\xd1F\
\x0d9l\x13\xec\xe3\xfbh)\xb3\xf3\xb6a+\xe3R\
d\x8f\xe0\x84\x1d\xdb\x98<\x1b\xdd#-h\xc7\xd6?\
\xbd\xe51f\xef\x80\xfe\xc6@\xd7\xb6\xc3\xcb_\xac\xfc\
\xcfn\x9f3\x90r\xfe\xe7'\x7f\xb6\xb0\xd9\xa5\xeb\x22\
\x7f\x1a\xb2\x0ej\x93\xff?\x85\x94\xff\x0d\x0d^\xfd\xef\
\x1fd;u\x03\x8d\xc3\x97\x83\xa5\xff\xf8#\x9a\x08\xea\
?\x1f\x83\x03\x07\x0e\x01\xc1\xf4\x16\xe2},\x07\xcc#\
\x15\x041\xc86p\x80b\xc3\x80\xbd\x14v\xa4\x03\x15\
\xb8N\xdd\x80\x065D\xecX\x0e\xbdFk?\xaa\xa0\
#)\x1f\x1e\xe1\x80\x87\xfdHE\x9a(\x1c\x00\xc1\xe7\
3\xca\x99\xbd\x22\x83\x86\x8et\xf4;\x83y]\xe5\x91\
(\xc0\x91\x86\x8eTt\xccGG\x0a\xb0DG\xab\xca\
\xe7Q\xc0\xa0\xca\xe7S\x80M\xe5\xfb\xb0#\xfcnx\
\xac,\x17A\x8f\xf9\x95\xceX\xf0}\xcc\xf2\xa4\x11\xb9\
\x96\xaf)\xea$\xc9\x80\xcdO\xcb\x16\xf7\xd3\xc2\x81\x03\
\x07\x0e\x1c8\xea\x08\xac\x17\xaf\x8c3\xa0\x87\xd2\xcd\x01\
p\xcc\x87i+`\x1b`\xc6\xc8b\xcd\xff\xc3t\x04\
R5\x9a\xaa\x8f\xbf6\xfa\xee\x22>\xe3\xfabT\x0e\
\xdaM\x8c\x1f\xe1\xf7\x9c\x01\x82\xfb\xa3\x9cm\xa02h\
\x08~\x94C\xcf\xe7\xfcF8\x7f\xf5\x1e\xd1/.\x7f\
\xdf&\xe6\xb6\xd0P\xfch\xcb\xe5\x1dp>\x1d\xfa\xc5\
\x98 \x9a\x0a\xfe\x9ec/\x02\xe2\xb3\xcf5$?F\
p\xf9\xf6N\x5c\xae\xeb\xc4\xa5\x0c\xb6\x89\x89\xe7\x1b\x8a\
\x1fUP[b\x7f\xc7T>\xd7O\xe5xw\x86\x18\
dQC\xf2\xa3\x1e\xa8\xf6;a\xa0\xb2\xe57\xd7f\
\x02\xaa\xe7\xb7Yk\x8b\xf5D\xfc\xfd\x0d\xc9\x8f\xd2\xf6\
\xfd\x0d\xcd\x8f\xd2\xc6\xff\x92\xa8\x0fA\xf9\x0d\xceQ\xdf\
\xe2\xb8v\xab\x88y_\x12\xdfo\x8b\xfaQa\xe5\x0d\
\x9c+\xf9G\x0c:^C\xf3c]\xfb\x1b\x96\xbf\xb0\
\xad\x98\xe5\x1f\xe49#\x01\xe5_D\x03\xe9\x1b\xec\x04\
}\x9c\xc6\x8b\xe8\xdb\xa1\x7f\xf5y.\xefh\x08}L\
\x10}\x13\xc6\xce\x80\xb1\x03\x7fs\xfc\x0e}\x03g\x03\
\xdeq\x1f\x04m\x87\xb7\xf8\xbc\xbb!\xf4q9\x94\x8f\
\x08\x1e\xe3\x0d8\x16\x81k-8}\xff!A?z\
\xe8\x87\xa5 \xe4\xb8\x0d\xc6\xf0\x99\xcb!\xc7\x84%q\
\x8c\xc7\xf8\xe5\x9b\x84\xbe\xb5\x84#\x1f\xb0L\xc2P\x19\
\x0d\xaae\xdc&\x8b\xae\x83}\x08\xb7\xb9\xf4d\xc0\x8c\
g$\xad\xe3q\xc8\xebp\xed\xc1'\x8e<\xfdFm\
\xa4\x90O\xbe\xe17A\xdf\x8c$\xc0\xddw`\x1b*\
\x1b\xd9Z\xf8Q\x1a\xec1\xe3Au\x5c\xd4\xfa\x12l\
\x03\xf3\x00w\x9f1i\xb6\xc7A\xb9\x90]G\xb9\xc5\
\xde\xcf\xd9\x82\xc6\x8b\x7f\xc0\xdf\xbe\x9c7\x05\xe8\xb7 \
]@}_c\xc6V.\xf5i\xcc\xe5:#.\xfd\
\xdc\xb6z\xcacICX\xbdu\x9a\x80zkc\xb1\
G\xd7w\xdc\xc2-^\x92\xb4\xdb\xa3\xeb\xfb\xfd\x1f8\
\xf4J\x17P\xbd&LKJ\xed\xd1\xa2\xe4\xff\xdf\x5c\
t'\xe8\xf7\xbe\x03\xd4\x5c\xf3 -\xf6hq\xda\xad\
j#I\xdb\xa3\xebjG\x80\xfd\xdft\x01\xfa\xbf\xda\
\xbe]\x92\xf6\xe8\xfa\xda\x11~\xd7\xc2\xb7'\x10\xcf?\
\xe22\xa6\xfa\x8d\xda\x8a$\xed\xd1u\xb1#\xd0\x85\x90\
[\xacu\x98:H\x06\x16J\x99=\xba.\xed\xe0[\
-\xdf\xcd\xab\xdfb\xc5\x15l\xcc\xdf\xbf\x06\xfc\x1d\xab\
GP\xbdE\x1a\xe7c\x84\x01\x5c\x7f\xf0\x14\xd4\x5c\x83\
\xb9\x0c\xd5\xab\xa0zk}\xfa\x91\x08\x09|3K/\
\xd7\x015\xd7\x883PY\x184\x90=\xba!\xfb?\
nz9+\x1e({\x9e\xd6\x88\xb0\x1f\x91\x16\xfdG\
\x10\xbd\x9c\xb5\x96\xd2\xb6\x1e\xef\x90F\xfdW\x98|\xd1\
\xd1\xb5\xdab,\xe7\x86\x1c\xff\x08\xc2\x97\xbfE\xcc\x97\
\xb5\xd9\xa3\x1br\xfck\x0bj\x9f\x97\x9f\x01\xfe^\x8b\
+*\xb9$i\xfb\x87\xb4\xf9\x89H\xf3\xf8V\xda\xf4\
\x12I\xdbw\xa4A/\xc5\xbf\x1f\xe7\x7fI\xc9\xbf\x08\
\xd0\xf8\xd1\x18\xf4rI\xeb?\xd2h\x97\x94\x94\xfe+\
\x0dviI\x8d\x7f\xa4e^B\x9cmAZ\xf4r\
i\xe8\x1b\x9b\xdb:\x19\x1c8p\xe0h4`\x08\x0b\
\xa0Ry\xa0\x01b\xe5\xb1\x1c\x10\x180\x16A\xe5\x91\
\x02l\xa8\xf0\x91d`P\xe3\x88\xc9\x7f!\x8eA\xe8\
hCg\x1e\x0dh\xcc\xa3J9\x93*\xfb\x16\xd6\x91\
\xc6<\x1a0XG,\x13\x18l\x18\x95\x81\x18\xe0\xe7\
Q\xd1\xb1\x1c\xfdNC\xd7\xd58\xaa\x08~\xa4s\x1c\
)\xe8X\xe9\xf8\xa7\x02\x7f\x0eb?b\xb7\xd9`\xe5\
P\xe3H\xa9\xdcX\x07\x16V\xe5cm\x98\x05Z\xb7\
#|\x0f\xfb\xb1*\x06\x04\x85(Hu\xc28\x11#\
\x00\xd3I\xa9*N\xc4x<N\x04\x0e\x1c8p\xe0\
\xc0\x81\x03G\x1d\x01m=0N\xa8>`\xfa\xb0\xb6\
\xc4\x8b\xa4\x120\x16#\xdc{\x19\xfa\xf8e\x01f\xac\
{\xb8\x176T\xa6\xe1:!\xb8FH\xbe\x19\x96\x0b\
\x5c\xd7\x03\xe3s\xdf\x05\xdc\xf7*a\x9f;\x88\x02\xd2\
\xb36\x82\xb5\xe7\xbc\x8c\x98\xdb\x12\xe7\xbe4\xb5\x11\x8c\
\xe9\xdfUBe\x02\xdb\xbb\x13`\xc6\xaf\x85\xfb\x11\xc1\
}\xee\x0f\x02\xa6/X_ \xfa=\x1b\xe0\x9a\xb3\xef\
@\xf8\xb5UWA\xc3\xee\xb9\x02G\x95p]#\xdc\
\xe7\xe87\x8f<\xc1=ab@\xcd}\x93\xea\x83.\
\xa0\xe6~\x1a,\x82{@\x1c\x07\xcc\xbd\x10\xe0\xdc\x05\
\x5c\x7f\xc3-\xee\xfc\xda\xca\xe1\xb1\xf8\x01\xfb\x8a=\x80\
\xffz0v\x82\xfb\xab\x8f\x15\xc1{Cx\xb4\x9d\x81\
\xa0\xe6|\x85\x06F\x01\x5c\xda \x5c\xe7g\xd2\x00|\
\xb3\xa7\x0e\xfc\xfd\x06p\x8f\xe7-L\x9d\xdc\xe1xf\
\x1e\x1f\xde\x84\xeb?7\x80\xbf}\xde\xe6\x8a\xb9|\xe6\
\xf2\xe0\x1b\xb8\x06\xfb\x06`\xeeM\xf4\x84G\x9bK\x07\
u\xdf\x97\x1d\xeeM\xc2\xb9\xa65\xa4\x96{\xe0\xfa\xb7\
|\x8e{\xa2\xc4,\x8b\xb38\xdeGCm\x1f\xeeE\
\xd0\x0a0\xd7gC\xbdd>\x97\xbc\xc1\xfa\xf3\xaa\xe3\
\xbb\xe1\x9en\xec\xeb\x98\x05\xd9[S\x09\xd4\xdc\xb3\x86\
5g,\xae\xb9C'.|q\x0c#U\x1e\xd7;\
p\xa9\xf3ku\xd4o\x1bC\xf9l\xe1\xd2\xa6\xf8\xed\
\xd9B\xe4\x22\xab>\xa0~\xa8\xa9\xb5/Y\xa4\xdf\xb0\
\xbf\xeb\x86\x00\xbc0\x1d\xd4\xdc\xeb\x11\xee\x8d2\xb8\x01\
\xe43\xcc\xef\xc6\x06\x94\xcfP/>\xc7\xf1\xbeK\xe0\
\xefx\x10\x9cp\xe4h\x93e\x18\x0d\x17a\xff\x9e\x8a\
\xd1\x00\x1e\xfd;\xe7~\xa2\xf9\x80\xfb\x9aeQ@\x06\
\xe9\xc5\x9c\xfb\xfc\xd4\xa6\x93.\x05\x7f\xfb\x96X\x8aX\
?\xfc(\xa0~\x08c=L\x12c\xff\xc5\xf9\xad\x90\
/<\xf8\x5c\x0f\xfbrN\x7f\xb3\xa7\xa0~{ \xcc\
Fm\xb4\xae1\x1c>\x81\xfa\xc7\x82\xe1\x05{.<\
\xfb\x06\xb5!\x19.e\x13\x0d\xfe^\x8b\xb7\xa7\x9ey\
\x83\xed\xc8O\xc8\xf1)'\xc1{\xfd\x05\x90\x0d\xc2\x00\
\xee\xbd\xf6?\x1e\xf6\x84B\xf4\xdd\xd3QYA>\xcb\
\xe0R6\xf0:\x9b\x06\xb4o\xc0\xf5B\xa7\x01s\x1f\
V\xce\xbf\xc1\x89\x5c\xb8\xbf\x9d\x8a\x08\xe4\xce8\xa4\x13\
\xd7V/4>cUXV\xeb\xc1\xdf{\xd4\x89\xd2\
>\xf6\x02\xd9\xc7\xae\xa3o\x1f\x84\xec\x07\xb0N\xee\x03\
\xee{\xda\x1e\x00\x7f\xfb\xd9\xc1on\x0d\xaa\xfd\xb2Z\
\xf3\xb0\xd9\xb4@|\xf8\x15\xd4/n\x0b\x1d\x8d\xe3\xd5\
$h_\xb5@}\x1d\xb7\xfcA\x9bLG\xa4\xff\xc3\
x5{\x91\x8cg\xf9\xed\xc14\x8c54\x81\x8d\xdf\
\x0c\xd17q\xeb\x07\xa0\xfd\xe5\x10\x1a;\xd7\xb6\xd6\xb7\
\x10\xf1\x8d\x1a\x90<:\xa2\xb2\xe0\xb5G^2\xe0\xbf\
\xaf\x11\xd4M\xce#\xf9~\x83\xc75o\xd1\xdf\xe5\x11\
_z!\x1d\xfe\x03\xeaW\xe03\xa8\xa8\x9f\x82\xf5`\
+\xe26U_h\xa16E\xabG{\xe0uo&\
j\xd3\x9ch\x89t\x13;\xa4\xfbY\x22\xd9@\x04\xd2\
\x09\xd8F\xc2\xc0\xdf\xeb\xf5\xebJ\x7fP{2\x04M\
\x07\xb0o_\xc5\xc3VS\x8a\xdaZ(\xa2d.z\
\x0d\xbb\x8dt9\x92\xd5M\x0d\x13\xb8\xf0\xd0k\x8c\x9c\
A\xcd=W\x95\xd1o\xf9\x5c\xca\x87\x0c\x9a&dP\
\x9f\xc4\xc97\xd3j\x19ks\xce\x0d\xec\x16\xc0\xa6\xcd\
\x92?\x83\x1b\x89\xfc\x01\xc8f\xc5\x19G+\x09\xf0\xde\
\xab\x97\xc5G\xc9\xe0\xef8]\xad\xf9\x8c\xaf\x16\x01\xe6\
\xdc\x09{\xffU\xcc\xd6\x7f\xd9HY\xff\xc5B;P\
s\xcd\x1e\x03\xd9CjC(\xc7=\xb9<l\xc6v\
H\x07hL\xfa\x8f8\xca\x07\x8ew's|\xdfX\
4.\x95\x16\xfd\xb9!\xdb\xd7%\x1e\xfd\x1d|\x16\xdc\
_\xdb\x050\xe7\xb3\xea:\xfe\x92\x16\x99\xc4K>;\
\xf3\xb9\xc7\x99O?\xcf\xae\x0b\x092~\xcf\x14\xe3\xf8\
]\x94\xfd{\x19\xf8{\x0e\xd1\x99C\x9fQF\xf6\x82\
\xba\xc4\x11\x85:\x81C\x03\xda\x7fD\xadG\xff\x8f\xc7\
\xf8\xf2\x12\x92G\x1bQ\xbb+\xe5\xa1\x1b\xf2\x8b\xb5\x04\
\xdb\xd2|!\xed\x87O\x80t\xed\xa1:\xa0\x8e|\xf1\
\x0a\xe92\xb6Hn\xfc\xc7\x85\x17\x9f\x82\xda\xd7\xa5\x8b\
\xd2\xfe,.8\x82\xea=\xb7\x05-\x1bG\x8eg\xc0\
\xb1z\x0a\x90\xec\xfc\x85\xb8\xd0\x8a\x8fm\x88\xd3\xbe\xf1\
?\xc4s\x9c\x802\xe3$\x90\xdc\xfc\x9781\x8a\x8b\
|\xf9\x80t?^\xf61n\xe06\x7f\xda\xb7\x96>\
TT\xf3\xa7\xe2\x02\xb4c\x1d\xe5\x22\x9f\x9d@u\x5c\
3U \x98O\xdc\x14 \xb9\xf9wq\xd8deP\
[\xf9\xc2\x91\xc7\xcbu\xcc#/\xff\x0dXF\xfd\xd0\
3\xc5\xe5\xbfQ_\xc016\xf4\x8d\x82\xf3\xcbp\x0e\
\x1e\xfa)\x9c\xe6\xa2C\xffA:p]1\x0fH\xc6\
\xff\xa7>\x80\xf5\xba\x16\xf5;\xb5\x8d\x17\xef\x82\xea\x98\
\x98u\x81\xa4\xfc\xc7\xea\x0asd_\x104\x9f\x0f\x00\
s\xae\xaf>\x10\xd6\xff0\x17\x88\xc6\xffPX@\xbf\
\xe7\xb4:\xd4e\x1a\xa8\xbf\xcf\xb4$\xfcW\x85\xed\x97\
\xa2\xf8\x8c\x89\xae\xa2\xbe\xe25\x8fk\xa2\x80h|\xef\
\xf9\xf9?C\x99M\x92\x90<\x86\xf3,\x9c1J\xe0\
\xbc;\xf4\xd9\x84>.J\x88L\xd1o\x9c\xf3\xf9_\
\x01\xf7\xb9\x9a\xfa\xa0!\xfc\xe7\x05E\x18\x97~)\x80\
\xc7\xd8\x98\x88\xfe\xc6i\x9b\x08\x03M\x13P\xcf\xb8\xce\
\xc5N\xac\xc1\xe7\x1e\x0d.}=\x054\xcd\xb5@\xb0\
\xcd\xe7\x00\xe1c\x1cr\xc6\x8f\xca\x01\x0d\xbb&\xa1\xa1\
\x00\xfd\x148}ZB\x04\xb8\x8f\xd3\x7f\xef9zV\
S\x03\xd4?8\xf7\xcb9\x0e\xf8\xfb\xf5\xca\xa1k\xd8\
\xef\xc9B\xcfjj\x80\xdf\xca\xb9\x07\xc4G\x1ev\x09\
v;Y\x01\xf8;\xb6~S\x8dC\x05u3N\xdf\
\xb2T\x1e\xbaXw.\xf6\x1fx\xef\x1c\xd0t\xa1\x8b\
\xc6R\x9cz_\x1e\x923\x13\x11\x85\x80\xbf\xe7\xc1X\
\xe30]\xd0\xb41\x05\xf0\xf6\xe3\xfc\x03\xb8\xcf\xc5\xb0\
\xf4\xc8)\xa0\xe9\x03\xea\xab~@\xb8\xf5\x86?\xd0=\
\xb2\xa0y\x00\xcaWw\x1em\x88\xc1\xa5?\x9f\x0d\x9a\
Ol@vtA\xb2\x86\xb57\xe2OD0}\x07\
\xfd\xcd\x0c\xe0\x80\xfa\x0c\x5c\x0b4\x14Q\x8f&\xaa\xe3\
\xe0\xc0\x81\x03\x07\x0e\x1cR\x83\xea\xf8\x97\x22L\x93\x89\
\xd5i\xd6\x9f@\xe5DXPe\xfcFP9\xc9\x19\
\x04\x03i\xa2\x85O6(\xae$L\x1b\xc0\xb4\x0d+\
Mcn(\x05\xe3e\xc2P\x97\xbc\xd2p\x92\x9eJ\
 sO3\xaf!W\xa7\x09\xac\xb4\x0a\xeb\x1a\xec@\
\x82!5Q\x9a\x00\xc3lV\xa5)\xccw\xa1\x98\x9c\
\x95i:[\x1a\xc5\xe8\xac\xcc3\xf6I\xd5if\x8c\
\xce\xca\xefBq:\x09\xcc\xb2\x82Oj\xad\xc2L\xd3\
\xd9~g\xde\x1d\xc4\x96\xb6Aim\x8e\xb4\x01\xdb5\
\xbc\xd2*\xfc\xd3\xd8W1\xcb\x81\x99\x06\xecitM\
y\xe5\xec\xb3\x0a\xeb[,Yi\x0a \x95\xb3\xdeE\
\xae\x99\xa6\xb1\xd2\x00\x10\xe9\xac<3\xd3A\xac4\xaa\
wf\x9a\xc9\x0f\xcc4\x8b\x97\x80\x05\x8f4\x10M\x1a\
\xcbgU\x9a\xc2\x8c\xfcZ\x99\xce\x87\x81SQ\x9a\xca\
\x8cC\xca\xac#B]\xdb\x02\x9clq\x01L\xc3x\
U\x1c\xd2\xadx\x1cR\x1c8p\xe0\xc0\x81\x03\x07\x0e\
\x1c8p\xe0\xc0\x81\x03G\xa3\x06\xf4\x7f\x85\xbe\x81\xfa\
\x884\x80\xe4|b\x9b\x0b\xa0\x8fmo\xc0\xf4C\x80\
\xfb5B_\x96\x5cDw\xd1o0\xeeQ\x1f\xbc.\
D\x8e\x9e\x80\xb9\xee\x16\xfa\xab\xd5\xe6\x0f\x01\xfd\xd5\xf6\
c\xd4\x0b/6\x91\xf0<\xf4Cy\x01\x84_/\xf1\
\x12\xdd\xdb\x98b\xf1K\x93\x5c\x85\xe5&l\xcczn\
>e\xbeR^\x07\xd2*W\xdd\xebY\xf6\xecu\xe0\
\x8e\xcbU\xa1\xf3\xf5B\x80r}\x83\xa8D\x00Y\xd4\
\x13\x97\xab\x02\xcb\xc0h>\xef\x87{ro\x06\xcc\xb8\
\xa9\xac=\xca\xed\xd1o\xef\xf9\xdc\x17-%rH\xda\
\xe5j\x1f\xf0\xb7\xcf=\x8b`\xbc\xce!\x80{\xec-\
\xf8\x9b\x1d\xe0\x1e\xd3\x93\xd5~{KA\xf9K\xbb\x5c\
\xf5\xe7\xc3\xf7C\x04\xb8\x7f\x08\x9fv\xe0'\x05\xf2^\
\x9a\xe5*\x09\xf5\xf7\xdc\xde\xb5\x19\x08\xb6\x8f\x0a\x01]\
\xcb\xed\x19g$\xa8\xcf5\x06\xb9\xaa\x01\xb8\xaf\xef(\
Ay\x11\x14\xf6<x\xe7.\xe0\xbf\xdeQ\x9ch\x0c\
rU\x1f\xe9\xbd\xdc\xe2\x08\x08\x13C\xdf\x04p\x8f\x15\
\x97\x0b$\xb7\xf6\xaf1\xc8\xd5\xa6Z\xfe\x8dE\xae6\
U\xf9\xd3X\xbe\xab\xa9\xf6\xbf\x8d\xa9]\xf3\x93\x93\x82\
\xc4\x92\x19\x06\x98\xf1\xae\xb8=\xc3_B\xb2\xbf1\x95\
??=!\x1b\xd5\x01/=\x01\xf6Q\x8fx\xdc\xfb\
\x01H\xce&\xdd\x98\xe4\xaa0z\xb21\x22A\xf4d\
Xw\x1d$\xa8\xfb7&\xb9\xda\x0b\x8d\xedD5N\
d\xad\x8d\x87q|\x8c$T\x07~<\xf2\x05m\x9f\
\x82\xc4\x96\xb4\xe3\xc3_\xe2\x90\xab\xa2\xb2\x93p\xdb\xbb\
K\x12\xb6\xd0\x11\x80w\x9c\xe2\x07\xf5\x1c\x7f\xf5\x91R\
;!\x83\xcfx\xb3!\xe3\xc2\xc1\xd8\xb20v\x17]\
\x0crU\x9cv\xdd\xfa\xd8\xc9\xbf\x01\xfe\xfbDA\xf9\
6\x11\x88wo^\xb8&\x1f\xc6j\xcd\x03\xc2\xd95\
\x85\xb1\xbf5\xd4|L4\x1f\xbd\x88\xb3=\xc2k\x87\
\xa2\xe3\x9fZ\xae\x85\xf1R\xc4\x11\xd7\x01\xc6\xbd_\x0b\
\xf8\xc7\xb2nL\xf3z\xacyR\x7f \xf8<)\xdc\
\x83\x02\xc6S+\xab\xa5\x9d\xc0\xfb\x14\xf9\xe8.\xc2\xce\
\x89\xc3%Y0\xae1M\x8ce/\xc9yma\xca\
D\x11\xe9\x1eT\xc0?F\xf4&P\xbdgH]\xe7\
\xc4\x09\xa8\x9f\xbd[K\xf9\xc1\x18\x19\x89\x80\xfb\xbe\x95\
\x82\xcc?\xce\x06\x8d\xcb\xafC\x16\xe5\x99\x9f\xfc\x82\xbc\
\xba\x1f\xc9\xad}@\xf89q\x18\x93\xcfK\x80\xfb\xe0\
=\xde\xe8za\xe5jc\xf6k\x82\xbc9\xa1\x96\xbe\
\xbc\xa2\x8e\xf2\x1a\xf21\x8c\xb1^\xdb\x1e\xa30\xee\xea\
(\x8e>\xbf.r\xb51c0\xf8;N\x9e\xb8\x09\
\xb6-\x18\xc7\xb5\xb3\x08\xe5jcFO \xd8\xde\x01\
\xa2\xa0oH\x0fR\x038\xd8a\x84\xec\x11\x15\x22\xd6\
\xc99\xe5\xd2\x0c\xd0<cs\x09\x82\x0e\xb5\xc8\xa2\xba\
\xce\x89\xc3q\xee5 }{\xaaH\x1bz\x01\xdes\
\x05\x8f\x04\xb0\xc9<\xe0qo)\xd2Cq\xf0\x07\xaf\
\xb9\x1eX'\xc3\x04\xb8\x7f8\x1f}\xd3W\xcc\xe3\x9a\
\xc6\x0ei\xb1\xc97\xd7u%\xd20'\xd5\x9c\xd7\x95\
\x88{N\x16\xee\xc7\xa8'\x06\xbbnc\x5cW\x22\x89\
\xf2\x87{\xb7\xc1\xf8\xddD.e\xdf\x1c\xd6\x954\x94\
\xfc\x19\x06\xb8\xcfk\xd1\x90\xfe\x1f\x83\xc6\x00\x1d\xd9\xf8\
\xbe\xa9\xaf+i\xc8\xfew\x8b\x00e\xf5\x1b\xb5\xb5S\
\xa0\xf6=\x0d\x1b\xf3\xba\x12Q\xe9\x9f\x82\xfa\x1a\xd9\xd5\
2\x0e\x13\x86\x1a\xfb\xba\x92\xba\xa06_#8\xfe\x92\
\xe13\xfe\xba\x0fD7\x1f\xdd\xd8\xd7\x95\xd4U\x06\xf1\
\xf35\x82\xe3\xb0\x08\xc0\x9c\x13\x10fN\x5cX\xbeo\
\xec\xebJ\xeak\x83\x10\xa5\xaf\x11\x94\xef'\x91\xbc\x17\
d/\xba-\xa0q\xaf+\x11\x05D\xa9\x93\xb0\xf6\x22\
\x80\xb6\xbd\xe9H\xffy\x0e\xb8\xcf\x05\x97\x0ah\xe7\x10\
\xc5XO\x9a\xc1\xd2\xc9\xa9b\xd0\xc9\x89h\x1c\xf0\x16\
4\xcdu%\xa2\x02\xdc\x036\xae\x8ee_\xdb\x9c\xb8\
\x1eh\xba\xebzD9\x1e\x16v^RP\x9bLS\
^\xd7&*x\xf0\x90\xd1\xd0W\xe4a=m\x92M\
y]\xa7(\xa0\x0e\xfe\xde\x1b\x92E\xf1\xa8m\xb4\x03\
\xf5\xb3\xc9\x8bs\xac\xe7\xdf\xc8y\x7f\x12\xe2sn\xbc\
?\xa9\x81\xc6zv@\xba\xfc\x9f\xc59\xe6\xd2`\xe3\
\xe9v\x88\xc7\xb9}\xdbu\xd46\x1ab\xac'\x8d\xfe\
\xcf\xa2\xd4/y\xcd1=\xe4\xc1\xfb\xb0/X \xe5\
c\xbd\x86\xf2\x7f\xae\x0f\x84\x99c\xe2\x94\x09\xe2\xd0\xe9\
\x9a\x8b\xfd\xb9>sL\x0c4\x16P\x10\xe3X\xaf)\
\xcf\xbf\x88\xe2\x1b\xa9b\xfc\xc6\xfa\xce?J\xbb\xffs\
ci\xe3M\xd1\xffY\xd8\x18;\xa5@\xb2sLM\
\xc9\xffY\xd8\x18;P\xc7\x83\xb6}h\xe3\xff \x05\
:^c\xf7\xbf\xaak\x8c\x1d\x19\xd0t\xe7\x98\x1a\x12\
M9vYc\x18\xd7\xe26.\xc9\x01\xb7\xf1J\x16\
M9v\x19^\xfex\xf9\xe3\xf2\x07\xef\x7f\xf1\xfe\xb7\
\xee\xfags\x9fc\x92\xf4\xf8\xab9\xcd15\x06\xfb\
CS\x9bc\x92\x164\xc79&i\x03\xbe\xc6A\xb2\
\xc0\xd7\xf8HG\x1d4\xe59\xa6\xc6\x82\xe6\x14cG\
\x9a\xdbBs\x8a\xb1#\xed:*\xbew$\x0e\x1c8\
p\xe0\xc0\x81\x03\x07\x0e\x1c8\x9a4\x18\x0d\x0arP\
U\x92\x06T\xaa\xd2T@\xacJS\x98y\xa2\x13\xe0\
\xe5\x00\x04U\xfe\xd9\xa6*M\x81\xb7a\xf9\xc6~\xc1\
\x0eDV\x9a\x0e\x00\x01\xfe\x07\x0cj\xa6+\xd7\xee\xb1\
\xa7\xe1\x7f\xd8\x13\xca\xb1C\x10\x0d\xb4`K\xeb\xb3\xa5\
m`\x1a\xfaZ\xdbT\xa5-`Z\x9f\x99\xf6\x87\xe9\
\x16\xcc4\x0d\xa6AU\x9a\xceJ\xfb3\xd3$t/\
L\x13\xd03\x19\xcct>|\x17\x83Y\x09\xe4\xca4\
\xfc\xdfB\x05T\xa5YUDaKSYI\x02\xf3\
\x8bXi\x06\xd9\x85\x99\xae,\xcarfZ\x85Y\xd2\
\x95\xb0\xa9J\xeb\x13\x98E\x0d\xd3\x83P\x1a\xbe\x8e\xca\
\xbc\x06\xa6\x09\x14T=d\x02\x99\x80\x9e\xc9 \x13)\
\xe8]X\x9a\x94\xcf\x91\x06l\xd7\x00\xd6\xbd\xccoA\
\xcfg\xa5)\x7f\xa7m\xaa\xd2\x16\xcct\xe5\x13\xfd\xd9\
\xd24f\x9a\xca\x99\xf6\xafJ\xb7f\xdd\x0b\x98\xb1\xa4\
m\x98\xe5@(G\xef\xc2\x1e\xa3\xc2Jc\xd9a\xb0\
\xd2,\xb6`\xd4L\xc3\x1a\x0b\xa23\xbf\x91=MC\
UH\xacJ3\xcb\x8a\x99\xa6\xb2^\x8bq\x5c%\x0f\
cim\xc8}\x0cf\xda\x8a-\x1d\xc8#\xcd~\x0d\
\xfb\xbd\xa0*Mc\x15\x19\x9f4\x9dU\xc4\x1ci\x06\
{\xabgO\x93Qu2\x8b\x9cT\x95.\xafz-\
\xbcA\xc4\x12\x01\x06\xc5\xaf\xe4\x0d\x02\xfcg\xc8\xe2g\
\xa0\xae\x0c*\x09\x07\x0e\x1c8p\xe0\xc0\x81\x03\x07\x0e\
\x1c8p\xe0\xc0\x81\x03\x07\x0e\x1c8p\xe0\xc0\x81\x03\
\x07\x0e\x1c8p\xe0\x10\x120&|+\x8c\xdabd\
\x88\xa8-\xfa\x8d\x88\x17O\x93\x04\xdc\x93\x01\xae7\x9e\
\x85Q$FI\x80\xb9\x1fv\x0e\xa2{\xe8\xb7Ht\
\x8d)\xc0\xf7\xadm\x0a\x90\x05\xcc\xfd\x1f\x22Q=C\
\xe7\x9a\xda\xd6\xc1\xc1}S\xe0\xda\xac\xed\xe8^\x9c\x0f\
\x1a'`l\xed\x10P\xfb\x9eg\xb5\xed\xa7\xb3\x1e\xe0\
\xb1\x7f\x1a\x1b\xe0\xde\xd7\x97\x80`\xfb\x9b\xd7F\xf0\x19\
\x97A\xf3\xd9O\xbb\xb1\xebG0\x8e\xa3\xa8\xf6\x86c\
\xa7\x07@\xb08\x92\xb8~$\xd9v/\x8e\xbag\xe7\
\x81\xa6$\x07\x9a\x92~\xd4\x0e\xc9i\x86\x98\xe92z\
\x17\xae\x1fI\x8f~\x04yp\x9d\x10\xfd=t\xa0/\
\xc4(\x1fQ!\xe0\xbe\xff\x13/}`]#\x1f\x17\
45\xfdh\x80\x80|\x5c\x86\xd1\x15\x8c\x16cd\x8d\
\xfa1S\x94^\x8c\xfeV& \xdf\x0fh\xa4u\xdf\
\xd4\xf4#9\xd4\x17\x09Rgp\xbd\x10\xbf8\xa2\x1a\
\x88\x0f\x04\xe1\xa5\xed\x8dP\x064E\xfd\xc8\x14p\x8f\
\xfd\xcbY\xf7p/3A\xe3\xa0N\x12\x80\x07\x9e\x01\
f\xbc\xe0\xc6\xd4\xdf7E\xfdh\x16\xe0\xbf\xd7q\x19\
j\xd3\x04!\x9eI@\xb2\xa2\xac\x16=xV#\x1a\
\xdf5E\xfd\x88(\x80\xec\xbf\x02\xea\x16;Z\x03\xdd\
\xcb\xef\xd9\x91\x8d\xc4&\xd2T\xf5#h\x93J\xae\x85\
\x8f\xbd\xea\xf1\xfc\xc5\xb5\xf0}\x12\xca\x83\xb4\xb7\xfd\xa6\
\xaa\x1f\xb5E\xb6)^y(D\xbc[WX\xa3g\
\xf0z\xfe=\x94\x07iFS\xd6\x8f\x0c\x91\xdd\x8aW\
\x1e\xf2\xeb\x99\x07S\xf4\x0c^\xcf\xcfAy\x90f4\
e\xfd\x08\xaf\xff\xe6\xad\x1f\x09\x22\xff\xad\x9a\xb1\xfco\
\xea\xfa\x11\xae\xff5o\xfd\x08\x1f\xff\xe1\xfd\xa38\xf4\
\x1bX\xa7K\x9a\x80\xfd\xa79\xd4\xbf8\xc67SA\
\xed{\xd67\x06\xfbos\xd0\x8f\x84\xb1o,\x16\xa1\
}\x03\xee\x9b,+\xe5\xf5\xdf\x5c\xf4#a\xed\x9b^\
\x88\xefM\x10Y\xa3\xdf\x04\xb5o\xc2@{[1j\
!\xe5\xf5\xdf\x5c\xf4\xa3\x86\x9c\xdf`\xd1w\xc0\xdc\xbb\
\xacM\x13\xb0\xff,\x13\xb2\x9e\x08\xa8\xedK\x93~\xd4\
P\xf3\x9b\xec\xf4\x1b\xa3\x03@\xba\xfd\xc1\x8c\x91\xae\xc2\
\xef;\xa0\xae\xe3\x04\x1a\xff\xfc8\xf4=x\xd0\xc0<\
\x00\xfb\x82x\xa4\x87J#\xfaa\xf4D\x02\xfa\x91\xa4\
\xfcc\xc4\xe5\xdfT\x1bQ0\xea+E\xf5\x0eu\xd3\
\x09\x80\xb9\xf7)]\xc0o\x10\x95~$i\xff8K\
\xd4\x17T40\x0fda4T\x0a\xea\xbe5`\xee\
)VP\xc7\xefh\x0a\xfe\xb1\xa2\xf2o\xde\x86\xd19\
!x)\x0f\xf5\xa5\x92\xb2\x0bvB:I\x99\x04d\
 \xcb\xffKZ\xd6\xcb\xc9!9\xb4\x1d\xe9#\xbf\x80\
\xe0\xeb\x1bv`4\x10\xc9Q]\xc0\xdcG\xf1\xb7\x80\
e\xf0\x01\xa3y\xa0a\xf7\x96\x83z\x99-F\xa9\x12\
\xaawi^\x1f#\x87\xfa\xb1Y\x88\x17\x92\xc1\xdf\xeb\
\x9b\x92\xd1\xdfx\xadoR\xc7(\x0c\xa3\x1f\x02\x96E\
\x11F\xcb\x05\xb0\x11\x88b\xbd\x9d\x22`\xee\x99\xfaB\
\xc2u\xdf\x18\xd6\xc7\xd5\xa7\xbc[\xa0~\xb5H\xc02\
\x81\xbc\xb2\x09\xf1\x0e'?\x8aj\xbd\x9d6\xe2\xcbo\
B\xd4\xd5'\xa4#\xff\x01\xa2Y\xff\x01\xf5\xc2\xfe\xa0\
y\x00\xee\xe7:\x17\xf0\xdf\xb3\x9e\xd3F\x00\xf7\xd5\xd5\
\x03\xa2_o\xd7\x03\x8d=iB\xb6S8.\xe8(\
\x02\xfd\xe8\x1dh\x9e\xeb\xe3e\x90\x0d$O\x886r\
\x1e\xd9\x8c\xdf\xd4S\x1f]\x87\xean<\x1a\xdb\x09\xa3\
\xd3C=\xb6\xa7\x88\xf5\xa3\xe6\x1c\x1f\xc3\x1e\xf0\x9f_\
\x13\x07\xd1\x90\xec\x16fl\xf7\x0d\xd9\xaau\xc4\xa8\x1f\
5W\xf4A\xb6\x1f\x86\x94\xd2K\x8c\xe6 \x1dQ\xdc\
\xfaQs\x85)\xea\x87+\xa4\xac\xee\xe1Xp0\x10\
\xce\xf7\x05G\xdd\xedM\xfb\x85\xb0\x11\x88\x93\xca\x90\x0d\
\xa8\x13^-\x0d\x0au4\xde\xfb\xde\x80\xf6Vnc\
;\x7fd\x03\xc6\xd1\xf0PFz>\x1d4\xdcz;\
\x16\xddGc;Y\xbc\x1a$\x06Y4\xbe\x17d\xec\
,\xca\xf5vO@\xf3\x89Q&\xed\xba\xa0 \xfe\x16\
\xd3\x80\xe0\xfe\x16N\xa0v\x7f\xd4\x1cdS\xc4!Y\
\x08\xe2o\xb5D\xc8\xb1\x14\xbcvY-}A9\x10\
\x8d\xbf\x15>\xfe\xab_\xd95F\x7fK<>\xb2h\
\xd0\xd8\xfc\xad\xf1\xf8\xc8\xa2EcZo\x87\xc7G\x16\
=\x0c\x81\xe4\xd7[\x19\x08\xf0\x1c<>r\xd3\xac\xff\
<\x01\x9e\x8f\xc7G\x96\xac\xfc\xaf\xcfz\xbbA\xb5\xc8\
\x7f\xe8o\x02\xe7!\xe6c\xd4\x15#%.\xed\x1e\x8f\
\x8f\xdcx\xf5\xbf\x7f\x05\x94\xd9\xd0\xaf\xe7\x15F'\x10\
/\x98!\xb9\x80\xc7Gn\xdc\xe3\xbf\xabu\xa8\x0f\xc8\
\x0bp\x0e8\x0b\x08\xee\xef\xd5\xdc\xe3#\x8b\xdb\xfeS\
\x97xK\xb5\xad\xb7\x13\xd5\xbcas\x8f\x8f\x5c_H\
*\xdeZ}\x09\x8f\x8f,\x1a\x08\x1boQKD\xe5\
]\xdf\xbao\xee\xf1\x91E\x09a\xe2\x11@\x1f\x9d%\
\xa0~\xeb\xed\xea+\xf3\x9b{|dq\xc8\x80\x86\x8a\
G\xf0\x07\x8d9_\x80\xba\xf9\xf3_\x05x|dq\
\xa0!\xe3\xad\x9b\xa01\x1e\x5csv\x1c\x8d\xfd\x04\xe1\
\x85\x0a4\xa6\xac+\x9aB|dqB\xdc\xf1\x08\xb8\
\xd9[\x94\x90\xedg>\xb2\x05\xfd\x00x|dI\x02\
\xdaD\xb3\x81d\xec\xadP.<\x07\x92\x9d\x8f0\x04\
8\x1c\x80\xe0k\x06E\xb9\xde\xce\x00\xe0\xf1\x91\xa5\x01\
pmn\xb9\x08\xea^\xd8\xf5vx|d\xc9C\xbd\
\x9ez`}\xd6\xdb\xe1\xf1\x91%\x0f\xe8\x8f]RK\
\x1d<\xc4\xe8.\x10\xfdz;<>\xb2d\x01\xd7\x02\
\x1c\x03\xb5\xaf\xcf\x1b\x80\xec\x80\x86@\xf4\xfe\x96\x92\x9a\
\x8fh\xce\xf6\x1f\x16l\x00s=Nmvrq\xae\
\xd7\xc0\xf7\xc7\x93\x0cd\x05\x90\xbd\x907l\x1b\xc0\x16\
)\x89\xf8\xc8\xcde\xfe\x87\x9b\xbf\xbc\x16\x92\xe9/k\
)\xa3\xe3\xa8\x8f\x107\x1a:>rS\x9f\xff\xad\xcd\
_\xfe.\xd2\xe9\xf8\xe9\xc6%H7l\xa8\xfc\xe2\xfb\
c\x8bF\xa6\x0b\xeb/\xcfO\xefn\xc8\xd8\xd1\x0d9\
\x1f\xd1\x14\xfd\xc1E\xe1/\xcf\xbeVk\xb6\x04\xbeA\
\x12\xf3\x11M\x01\xa2\xf4\x97g\xc5\x06t\x90\xd0\xb7\xe0\
\xfe\xdf\xd2Q^\xf7%X^\xa2\x8c\x8f\xdc\x94\xe3\xff\
5e\x7fyQ\xf4gM9\xfe_C\xeaK\x92\xf2\
\x97\xc7\xe3\xff\xe1\xe3%\xd6\xf7\xe2\xf1\xff\xean/\xe1\
\xe6/\x0f\xfd\xaaR\x1b\xa1\xbd\xa4\xb9\xc7\x7f\x10\xd6\x7f\
\x9b\x9f\xbdT\x0b\xb7\x976:\xe0\xf3%\xcd\x1b\xe2\x9a\
/\xc5\xfd\xe5\xa5\x1f\xb8\xbfD\xf3\x06\xee/\xd5\xbc\xd1\
\x98\xe2\xf7\xe0\x10=\x0c\x01\xee/\x8d\xd7?^\xff\xb8\
\xfc\xc7\xfd\xe5q\xfd\x0f\xd7\xff\xf0\xf1\x1f>\xfe\xc3\xed\
?\xb8\xbf|s\x02n\xffm\xde\xc0\xfd\xe5q\xe0\xfe\
\xf2\xb8\x0c\xc0\xfd\xe5\x9b7p\x7fy\x1c\xb8\xbf<\x0e\
\xdc_\x1e\x07\xee/\x8f\x03\xf7\x97\xc7\x81\xfb\xcb\xe3`\
\xf1\x01\xee/\x8f\x03\x02\xdf/\x11\x07\x0e\x1c8p\xe0\
\xc0\x81\x03\x07\x0e\x1c8p\xe0\xc0\x81\x03\x07\x0e\x1c8\
p\xe0\xa8\x05\x8c&\x07:\x08\xaaq\x9e\x0fH5\xce\
\xc9\x80P\xe3\x9c\xa3\x10\xa0\x17\xa1\x0d\xdb\x83`\xe4P\
\x03\xb6\x07U\x9f3\x1fD\xc5\xceU\xd8\x1e\x94\x8f\x1d\
Hl\x0f\xaa:G7R\xb0\x03\x91\xdb9zP\xd5\
9\xba\x91\xf3\x9c\x0c\xb4\x99\x1f\x80\xfe@\x06V\x1c\xe7\
\x81\x1c\xe7\x8c\x9a\xe7\x04\xf8\x8fQ\xf5 \xb6\xf3\xca\x07\
U]\x8f\x1eT\xf5<\xf4\x87\xaa\xf7\xa1\x1b\xab\xf2\x83\
\xce\xab\xf2\x8b\xae\x87\xe7\xec\xcf\xa3\xb0\xb8\x0e=\xa8\xf2\
<\xa8:?\xf03+\x0b\x180\x1fTy\xae\x02k\
\x83y\x0e\x8b\x09\x96\x03\x0d\x9d\x97\xb3\xff\xce:'\xe4\
\x93\xf2\xd9\xaf\x03(\xea;\x09=\x97\x05\x95\xca\xf7V\
\xc3\x00\x953\xfb9\x1d\xf8W\x9d\xdbT\xb1\x08{\xeb\
\xa1\xb3N\x09\xd5,\x05\xe0\xbc\x14\xa9\x8a\xe5 \x02\xab\
\x183\x9f\xa3\xe9\xb1\xf2\xceB\xe57\x90\xaa\x19\xb9\xf2\
\x85*\xd5\x8c\x5c\x0e\x08d`P\xcd\xc8\xe5\x80H\xa9\
\xdcz\xaa\xea\x1c\xfb|\xbd\xaa\xfcb\xe7*T\xact\
Y\x8c\x8b\x9d\x1b\x94W}\x1f\xfb\xb9\x0a\xdb\xf5\xac\xf2\
b=\xaf\xc69\xb1\xb2\xdaXy\xae\xcc\x0f\xdbyU\
\x01\xf1?\xd7f}\x00:\xb7b\x9d\xa3\x02\x0d\xe48\
g\xd4,`\x16\xe3\xb2\x0a\xb8\xe69\x81\xccv=v\
N$W?\x0f\x9e\xab\x90\xab\xdf\x07\x9fg@\xae\xce\
\x0f\xfc\xd8\xa0*F\xae|=\xa9\x9a\xb1+\xab\x87\x8d\
\xd1a\xf5\xb13>L\x11\xd8\x1a~en\xfe>\xaf\
!8\x00\x9b`\xa13[\x04\xe7y\x95`\xa2!N\
d\xd57\xeb\x9c\xc5\x0f\xacs\x16\xbf\xb0\xceY\xfc\xc4\
\xe4\x1evn\x83\xdc\xc3~\x8e\xd5v\x8ds\x8c\x1bj\
\x9cc\xdc\xc2\xf7\x9c\xf3z\xce\xe7q\xbe\xaff~h\
\xd5-\xadN\xe7t\x96D\xe1q\xce\xe0\xec\xf7\xc8\xa0\
f\x97\xc0yN\xa9\xd18+kN\x85\xfd\xbc\x1c\xb0\
g\xbf\xf2\x85\x1c]\x10Ij{\xcb\x8d\xe3\x1c\x86\xb7\
Tj\x0b\xf7\xb0l9r\x84\xfd\x04\xe6\xf2)\x02P\
\x90\xc7\x0e3\x96\x1c\x9b\x0b\xcf\x16/q\x98D\xc8:\
\xe4\xb7\x07\x00\x9d\x9b#\xed\x07O\xf2\xcf\xfd\x1a\xbdj\
\xeb\xac\xc9\xcb3m\xf6\xce.\xbdt.EV\xcdE\
qc'\xcfq\xc4\xeb\x1ddM\xa3UG*\xe48\
D;\x9d>\xbd\xa6k\xb0\xcdAYj\xcb\x07J\x93\
Sm\x95\xc7\x9ft:\xb2S\xeb[,\xe5\xd1\x80\xc7\
\x0e\xad\xe7\xd9\xb6\xd45\x7f'g/\xa7\xd6)\x98l\
k\xb8\xa1\xcf\xb3\xad[=}\x83.\x7f2\xc8\xaaH\
p\xbd\xfc\xac\xf0\xe5\xbf\xf7\xac\xcb\xde\xff\xd9\xbd<\xa3\
\xdd\x9db\xfa=\xeb\x94\x80{\xd6\x1f\xad\xb2JW\xd9\
*\xb4_\xdb\xda\xae\x0e\xff\xa9F\x1d\xcdiyL\xfb\
.E\xd6\xc5\xdcb@\x0f\xf2\xcb\x1b\x97\x82\xadm\x1d\
\x0b\xd7\x85.8\xa8h\xa87\xd6\xd6\xcc\x82\x18E\xba\
\xe3@\x1f\xd46j\xd3XY\xf5\xc8\xa0\xcb\xba\xba\xe5\
y\xc1\xbb\xc8Z\xc1w)\xea\xb7^E',\x1e\xb6\
]},\xa0\xefn\xb1Ov_\xcb}\xf2z\xa41\
\xd7_\xfe\xee\x18\xa3\x9b#\xef)\xabO\x08T\xa2Y\
\xfdZl\xb7a\x9f\x8f\xb9\xb7Q\xbcR\x80{q\xa9\
g4%\x8b\x1ck;p\xcf\x95\x90\x9br_)=\
]\x88\xd9\xeb\x19\xc16\xd9+\x12&__F\xd9\x97\
\xd3\xaf\xbb\xfd\xe4\xe3\x04-\xf7?\xdf\xb3\xd7\xd0m\x13\
\x09Im\xf2|\x15\xda\xf7t\x1b\x14/S\xd0\xe1e\
\xfe\xe2\x9c\x7f\xf2\xf5\xf3\xbf\xe7Dw\xb0\x7f\xa6\xa32\
\x03X\x8d\xa6a7\xf7%j\xc9\xbcu\xf3\x8bh=\
\xe7\x88\x86s\xab\xc2Nt\x17\x9b\xad_e\x07\x85/\
r\x5c\xdbz\x7f\x94\xd2\xf3\xd5\xc9\x1f\xdcTJ\xd6L\
U\xf1\x1eh\xd1\xd57Nq\xbc\xfcQ\x82\x9fk\x5c\
q\x02\xa9l\x84\x95\x9c\xdf\xe1\x91\xb6\x0a&\xd3\x82\xa7\
w~\x92\xbf\xd8\xd9\xc0[7\xb7\x95\xc2\xb6\xd0o9\
\xfbS\x14n\xd3c\x12\x89\xb7#\x03T\xed6\x91\xd3\
\xdf\xfd\xa1,\xeeDZ\xa3\x95Q4\xa6}\xe8\x0d\x8f\
w\x0f\x1f\xefz\xd2\x97\x18\x97Q4\xa9}\xa8mK\
\xe5S\x1b\xad\xe7\xaf\xcaSj\xd3\xc3T\xde\x22\xb7B\
-\xf6\xad\x8c\xf9\x15\xdf1\x07\xbf\x94\xb9\xde.i\xb7\
\xf1\xeb\x8d\x09\xc1\x01=\xae\x92\xc7\x8d\x1c\xb4\x98\x94\xe8\
\xa2\x13b\x07\xfe3\xd5\xbd\xa9\x97O\xa2\xcc\xc8zz\
\x9a\x98EP!\x86\x13\xf6\x92\xa7\x04\xcf\xcc\xc9K\x96\
\x9b\x9f\xa6\x16\xe6 Oo\x1d\x15\xc2\x189\xdf\x9a:\
8\x7f\xb7\xc5\x0b\x13\xfb\x84d\xcd\x94\xdbE\x03\xe2\xdb\
:\xafnY\xf0\xc1\xf5BL\xff_\x17GGd\xfd\
\xf4\xf7z\xd8'a\xe0\xd4\x0dVK\xcc\xa9m\xe8\xf2\
\xb9\x9a\xf9]\x0a\xef\xee\xdf\xd9\x91\x9c\xe2x\xe6\xfd\xc9\
\x99\x8eFe]\xd6\xe6\x84\xc7\x96\xdf\xfe8K\xd9\x9c\
\x92\xa5yR\xd1R\xd9\xf9\xe3\xf1E\xab\xa2\xbc7\xb6\
\xee\xe0\xaat4\xf1\xad;\xf9\xf4\x0d\x86\x8e\xcc\xad>\
SV,x\xbb\xe6fG\xc3\x1b{\xf7m6\xd09\
\xfb?\xca7B^\x7f-\x1b\xb3`\x07\x17\xd7B\x07\
\xad\x0e*\xbd];_\x18\xf4\x936oN\xf6\xcb\xf3\
\x16\xef]\x9e\xfe\xec\x16\xfe\xec\x93\xdd\xbb\x90\xb6\xc6\xef\
>\xf5\x8cZA\xce\xda\xbay\xfa\xff\x14\x07\xce85\
01\x99h\xa4\xa4x\xdd\xca\xc5\xcck\x8dG\x1f\xef\
\xd9\xeb\x16y\x11\x9fX&.7\xf3\xb6\xdb\xae\xaf\x95\
\xec:\xa9P\xfe\x1dyyN{\x97i\x9f\xa3\xfe\xa1\
<i\x91GS\xf2\x9eW\xf2\xc2c\xf7\xbe\xe7\x97\x8f\
Y\xec\x01\xa7\xdc\xb2F\x84\xf9\x16f\xfdKY\xa5\x9a\
\xbb\xca\x80z%\xedc\xa6QY\xb7.c\x1e\x9b\x90\
\xe7\xba\x1c}\xdb\xc7\xc9}\xfd\x92\xa9\xa5\x13J^t\
\xbb3\xdb\xff\xfe\xc6CG&\xad\x92\x89\x02c\xfc\xca\
W\x1a\xec\x9c\xa1~8j\x9ec\xc9\x8bU\xad\x9eF\
\xed\xff\x1e|\xcct\xf2\x01\x90\xf1F\xb3\xf5y\xe5\xd1\
\x85\x1b\xd3\x8f\x1ei\xe9\xb1{\x93\x13\xd8q\xf4\xb3:\
e\xfeo\xb3\xefGc\xc2<U\x18\xf2\xe7\xfax\x0c\
\x99f\xac\xd6\xed\xeb\xd46`,\xf0\x1a\x9d?\x80:\
\xec\xc6\xcf\xe2\xd4\xbb\xea\x16\xaa\x1ev\x93\xf6\x9cp\x04\
\xcc\xff\xafF\xb5u\x9c\x96\x01\x22;$\xa6\xc8]4\
\xa2\x15\x1dQ\xb1\x1fz_\xd6e\x8da\xd7\xb7>\xb7\
\xcb\xfcb[\xf6\xbbU\xfc\x22iQ{\xfb\xeb\xc7\x7f\
\xcbf\xb7\xf4\xc4\xf2\xa4l\xfcV#\xec'\xf6\xe2g\
\x0ezZGo*b\x19\xfa\xe92u\xa5\x87N\x88\
Gy\xbawl\x1f\x93W_Kt\xbd\xae/R\xee\
\xa4\xe4\x80}\xa1~\xbe\x5c\xe6\xc2}\x84;\x1b\xb2\x7f\
\xeaD\xf9\x1fS\xee~P\xc36\x16{\x18p\xea}\
8\xefui&\xf8h?\xbf,\xf9\x96_\xdc\x9c\xc5\
K\x8aa\xa6\x8e\x12SV?\x086\x0bw\x02\xd4\x0e\
\xf1\xf7\xbf\xb5-M\x98\xb6z\xaa\xe2jsy\x07\x9f\
+\xf7\x86\xbd\xe9\xd4Cq\x9bY\xa8\xb1b\x22\xb0\xe9\
\xf9:BV\xbd\x83k\xfb@\xfb\xc1O\xc7\xeb\x8d\xcf\
\x96K\x188s\xc3\x15\x0b\xb9\xc8\xff~\xb6O\xae\x00\
\xae\xc6\xc1o#\x17\xfe\x99\xff\xb6K'\xe5n7\xa6\
'\xa9\x05\x85\x0c~\x12\x93jh\xd7&\xb4u\xec\xf5\
3\x19]'\xf9\x0f\xe8\xd2\xd2\xd8~\xaey\xda+\xdb\
\xbc\xf5\xe9\xcf\xce\xba\xceN\x1f\x9c\xe9\x16P\xb1\x90\x9c\
9\xdeg\x9cj\xeb\x1d\xa4 \xb3\xaf\xce\xcb\xbd_\x05\
\x94\x0f0\xceOn\x1b\xf9-wm\xba~\xefG+\
\xa7\xc5[\xae\xee\x1f\x15P|5i\xa1F\xabu\xff\
\xadQ\x19\xdb\xeb\xa8J\x0f\xcd\x87#\xe7\xcf7\xfan\
\xfcds\x88\xc3.\xe3\x15\x13\xd4)\x8c\x8fn\xf9'\
\xa3\x16x)\xfc\x8e\x0f~54\xc8\xf8\xa5\xb6\xf9\xc9\
\xb3!\xde\x09:\x01\xc1\x8e\xe0\xa2\xfc\xa5\xc0\xfb\xf3e\
\xa6%l\xfd\xbc<\xca\xae\xa4E\xfe\xfcB\xf2R\x99\
\x8a\x05\xe3/'\x04\xa7\xb4\x0b\x8b\xf6W\x0d;\xb4\xb2\
\xc3\xaf\xcb\xbd~\xdeU\x08zD\xd6(\x9f\xe9\xfb\xf1\
\xba\xd3\xc1Q\xb6.k\x02\x08\x9a\xa4\x04\xa5\xe9\x1b\xbf\
\xceyW\x91\xdc\xefWa\x97|eJ\x87\xe7\x9fG\
o\xd0\xf3\xe9B5\xffF:\xdd=o\xdf\xf3\x89;\
\xfak\x96\x06\x9eJu\xbc\x93i\xfb\xe5F\x971\xdd\
\xd3\x13#\xa6\xcd\xd4\xda\x97Nqx\xa3\xf2\xcf\x94<\
\xc5\x19\xda\x97{u|\xb0\xa5]\x91\x17\xe5\xc0^?\
\xd3/\xe9\xa9\xa7\xce\xa6\xdd[j?X\x87\xf4\x9c\xdc\
\x8evC\xff\x86\xc7i\xdd$\xd5~\x8f\x0f\x1e\x9a\x90\
v\xef\xdf\xfd\xdasg\x85\xc4\xb7\xa4\xc4\x9a\x16\x9c\x88\
\xbf s\xd1\xe5\xfc\x8a\xc2\xebV\x13\xbe\x10\xbdF\x17\
\xc5,\xb8\x93y\xcf\xea\xd2\xb0\xecY1\x9e\xdd\xbdU\
\xbcW\x14:\xa8~\x8a\x0a\xd5`\x98?\xe8\x94\xbd\xf7\
\xc2\xf2i\x85\xf7nG}\xa3\xc8\xbd+\xa5\xcd\xed\x95\
\xa8\xa1\xfc~\xa6\x1aaw\xe8i\xd9\xd0\xf8v\x05\x19\
/i\x93ui\xa7sn\x05\xee\xcfZ\xe4\xeb\xb6;\
\xee\x7f9\xd1F\xc3\x1c\xcc\x12\x0f\x04F\x97\xab<\x08\
>\xa5\xac+;y\xfaO-\x8f\xd5E\x04\xaf\xb8\x15\
\xeaK;k\x93\xf6\x85\x0f}\x90\x1e\xb8U\xfe\xfcS\
o-\xa5\xcem\x1f\x9a~\xd0\xfc\xea\xd5[\xb1\xcdN\
\xabv=[^\xf8r|\x8b\xca%\x8d0O\xf3\x07\
\x98$|\xbb5Q\xf3\xb2\xfa\xd0\x01\x0b(Co,\
\xeb\xd5r\xae\xae\xb7\xbarW\xa5\xb7\x09_\x1dTw\
V\x0cYD\xda9ql\xbfE\x1e\xf33{\x16\x9e\
S\xea\xdd?\xeaqpxf\xd1\xf6\x16\xcec\xae\xa9\
\xd0\xd6-\x9c\xac\xf2\xa8K\xcb\xf3\xc1f\x16\x8f\xf7/\
\xba\xb1\xea\x98~F\xab\x8c\xff\xfec\xca\xcc6'f\
vX@\xd9\x1d\x95\xe9\xa2\xb1\xd3\x22\xe2\xc7\xd4\xeb\xfa\
\xf9\x87\x13\x06vpa\xbc\x8c\xf4\x09\x9a\xebj\xb6\xa1\
u\x0f\xe7\x1di\x87\x9c\x1f\xc5\x7f\x7f\xa0\xdec\xf0\xd6\
\xddQ\xffe\xcd6\x7f\xbc\x94\xb1\xf4\xe1\x0b\xe7K\x9f\
nS\x0c@\xb1/\xad(\x80\x5cZ\xf0T\xcfTy\
\x17\x98\x15\xb3\xefS\xee\x81\x1b\xcfw\xef\x8eQ4\x9c\
\xbe\xae\xa3e\x82\xb2n\xd2\xc5\xb7?\xb7\xfa\xc9\x18\x10\
\x02\xd5\xfe\x1c\xb5\xeeIR\xf7\xdc\xfd\xe5\xd7\xa5e\xf9\
\xfd=\xbf|\xd76\xce)\xe9\xf2sza\x9a|\xa0\
\xae\xef\xcb\x7f{:E,\xd2\xf4\x8a}F\x1a\xb2\xba\
\xab\x0c9\xcd\xe7,\xed\xbcJ\x12q\xaf\xe7\x7f\xa9\xff\
\xd3\xff=;?\xf8\xd3\x82a\xc6\xcf\x9e\xec\xa3\xe5\x19\
\xdd\x9ag\xf4\xccx5\xd5\xe3yE^wb\xf1\xc6\
U\x1d\xf7+\xb4\xcf]\xa1\xe1u\xe8\xf4p\xc3\xfbN\
\xaa\x1b\xdc\x83\xe3|\x82\x0e\xee\x9c\xb8\xe5\xf4\xcb\x09\xb4\
\xe4\xa9O;<\xf3\xdd\xf6\xef\x1e\x0b\xc7\xd5_\x88?\
z\xa7\x07\x1d\x1es\xfd\x91\xef\xca\x16\xf1;\xcam\x86\
\x18&\x7f\x18\xe5\xb8hek\x0f\x05\x05\xcf_\xf4\x9e\
^*\x13\xbb'F\x9b\xf6\x9c\xf7vx\xc6\xc2\xae\xe9\
\x9d_$Z\xf8\xc6\x85\x95o\x92\xbb\x16|\x80\xc4\xd8\
\x90\xd3/2\xe2\x90\xc6bk\xe5\x89\xad~&,S\
_\x1d\xe2\xbc\x92|;\xed\x91\x1c\xad\xe5\x87\xb4A\xb2\
\x96-J{_0\xf2\xf5/y\xd5\xca\xd5\xdf\xe4\xf5\
\xd4\x09i2'f\x14\xa5\x90\xca[<\xdb\xb18E\
\xa9\xd4\x22\xe9B\xf2\x9a\x16j!\xffy[N\xf2\x9d\
\x16\xff\xe8\xbe\x8a\xe5?\x1f}\xf2wQ\xc6\xb7\x19]\
\x16\xa8\xefm\xe3e\x16\xd5\x87\xb2>\xfe\xd8\x1d\xf3\xf9\
\xc4k\xe1!\xe6q\xef'\x8fY@\xbb\xb5)\xd7|\
\xc9\x9dY\xaek\x1ee\x12\x1ezw\xed~\xa9\xcc\xa0\
c\xb4\x17\x83\xbe\x98a\xa4\x9a{U\xf6\xa2vp7\
s\xc31\x0aGeT\xb6}\x95\xb5\xc8\xb9>\xa9\xc5\
\x8b?s\xb6|}\xb9A\xaeh\xf6]s\xf3C\xd9\
\xb1_\x95\x94\xd4\x16/\xe9_\xf4g\x94\xc1\xce\xd8\xa2\
U\xbd\xa8c3\x7f\x06\x86Y~l{\x97r\xb1]\
^\xe0\xf0\x82\xc4\xf5\xa3<[\xd3\x93\xb5J?e\xce\
m\xd3\x97jC\xa2\xf5s]Vl\xe2rk\xa2\xc7\
\xa7\xb4\xd0\x84\x0c\xd3\x0f\xcf\x22W\xfa\x1dH\xebs\xd4\
dU\xeb\x16cA\xfa\xeb~\xce\x1d\xc6\xec\xf7\xd7\xa2\
\xce\xc9\x1f\xb8\xf6\xfeU\x83\xb0\xbcw\xe7\x94\xa7\xaf\xcb\
tS\xf7z\x16\x15y_\xc9\xb6S!1P\x81\xd6\
\xcdw\x88\xbc\x85f\xf9\xc41Q\x0f/\x16U\xcc\xff\
m\xad\xe1Q\xd0\xe1r$\xe3\xfa\xfc\xf9\x83\x8f\xcc\xe9\
@\xef\xd5\xea\xd5jc\xf2\x9bl\xa5\x95\xda\xa5\x8f?\
n\x9b\xea<\xf5\xc7\x17\xea\xc7\x14\xfd\xcdyjI\xad\
\xae\xa8&8\xfa\xde?\xdby\xeb\xba\x8d\xdf\xe36\x91\
\x06\xab\xdb\xf6\x88\x0a\x1d\x9a\xb6*t\xe5\x94\x9d\x1e\xd7\
S\xb7\xa4l\xe8tVyp\xf6\xfb\x10jjo\xcf\
\x03\x15\xe3C{\xb8\x86_O\x94QOP\xfc\xd2g\
\xfd\xc2>oTg\xe4\xf6\xec\xec6\xebB~\xdf\x0c\
_\xf7\x7fv\xb9\xcc\x97\xb9\xd9\xeft\xd4\xbd\xa0\xf1\xf2\
Ak\xc6\x8f\xdc\xfb\x0a\xd0\xb7l\x1b\xaa\xb6%\xe3\x10\
\xdd\x81\xf02|\xfa5z\xf9\xbb\xd2/\x1d\x7f\x0c\xd1\
\xf5\x8axu\xd9'\xcfn\x83\xccD\xa3\x17\x7f\xee;\
o(9@\xec\xe7\xde\xfe\xe6b\xffr\xfa?\xe6\x81\
\x1d4w\xbd6\xfe\xbc\xc4\xe6\x97u\xa9j\xf0\xd41\
\xc9\xcb\x8a\x87\x13\x87\xcb\x04\xc9<_\x9b2\xd8&\x9b\
\x1ei\x19\xd2OIU\xa1S\xc9\xc8\xdd\xcb\x8a\xf3\xc8\
6\xc4k\xebZ\xfe\xce\x8e|\x1e\xb66\xdcYo\xd3\
3\xd36\xceG\x0e\x0e\xeb\xbf\xac8h\xdd\xd5OA\
\x83\xa3\xfaU\x04\x9fr\xd8\xb7\x08\x93I:#\x8e\xe4\
\xab\xa5j\xaa}\x92\xf3\x05)\xe9\x8f\xd6\xfd\xe3@\x7f\
9\xb8G\x98g\xabL'\xf7\xbc\xcd\xa7\xe6\xa7\xcd|\
\xfcK#\x7fmv\xcb\x1dZ\x86\xb3\xee\x5c\x7f\xa9\xd7\
~eEw\x97\xe3W\xc3\xd5\x1c\xcb\x06i\x96&\xf4\
\xda\xf1\xfeV\xc5\xba#\x9d\x7fu{\xda\xf3\xabn\x8f\
E\xf2\xe3\xdb\x9fIg\x94\x94)zv\xef\xbfke\
\xc1\xcb\xccs\xa7:]\xd7\xcc\x1fn<#\xc2E\xa3\
\xe3\xf6\xa2\x8a\xfb\xad\x16)\xc5\x04\x18<|R\xd9\xf5\
\x10\xf2:/\x191yi\xb1{\x1eq\xedn\xd9-\
\x8eg\xbe\x1e\xde|r\xab\xb9\x7f\xec\xb1=E\xab<\
\xa7\x0f\x0f4\x19\xa1!\x7f\xdcp\xf2\xc3\xabYk\x16\
\x11\xb0\xce\xe7Q\xf9\x88Im\xc7XN\x98\xfc\xe2\x8f\
\x95s\xbb\x7f\x9fn\xbe`Y\xe0yg\xfa\xf9u\xab\
\xb5H]\xc3\xf6\xc6\xdd\xbc\xf0\xc0\xc0h\xd7\xce\x01\x9a\
C^m\x1b\x1c0\x90|\xd6}\xe4\xa8\xc1\xff>\xee\
\xe5\xd2[s\xd9\xf2\x9eT\xab\x0f?\xca\xfb\x7f0~\
1*e\x8f\xa3\xf2\xcf\xc4\x03CR\xf6~\xd7N\xdd\
Nb\x84cJ\xe5\xb99\xfa?\xe3\x93\xaf\xf4\x09\xd5\
.\x88\x98\x12\xa6a\xfaXn\xc6\xbe\xd7\x8bM\x97\xd8\
\x8d_V|\xde\xa9s 1\xcc\xa3|\x00\xbd\xd5\x98\
\xd2\xd9f7\x0f\xaam\xbdip\xdb;\xc0\xdb\xed\xd3\
\xcb\xac\xebj\x8b\xcei\x7f\x9f\x95\xa6\xb6aK\xea\xbd\
1\x0e\xb1WnM8d\xd7fjY\xa0\x15\xd5:\
3Q\xa5O\xc1\xe2\x8c\xef\x84-n\xd4\xf3\xeb\xd2\xb7\
\x0f\x9c9m\x12y\x08\xd9 \x92\xfe\xfaS\xba\xc3a\
w\x9f\xfe\x81?\xd3\xd3\xda}\xff\xd3\xabUR\xb0\x9b\
\xf2\xd1\xa5\xc4~j\xc3\xcf\xda\xbe#\xa7\xc5\xbf\xdbw\
A%\xbb\x95\xf9:C\xcd\xb0\x88\xbeI\x17\x18N\xbf\
w\x95u\xfc\xd1\x05\xebC\xc6\xdd1\xcf\x18\x94\x9f\xf8\
N\xdf~h\x7f\xbd\x1c\xdb\xdf\xeb\x0b.\xaemI\xeb\
\xafm\xd2i\xd1\x88<z\x9c\xf7\xc9\xdf\xcaG\xa3V\
j\xa5\xef\x91]\x11\xd9w\xf8\x14\x87n\x11\xd9\xb3u\
\x8e_*\xaa\xb0|~\xe0\xfa+\xd7\xcfi\x17\xd5\xe3\
dsF|\xba~\xe4\xda\xa0\xcd{\xdd\xcei\xb5Q\
\xe8\xe4\xf6\xe6d*\xb58~\xeb\xf3\xaf9\xbbo\xe6\
\xb9\xbd\xca!\xe4(\xd2\xccv~\xbe\xdc\xd1\xd7\xdd~\
\xe5\x89kr\xce\x07\xbe\x07w\xcf |$fY^\
\xe8\xbc\xdd:ly\xb7%\x93s\x86N''}w\
\xcb-\xf6\xf0\xc0\xea\xba\xc3\xe2Ke\x01\x09v\xb1\x1f\
]/\x85v\x1b:t\xe5\xfd\xcd\x8f\x97\xd2\x16\x8e1\
\xb2TY\xb4\x02\x1b(\xf8|\xca\xd8y\xda\xc3\xe3\xfa\
\xec+n\xf7\xf7_h\xdf5O\xf1\xfc\xe2 \xd9\xe9\
\x8a+\xf5\xfc{\xda\xa5\xf4\xf6W\xca\xfbr <\xc4\
\xe1c\xabh\xc2\x8d9*;\xd3w\xed\x1c\xef\xbcd\
T\xafg\x06\xe4J\xedH\xedY\xc4\xf7\xc1\x0a\x03z\
\xf4\x9bNr\x8a-\xe8\x1e\xec\xf7\xa6\xf8\xf9k\xdb\xef\
\xae\xd3\xb7\x16\xcb\xf8\x99\x04)\xfb\xd8\xee|\x9dx\xf1\
\xf9\xda\xd8\xb8\xb9c\xef/-\x9eG\x9c\xe2r\xc2:\
O/\xcf:j\x99[\x7f\xa5\xd1\x09+\xe9\xd9\xea\x9b\
M\x15\x87\x8e\x95\xefr\xa2hUKK\xf50\xca\xf4\
\x909nG\xb7\xb9\x16\xa7\x1e\xb9<\xd0\xc2z\xfd\xd0\
\xa8s\x13c\xb2\xcd5\x0e,wni\xb9\x8b\x5c)\
\x16\xd7\xf7W\xce%\x17\xbb'\x7f\xf7x\xa6\xb4o\xc8\
s\xeb\x15-\xd5\xc7Z\xab\x8e>\xb6GqL\xe6\xf7\
rccy_\xe7d\xdd\x81\xe7sV\x8f<eC\
\xb2\xda\xb2\xf1\xf0\xd2aWH\xe3\xbd\x17\xe4\xec\xbd9\
\xe7\xd7\xd4\xcc6\xe4\xf3Q\xd9\xc3]G\xfb=\x9d\x94\
\xdf\xaad\x17=w\xd3\xfbyz\xeb\x92M\xf2\xd4\x06\
b\x83\xa3\xf5\x07\xa7\xadJ\xedu\xad\xd3\xf5D\xb7\x90\
\xbeCJ]\xf3\xcb\xf4s\xcd^\x04\xb4W\xd3|3\
\xbc\xcd\xd2\x8e\xd4\xe1\x84\xbc\xe5j\xd4\x0b\xeb}};\
`\xbf\xbe\x9c\xadD5\x0ct8\xfc\xd4-`\xda+\
\xbd\xf0\xaey\xab.$\x10?\xbdT\xfe\xa6y\xe6\xc6\
,\xd7\xad\xc3o\x9e-\xaa\x184\xe6\xf5\xf0\xc1\xf3\xed\
\x0a3=\xcd\xfb\xbe|jx\xfbd\xd1\xaa\xb7W\xde\
L\xa4\x1c\xc9\x89\xeef\xffO\x14yh\xf8/\xbd\xf9\
\xcb\x1f]]\x9c\xa3o>!+\xd67\xc6\xdb\xde\x07\
\xfcrQ\xd3\xec\x15(\xe7\xda\xc6\xed\xf3\xbb!e\x81\
\x16\x03\xe2w\xfc\x97\xdb\xe2\xda\xe8\x0d\xcf}L\xa9\x1a\
\x85\x9b\xb5\xdf\x8c\x1d\x98\x8d1\xba\xca\x9c,\x97gK\
\xdc\xdd\x19\xdav\xb3o-\xcdw8\xf7\xf8i\xd6\xc9\
e2\x8c\xb5c7\xd8m\xdf\xef\x07\xca\xd4\x82\xf2\xdf\
\xdf\xfaL\x09\x22\x14\x87V\xbcUP\x8d\x98H^\xbf\
\xc1&\xbfdA\x8a,];z\xfcF\xb5s\x0a\xa3\
\xc9\x1b\xado\x96xM\x0fv\xec0%\xc6T\xf1\xb0\
\xc5\xf8\xd0\x8f\x1bm\x92B\xddZNy\xbd)\xc7f\
\x7f\xebn\x9b\xe4\xe8\x9a\xfd\x08w\xbbL'y\x0f+\
4H\xd8\xd4\xe6\xea\xb5\x00\xd5\xa8\xb5\xbf\xca\xce\xc6\x92\
W\xab\xf6\x7f\xfd\x95\x12\xd0\xc3\xf1\xfa\xd9\x1e~s\x14\
\xf6$Dm\xb8h\xf4d\x0f\xad\xd8\xde|\xdc\xc2\x16\
\x9ag^h]\x1e\xb22f\xc8\xce\xf81\x84A\xca\
3V\x7fN\xf9\x95\xbf\xec\x94U\xf9.2c\xd9\x15\
'\xf5\xbe\x94y.\x87\xcc\xcfG\xa6\x84g\xa8\xed0\
\xa6:\x0d\xdej\x1dexs\xb4\xf3\xe4ww\x9d\xad\
\xd3\xb4\xb6\x19n\xd0^{\x98\x1c\x147`\x10},\
%%\xdfd\xa6\xbf\xe9I\xf7\x05\xf6\xffN\xa4w\x8b\
L\xb0?\xfe\xfe\xfb\xe8\xd5\xb1\xdbf\xe7\xed]\xe9\xab\
A\x95S\xea\xa2h\x9c\xea\xadwT\xce`Ak\x9a\
|\x00\xf5\x5c\xa8\xbeU\x8em\xd2\xfa\xc0\xe5\xf1\x13\x83\
\x0f\xcc\xa5^MI\x95\x1d\xb7n\xefd\x7f\xf3\x9d>\
\xc9J6\xb9\xca\xc4\xd3\x91\x81\xe3\xb3}/\x5c:c\
\x1e\x07\x18C\x92H\x8c\x91\xbf_\xf5\xd5r\xbd\x9d\xed\
\xbc&\x88\xb8\xb3wo\x8b\x8bA\x03\xa8\x8bs\x1e\xf4\
\x7fW\x96\x12\xfa~\x5c\x8b\xc9{\x0f\xb6\x9b\xf8\xcfK\
r\xca\xd2/1\xa7\xb4\xd4\xe7&\xb7\xba}\xba\xb5\x86\
[{\xe36:\x9f_\xafP\x88\xb2\xc9\x1f\x98\xd7c\
\xf35s\x03j\x5c\xc2\x90\xbb1\xa1\x11cn(\xfd\
{E-\xc9\x9a\xb4D\xe3\x099\xec\xd6G\xd9\xce\xa3\
2L\xf3\xbb+|y\x9b\xa2\x957Mo\x83\xd5\xe7\
\x97\xfd\x08\x1f\xddt6\xc4\x90\xa6\x93*\xce\xa4\xfe\xa2\
(=\xb8\xb5\xeaOb\x86\xe6\xa7\xa5\xe1Y{o\xaa\
\xde\xcd\x99`\xb5=<eK;c\x07\x83\xb9\x01\x0b\
\xde9\x96\xd1\xdbQ\xca\x14\xe2\xbaf\xc7\x8f\xa5\x8cM\
\xd22Wt\xdd\x1b\xac|k\xaaO\xf6\xb9v\x93z\
\xbb\x17\xedMp\xde4\xa4\xe3\xbd\x98~\x09^\x9e\xb7\
\x0aNnzb\x9f\xafN\x99gqk\xfe\xabB9\
\xaf\xeb?#\xf3&\xac\xbc6,piq\x9cK\xcc\
\xd5]\x916\xfd\xa9\xa7rB\x92{,\xeedr&\
\xad\x83#H\xa8H\x8a\xeca\xc0PK-/\xf7\x93\
\x99%{\xad\xc5\x95\xd7\x9f\xf6Lu\xdc\xbaf\x15c\
x\xfc\x90\xe4\xa8\xa1c\xdd'd\x9e\x90e\x10\xa9\xd3\
\x0a3\xdal\xb3*\xf7\x09O\x0d\xbc1nt\xee\xd3\
\xf8\xfc\x98sJ\xb3g\xbf\xefr\xe7\xe4\x0f\xb7\x90!\
q\xe9\xf4\xf6\xa1\xf6\xff\xd0\x92\xfe\x8d\x1f\x12=N%\
\xb3\xd4\xf9\xc1\xb8g\x93\xff\x8ds\xcf\xdbku\xa3\xe7\
\x8d\xf8Aw\x02\xc6\x87U\x0cy\x17m\xf5\xcb\xe7\xd5\
\x9a\xb1j1\xd7\x02\xac\x13\xd5\x8e+E\xc6\xff\x1b|\
Z\xffO\xfc\x88'kN\xcf\xd60\x1e\xa4\xd0\xa7\xe4\
m\xa6u\x9b<\xdf\xb5\xdf\xbf\xd9l\x9a\x9ep\xf7P\
O%\x7f\x1bj\x8e\xc2\x9f\x93\xe6\x89\xea\xa5\xad6T\
\xdc\x8c4\xb8\xa8\x9c\xe7k\xa5E\x1d\x18({\xa5\x97\
o\xdc\xf0\x0f\xd1Qz\xce\xf3\xa7\xb8\xea/\xea\xe5\xdb\
m\xc2\xf2\x0c\xa2\x16\xc8Rc\x0c\xbf\x95\xfa\x992\xb3\
\xc5\xab\xccY\xbe\xad\xe4\xe8\xdb,\xe6Y-\xbf\xa81\
\xc9\xca-^#O\xe5k'z\xf8\xb6\x90e\x84Y\
C\xbb$\x11=\xe4\x07\xad\x1b\x19\x92Y>\xd3\xed\xd6\
Q?\xd7C=vG\xec\xb2$\x1f\xa7\xfc\xc8\xf9\xe7\
\x98\xd2\x8f\xa7~2\x8cM\xbf\xca\xfd\xfa\xffs\xf2\xd4\
\xbeu\xa7\xe5\xcf\x1d\xeb0#3\xd1_\xc5}\x9e\xea\
\xdex\xfb\xc33s\xf2=\xaf\x8f:\xf5\xbf\x87\xb3,\
\xe7h\xd2\x95\xe3N\x91\x06m\x18\x1b\xb8\xc3\xb5mb\
\x8b-\x93\xb7wX\x18\xd0r\xa0\xb3\xf9\xc9\xf0W&\
\xc3\xd5\x9fLv\xce<a\xb4\xf9\xc2\xd2\xdcS\xefz\
\x9d\xfc\x164\xd7gl\xa1CV\x84S\xbe\xd3\x89^\
\xe5\x07\xe2\xda\x0e\x0a<0&5\xf5\xf4\xaay\x1a^\
\x843\xa9\xa7\xfd?\xab\x96w\xdf\xff\xbb\x8df\xe9\x84\
\x15\x19\xee\x01t\xaf\xf0\xe8]\xf3N\xee\xc1\x1eu8\
>\xe2\xcd\xb5\xc0\xb0\xff\xbd\xbb\xb8r\x85\x81&\xd5i\
\x85\xe6\xc4hb\xca\xe3I\x0f3\x8b\xc3nE\x99=\
\xc9\x5c|\x7f\xf0\x8a\xfe\x091Q\xca\xa7\xbe?\xca \
uN\x1e\x9e\xdf\xfb\xc4\xdb\xcf\x91\xe1\xaf\xa2\xcf\x7f{\
\xdb\x96\xd6\xc7{\x02\xc5\xf7^z\xd6\xa8\x83\xea\xea\xbb\
:\x1b\xf5I\xcdx\xf01\xbd\xed \xfaaw?\xff\
\xeb\x1e\xa9\xdf\x15f\x04\x85\xbf\x22\x1a\xfcw\xf0\xea<\
W\x9d\xb83_g\xea\x9f\x7f8d\x89\xa2kGZ\
\xc98\xfa\xb4A\x81A\x8f\xbcg\xd1\x9f\x06gm\xbb\
\xfbz\xa1\xbaoR\xc1\x09\xf9\x17\x83\xe57\xda]\xab\
\x88\x22\xb9\xb7\xfa Sz:4B\xcb\xa6[\x8e}\
\xa9\x11\xed\xc3\xb7)\xbbuZt\x0d\xe9\xab\xa7O\xb8\
6\xb8\xaf\x9c\xf5O\xc2+\xc2 r^r\xd6\xc0\xf8\
\xc7\xee\xf3\xe4\x17\xdd\xdb\xb4\xf0[\xca\x9d{{\x0d\xca\
.G\x15\xac\xa3\xa6e\x8e\x88+\xcb\x8e\xd7/\xbcx\
o\x8fQ\x92\xf5\xf4\x99\x94\xe5\xaa\xb9\xed6\xb9\xf70\
\x88;\x1b\xbcs\x8aM\xd1\x8a1\xd1#\xca]u\xbc\
R2\x87y\xa6f\xed\x99\x9a\xb4P}g\x17\xd3\xf9\
\x9d\xe9%\xbf\xdeg\x9e\x96\xbfK\xe9\xe7\xf3\xc7\xfa\xda\
\xd0}\xd4\x92\xb9c\xfa\xfc\x17\xfb\xd5\xcf~\xc1e\xbf\
\xa3\xf9\x8e#\xdc\x8d\x5ciI\xa5\xf1\x1b\xd3\x87\xeb\x8e\
.\xce\xbc\xbb\xa1\xb2\xf7\xf7+H\xbf\xb7\xcf\xcdG\xc7\
\x8b\x94U\xa6>\xcc\xb3\xef\xbf+\x7f\xf9<\x95\xc9$\
y~\xd4)?\xbe\xe8\xe9\xc8\x8d\x15I:K\xb4\xa9\
\xa6\x9f\x82\xd6\xb7\xcb9\xaf\x156t\xa4\xee\x83D\x86\
\xaaL@\xc4\xb9%a\xe67\xde\xd0g\xfa\xeb$\xb5\
\xcds_\xff\xc6\xf5TR\x86S\xe6\x97\x0b\x87\x14)\
\xa4\xc3\x9f\xa6\xf8:\x0c\xd1*J\x89U\xde\xbc\xa7\x85\
\xc7\xee\x11.\x8e35\xd5m\xcd\x8a\x16\x98,\xcb\x9f\
{\xa7_\xdb=\x06\xae>\x1f\xcf\xf4)p\x1c\xba:\
\xfc\xcc\xa6\x8c\xbb\x87'\x98\x9c1\xf3\x9d\xf2`\xdd\x85\
1Gf]\xb2V\x98:\x06\x0c\xa2%\x85\xbb]{\
\xbcJ\xe7\xc2\xaew\x97\xf5\x97]\x19\x96\x16nf\xef\
u\xcbM&j\xfd\xf4\x17\xdf\x87\x8dX\xb4st\xf2\
\x14\xf2@\x9f\xbdWML\xca\xba=x\x18\xe6A8\
2\xa7\xc5N\x07\xbd0\xcd\xe7;\xa9\x97}fml\
5RS\x9d\xe2\xf9\xfcF\xf7\xfd\xc4\xa2\xdb\x07\xa3\x89\
\xc9*\xb7_9\xde\xb6l\xa3\x92?\xaa{_\x85\x07\
=\xf5/Z\xaaN\xc9\xf5\x8e\xa4\xbd\xdc\x9c7\xba\xe0\
\xe0\xda\xfd`O\xc2\x8a\xa5\xddNeD\x98\x9d\xfb\x10\
\xfb\xee\xf2\xcc\xa8\x91#iI\xdb\x0a2\xfeK\x8e\x8d\
\x0dI2\xba\x99\x1b\xd9\xf7\xc8\x9c\x81\xaf\xff\xbb@x\
mBVL\xea\xfc\xf2\xa7kl\xec\x1a\xdfTB\xc1\
\xc8kyF\x81+\x07()\xfb\xba\xaah\xc6\xee\xc6\
4\x86\xa2\xe1\xa7l\x0fF\xfa\xe8\xbaO\xf7\xce\x93i\
\xb7=[\x9d\xe2\xfc\x5c\xc6\xcd\xd7\xf5\xf5\xf6\x84\x9c\xb5\
{\xe7\x7f\x9c}A\xc6;\x86trRa\xaaN\xce\
\xe0\xa5O\xeeP\x22\xee\xcd\xf0\x0f^}\x16\xbc\xcb\xbc\
;\xe8\xed9O\xcf\x8cD\x19\x8f\xfe\xf2\x96&v\x97\
\xb3\xc6^\x1b\xd85 2@e\x94\xa6:\x99\x96\x94\
\x1abB^\xd4\xea\x80\xc1\x9a9m\xf4w\xbb\xee\xcd\
\x8b(^\xba\x9bv\xd1\xa8L\xbf\xcd\xf1\x87\xa1WJ\
;\xec\xbc\xff1u\xe5\x985=\xc3\x06h\x8f\xbd\xe5\
\x17\xfd\xc6?z\xf3l\xef\xf2v+d\xb6\x1a\xf4\x8b\
7\xb8(SH\xe9\xd9g\xa6\xf6f#\xb9\xab\xdd\xd7\
\xfc\xdc\x1f\xe2AH:C{\xb2-X{\x04z\xfa\
*\x8ac\xfcFJ\xc8a\xb2\xae\xe2\xde1}\xb5\x92\
\xda\xff\xea\xa6\xe5\xdb\xa9Lo_6\xfc\xbb\xcf\x8c\xa8\
9o\xb5\x9c=|\xa7| \xf6S\x9d\xabf\xa9\x7f\
\xbb\xfd\xee\xe2\xd7\xd3RF\x15\xf5\xb7\x8c1\x01\xbf|\
\x88\x7f|\xccR\xfb\xe6\xaf/\xbf%\xb7\xdc\xc0\xf8\xc2\
\xeb\xe9\xe3>\xb4\xa2y\xf6\xf8I({\xf3\xf3\xcd\x1d\
\x8d3\x11\x0e{7\xa8O\x18\xa8;r\xc0\xfb\x8d\xad\
#\x96Ly\x9b\x98n\xa5\xb6C~\xa0\xe9P\x8de\
W\xdal\x1c\xf0\xa1\xe5\xd3]\xb7lO\x12\x17j'\
\x1f+\xf4,\xfc\xe5\xbc&t\x8d\xfe\xf6\xe5\xce\xb6\x9b\
G\xc7\x9d2\x0e\xb0)j\x9b\xd97Ef_\xeb\xd8\
\xcc\xdb\xa3\x07R;\x05\x92f\xbc5:\xaf\xf8\x90z\
\xb9\xc5\xc4\x92\xfe\x04\xe5w\xfd\x8d\x7f\x05\x8c/a\xac\
\x1a\xf8\xeb\xe25\x12\xfd\xda\xbb\x97n\xfb\x97\xcb\xc5\xac\
;\x90\xdaj\xca\xb6h\x83\xb2\x05J\x13rbV\xcf\
\x18\xd3_\xf9\xf6R\xa32\xa7\x01+w\xf8\xe6\xaen\
\x97\xb8v.!\xf0\xe7\xd2\xd8\xae_\xdb\xecn\x1b\xbf\
\xda\x9b\xd8c\xe7\xe9\x837\xbao\x0a)W\x95\x9b9\
\xdc\xdf\xe6\xcc\xd97[\x94\xdd\xfcVl\xec\xbfc\x89\
\xc6\xae\x17\x9b.{\xfesf\xf7\xea\x91s\xfe\x14\x9c\
\x22)|\xcc\x5cE\x99\xa8;\xa5\xfdTj\xb6\xf9Q\
\xbd\xf7\xef\xfdd\xb42\x8a\xee\x98W\xd9\xac&\xcf\xd3\
\xd3\x5c\xf6t,m\xf0\xbe'\x97\x12\x0a\xecw\xcd\x7f\
\x98jhs\x86:\xd6\xcc[\xf9\xd9\xe4U?=V\
Q\x16%\xdd~\xaf\x15:g\xff\xc0\xf1\x813zh\
\xa8o\xeeZmxI=\x9dh\xf3\x95\xa2BMY\
\x7f\xd6]f\xff\xc9\x1e:g\xc7:\x17\x0e\x1er7\
N. /+&\xc5\xaa\xbcG\xb9\xd6\x17g\x95\x95\
\xad\xfd\x8dm_m$\xf6\xd2H\xd2\xcf\x1b\xfdqf\
\xf0qR\x98Q\xb99\xec\xb4n\xd8\x06\xceP]\xed\
\xe4iS1\xe0\xdb+*\xe9\xdc\xd3\xc8\xbeN\x0b\x9e\
\xd9lm[\xf26\xd4b\x13\xf1^\xa6\x93K\xc2\x81\
\xf5\xc1?\xcd?$kk]\x8e,\xc1j\xb9C\xa7\
\xd2\x04\xc5\xfe\xefF\xfd\x9b\x94\xa8\x95D\xb2\xb4\xf6\x8d\
{\xb79\xfdf\xb8Y\xeaxb\xb7\xd4\xa5?\xdc\xac\
uu\xe3\xd3\xe6\xa6\xafm\xb1\x1a\xbbV9\xb7G\xd6\
\x1dyZzL\x8b9W\x9d7\xfeZ\xd8\xd9\xd5-\
|\xf1\xb4m\x06Sf\xa7y\x9e\xfa\xfe\x87\x18E\xd9\
P\xfc1F\xbd\x5c'\xbeM\x18\xf1Vn\x9a\x93\xf3\
\xbbL\x8d\xa9\x13\x88\xf7n8y\x9d,8[a\xf1\
`\xdeA\xe5\xd1\xbf\x8a(\x11/4_;\xc9\xf6S\
Z\xbe;\x16\xbb\xa2\xc71W\xa3\xe7\x8e7dn\xcd\
u{\xff\xdc\xd8\xbdO\xbb\xb6C\x17\xf9\x9a$\xb6\x0b\
k\xbb\x8a`6\xed\x8f\xa5\xf1\x8b\x17:\x7f\x86\xfdg\
k\x86}FRo\xe2z\xb0\x9e\xb0\xde\xdd\xf5\xc3\xa2\
[\xaf\xd6\x1b1f\xbd\x9c5.dX\xe0\x8c\xf6k\
iIv\x93\xa2\xb1OU\x1a\xbf\x1c{\xa8\x1d\xf6\x11\
k\x17\x87\x96o}J\xf6s\xef\xf3\xca\x91\xb4%m\
gAG\xeb}yac;\xe9\x06\x0f'\xefp\xee\
\x920\xba\xf3\x82\xf6JCUM\xc8\x15\xc7\xdb\xdb\x9c\
i}\xbc\xf3oY\x8b\xads]d,4\xcd\xb2\x9e\
\x9b\xde\x7f\xbe\xd7\xb9\x9f\xd3IG\xb9\x81!u\x9a\xf0\
\xe0\xf5\xdf\xa6\xb5\x0c\xe2\x14\xf3\xdb&=\xf3G\xcc\x80\
\xb3a#\x87:\xd8\x9f\xb1sY\xfd\x7f@2\x08\xeb\
\
\x00\x001#\
\x89\
PNG\x0d\x0a\x1a\x0a\x00\x00\x00\x0dIHDR\x00\
\x00\x02\x00\x00\x00\x02\x00\x08\x06\x00\x00\x00\xf4x\xd4\xfa\
\x00\x00\x00\x09pHYs\x00\x00\x0b\x13\x00\x00\x0b\x13\
\x01\x00\x9a\x9c\x18\x00\x00 \x00IDATx\x9c\xed\
\xdd{\xb0]e\x99\xe7\xf1G\x84`\x09\x09\x10\xb94\
\xc2p\x04jl\x02-\x96$\xdc/\xe1b\xb5\x90 \
\xdd\x7f\xf447a2v\xcd\xd4twU#\x84\x81\
\xd2B\x92` \x5c\xf2\x0fZZC3v\x03\xa3&\
F.V\xe3\x00\xc1\x92H\xb8\x15\x01,\x13h!r\
\x91\xa9\x19k\x02\x81 Q\xab\x094\xce\xbc\x0fk\xed\
a\xe7\xb0\xcf9\xfb\xb2\x9e\xf5<\xefZ\xdfO\xd5\xaf\
\xca\x8a\x09\xe7<\xef\xda{\xad\xbd\xd7z\xdf\xf7\x11\x01\
\x00\x00\x00\x00\x00\x00\x00\x00\x00\x00\x00\x00\x00\x00\x00\x00\
\x00\x00\x00\x00\x00\x00\x00\x00\x00\x00\x00\x00\x00\x00\x00\x00\
\x00\x00\x00\x00\x00\x00\x00\x00\x00\x00\x00\x00\x00\x00\x00\x00\
\x00\x00\x00\x00\x00\x00\x00\x00\x00\x00\x00\x00\x00\x00\x00\x00\
\x00\x00\x00\x00\x00\x00\x00\x00\x00\x00\x00\x00\x00\x00\x00\x00\
\x00\x00\x00\x00\x00\x00\x00\x00\x00\x00\x00\x00\x00\x00\x00\x00\
\x00\x00\x00\x00\x00\x00\x00\x00\x00\x00\x00\x00\x00\x00\x00\x00\
\x00\x00\x00\x00\x00\x00\x00\x00\x00\x00\x00\x00\x00\x00\x00\x00\
\x00\x00\x00\x00\x00\x00\x00\x00\x00\x00\x00\x00\x00\x00\x00(\
\xccL9&eA\xca5)+S~\x9c\xf2X\xca\
\x86\x94\x17S\xb6\xa4l+\xb3\xa5\xfc\xb3\x0d\xe5\xdf\xd1\
\xbf\xbb\xa2\xfc\xb7\x0b\xca\xff\xd6\xcc\x1a\x7f\x7f\x00\x000\
\x85\xe9)\xf3S\x96\xa7<\x94\xb29\xe5\xff\x1a\xe5\xd5\
\xf2g\xe8\xcf\x9a\x97\xb2k\x0d\xf5\x01\x00\x80dZ\xca\
\xa9)KS\x1eMyG\xec.\xf8SE\x7f\xf6#\
)_+\x7f\xa7i\x86u\x03\x00\xd0J\xb3Sn\x94\
\xe2[\xb8\xd7\x05\x7f\xaa\xbc\x91rS\xca\x09)\x1f\xb2\
\x19\x06\x00\x00\x9ao\xff\x94\xcbS6\x8a\xff\xc5}\xd0\
<\x97\xb28\xe5\xe0\xaa\x07\x05\x00\x80\xa6:2\xe5\x87\
)\x7f\x10\xff\x0b\xf9\xa8y7\xe5\xce\x949\x95\x8e\x10\
\x00\x00\x0d\xa2\xb7\xce\xef\x96f\x5c\xf8{\xe5\xe1\x94\xcf\
W6Z\x00\x00d\xee\xb4\x94\xb5\xe2\x7f\x81\xae+k\
\xcb\x9a\x01\x00h\xa5\x8f\xa7\xdc&\xfe\x17d\xaf\xe8\xdd\
\x8e\xb1\x91G\x11\x00\x80L\xec\x98rQ\xcaV\xf1\xbf\
\x08{\xe7\xf7RL\x16d\x09!\x00\xa0\xd1\xe6\xa6<\
#\xfe\x17\xdehy:\xe5\xa4\x11\xc6\x15\x00\x80\x90\xf4\
[\xffb)f\xc5{_l\xa3F'?\xea^\x07\
;\x0d7\xc4\x00\x00\xc4\xa2\xeb\xf9u\x06\xbc\xf7\x056\
\x97<\x9er\xe0P#\x0d\x00@\x10g\xa6\xbc&\xfe\
\x17\xd5\xdc\xa2c6\x7f\x88\xf1\x06\x00\xc0\xd5\x0e)\xd7\
Ks\xd7\xf4\xd7\x11\x1d\xbbk\xcb\xb1\x04\x00 <\x9d\
\xd1\xae\xedt\xbd/\xa0M\x89\xee$\xf8\x91\x81\x8e\x00\
\x00\x005\xd3\x16\xb9\xf7\x89\xffE\xb3iy e\xc6\
\x00\xc7\x01\x00\x80\xda|,\xe51\xf1\xbfX65O\
\xa6\xec\xdd\xf7\xd1\x00\x00\xa0\x06c)\xbf\x14\xff\x8bd\
\xd3\xb3Q\xd8=\x10\x00\x10\xc4\x9eR\xb4\xbf\xf5\xbe8\
\xb6%/\xa4\xec\xd3\xd7\x91\x01\x00\xc0\xc8t)nM\
{_\x14\xdb\x96'\xca\xb1\x07\x00\xa0v:\xdb\x7f\xb5\
\xf8_\x0c\xdb\x1a\x9d\x18\xb8\xf3\x94G\x09\x00\x80\x0a\xe9\
\xda\xf4\xef\x8b\xffE\xb0\xedY!\xec\x13\x00\x00\xa8\x91\
n\xf2\xe3}\xf1#E\x96Mq\xac\x00\x00\xa8\xc4<\
a\x87\xbfH\xd1cq\xd6\xa4G\x0c\x00\x80\x11ic\
\x9f\xcd\xe2\x7f\xd1#\xdb\xe7uay \x00\xc0\x88\xb6\
\xf4\xa5\xab_\xdc\xe8&L\xb4\x12\x06\x00T\x8e\xe7\xfe\
\xf1s\xcd\x84G\x0f\x00\x80!\xcc\x15\x9e\xfb\xe7\x90w\
SN\x9c\xe0\x18\x02\x000\x10\xbd\xf5\xbf^\xfc/n\
\xa4\xbf<#<\x0a\x00\x00T\xe02\xf1\xbf\xa8\x91\xc1\
\xb2\xb0\xe7\x91\x04\x00\xa0O:\xeb\xff\xb7\xe2\x7fA#\
\x83ek\xca~=\x8e'\x00\x00}\xb9]\xfc/f\
\xa3dS\xca\xaa\x94E)g\xa7|&\xe5\xa0\x94=\
\xa4\xd8\xcax\xa7\xf2\x7f\x1fX\xfe\x7f\xe7\x94\x7fwU\
\xf9o\xbd\x7f\xffQ\xb2\xaa\xc7\xf1\x04\x00`J\xa7\x89\
\xffEl\x98<\x9erQ\xca\xa1\x15\x8c\xc1a)_\
JY\x17\xa0\xaearJ\x05c\x00\x00h\x99\xb5\xe2\
\x7f\x01\xeb7oJ\xb1L\xf1\x10\x93\x91(\xcc*\x7f\
\xc6\xd6\x00\xf5\xf6\x9b5&#\x01\x00h\xac\x93\xc4\xff\
\xe2\xd5Ot\x07\xbc\xafJq\x1b\xbf.\xfa\xb3\x16\xa5\
l\xa9\xb0\x0e\xcb\x1co3\x0c\x00\x80&\x8a\xde\xe6W\
\xf7$\xb8-e/\xab\x01\xe8\xc3\xcc\x94\x1b\xa5X{\
\xef=\x1e\x93\xe5\x1e\xab\x01\x00\x004\xcb\x1c\xf1\xbfh\
M\x96\xe7S\x8e3\xab~p'\xa4\xbc \xfe\xe32\
Yf\x9bU\x0f\x00h\x8c\xbb\xc4\xff\x825Q\xeeL\
\xd9\xdd\xae\xf4\xa1\xcdHY!\xfe\xe33Q\xee\xb0+\
\x1d\x00\xd0\x04\x9f\x90\x98[\xfe\xeam\xf6\x8b\xed\xca\xae\
\xcc\xa5\x12w\xfc\xc6\x0c\xeb\x06\x00dN'\xd4y_\
\xac\xc6g[\xca\xb9\x96EW\xec\xfc\x94\xb7\xc5\x7f\xdc\
\xc6\xe7+\x96E\x03\x00\xf2\xb6Q\xfc/T\xe3/\xfe\
\xf3L+\xb61_\xe2}\x08x\xd6\xb4b\x00@\xb6\
\x8e\x15\xff\x8bTw\xf4V\xfa\x85\xa6\x15\xdb\xd2\xbb\x16\
\xd1V\x08\x1ciZ1\x00 K\xdf\x12\xff\x0bTw\
rx\xe6?\x15\x9d\x13\xe0=\x8e\xdd\xf9\x86m\xb9\x00\
\x80\xdc\xe8\xbe\xf8\xba\xa9\x8e\xf7\x05\xaa\x93\x95\xb6\xe5\xd6\
\xea\x07\xe2?\x9e\x9dl\x16Z\x05\x03\x00\xbaD\xda\xf7\
_\xd7\xd4\xeff[n\xad\xa6K\xac\xb9\x15sm\xcb\
\x05\x00\xe4d\xa9\xf8_\x984\xfa\xdc?\xd2&?U\
\xd1\xcd\x82\xa2,\x0f\x5cb\x5c+\x00 #\x8f\x8a\xff\
\x85Is\xb3u\xa1\x8en\x11\xff\xf1\xd5<d\x5c'\
\x00 \x13z\x8b\xfa\x1d\xf1\xbf0\xe9\x1c\x84=\x8dk\
\xf5\xb4w\xca\x1b\xe2?\xce\xba<qW\xe3Z\x01\x00\
\x19\xd05\xeb\xde\x17%\xcd\x15\xd6\x85\x06\xb0X\xfc\xc7\
Ys\xbaq\x9d\x00\x80\x0c,\x17\xff\x0b\xd2\x9bRo\
K_/:\xb9\xf17\xe2?\xde\xd7Y\x17\x0a\x00\x88\
O\x9f\x09{_\x90\xae7\xaf2\x8e\x1b\xc4\x7f\xbc\x1f\
4\xaf\x12\x00\x10\x9e\xae\x0d\xf7\xbe \x1db^e\x1c\
\xb3\xc4\x7f\xbc7\x99W\x09\x00\x08m\xa6\xf8_\x8c\x1e\
7\xaf2\x9e'\xc5\x7f\xdc#\xb6U\x06\x00\xd4$\xc2\
\xfe\xff\x17\x99W\x19\xcf%\xe2?\xeeG\x9bW\x09\x00\
\x08k\x81\xf8_\x88\x0e\xb5.2\xa0\xc3\xc5\x7f\xdc/\
0\xaf\x12\x00\x10\xd62\xf1\xbd\x08\xbd\x92\xf2!\xf3*\
\xe3\xd1\x9a\xf59\xbc\xe7\xd8/5\xaf\x12\x00\x10\xd6*\
\xf1\xbd\x08\xad\xb2/1\xac\xdb\xc5w\xec\x9b\xd4p\x09\
\x000\xa0\xfb\xc5\xf7\x22t\xa5}\x89a\xe9\x9e\xfc\x9e\
c\x7f\xaf}\x89\x00\x80\xa8\x1e\x13\xdf\x8b\xd0\xd9\xf6%\
\x86u\x9e\xf8\x8e\xfd\xc3\xf6%\x02\x00\xa2zZ|/\
BG\xd8\x97\x18\xd6\x1c\xf1\x1d\xfb\x0d\xf6%\x02\x00\xa2\
zY|/B\x07\x98W\x18\xd7\x81\xe2;\xf6/\xd9\
\x97\x08\x00\x88J;\xf0y^\x84f\xda\x97\x18\x96v\
>\xf4\x1c\xfb\xcd\xf6%\x02\x00\xa2\xda&\xbe\x17\xa1i\
\xf6%\x86\xb5\xb3\xf8\x8e\xfd[\xf6%\x02\x00\xa2\xe2\x03\
\x80\x1f>\x00\x00\x00\xdc\xf0\x08\xc0\x0f\x8f\x00\x00\x00n\
^\x16\xdf\x8b\xd0\x98y\x85q1\x09\x10\x00\xe0\x86e\
\x80~X\x06\x08\x00p\xe3\xbd\x11\xd09\xf6%\x86u\
\xbe\xf8\x8e=\x1b\x01\x01@\x8byo\x05\xbc\xc8\xbe\xc4\
\xb0\xae\x12\xdf\xb1g+`\x00h1\x9a\x01\xf9\xa1\x19\
\x10\x00\xc0\x0d\xed\x80}h\xcd\xaf\x8a\xef\xd8\xd3\x0e\x18\
\x00Zl\x81\xf8^\x844\x87Y\x17\x19\xd0\xa7\xc5\x7f\
\xdc/0\xaf\x12\x00\x10\xd6\xb1\xe2\x7f!\xba\xd8\xbc\xca\
x\x16\x8a\xff\xb8\x1fm^%\x00 ,\xdd\x88\xc7\xfb\
B\xb4\xce\xbc\xcax\x9e\x12\xffq\xdf\xdd\xbcJ\x00@\
h\xba#\x9c\xf7\xc5\xa8M\x8f\x01f\x89\xffxo2\
\xaf\x12\x00\x10\xdeC\xe2\x7fA\xba\xde\xbc\xca8\x96\x8b\
\xffx?h^%\x00 \xbc\x08\x17\xa47S\xf6\xb0\
.4\x00}\xe4\xb2U\xfc\xc7\xfb:\xebB\x01\x00\xf1\
\xcd\x17\xff\x0b\x92\xe6J\xebB\x03X\x22\xfe\xe3\xac\xf9\
\x9cu\xa1\x00\x80\xf8\xa6\xa7\xbc-\xfe\x17\xa5-){\
\x19\xd7\xeai\xef\x947\xc4\x7f\x9c\xb5\x05\xf4.\xc6\xb5\
\x02\x002\xf1\xa8\xf8_\x984\xdf\xb6.\xd4\xd1\xad\xe2\
?\xbe\x9a\xb5\xd6\x85\x02\x00\xf2\xa1\xbb\xc2y_\x984\
\x7fH9\xc1\xb8V\x0f'JQ\x9b\xf7\xf8j\x96\x18\
\xd7\x0a\x00\xc8\xc8i\xe2\x7fa\xea\xe4\x85\x94\xddl\xcb\
\xad\x95\xae\xb7\x7fQ\xfc\xc7\xb5\x93\xb9\xb6\xe5\x02\x00r\
2-\xe55\xf1\xbf8u\xd2\x94&A\xba\xe7\xff\x9d\
\xe2?\x9e\x9dh\xff\x81\x9dL+\x06\x00d\xe7\x9b\xe2\
\x7f\x81\xea\xceB\xdbrkq\xb9\xf8\x8fcw\xben\
[.\x00 G\xc7\x88\xff\x05\xaa;\xfa\xcc|\x81e\
\xc1\xc6\xceKyW\xfc\xc7\xb1;sL+\x06\x00d\
k\xa3\xf8_\xa4\xba\xa3\xcb\x13\xe7\x99Vl\xe3L\x89\
\xb1\xb4\xb2;\xbf0\xad\x18\x00\x90\xb5+\xc4\xffB5\
>\xef\xa4|\xd1\xb2\xe8\x8a}A\xe2]\xfc5_\xb6\
,\x1a\x00\x90\xb71\x89w\xdbZ\xa3\x8f\x03.5\xac\
\xbb*\x97I\x9c\xe5~\xdd\xd1cz\x80a\xdd\x00\x80\
\x06\xb8K\xfc/X\x13E\x7f\xb7\x88=\x03f\xa4\xac\
\x14\xff\xf1\x99(w\xd8\x95\x0e\x00h\x0a\x9d(\xe6}\
\xc1\x9a,\xba\xa6>\xd2fA\xba\xc9\xcfK\xe2?.\
\x93e\xb6Y\xf5\x00\x80F\xb9O\xfc/Z\x93Eo\
\xb3\xdf&\xc5\xfe\xfa^\xb4\xb3\xdf\x8d\x12\xf3\x91Iw\
\xee\xb1\x1a\x00\x00@\xf3\xe8\xb7Z\xef\x0bW?\xd1\x06\
B\x8b\xa4\xb8\x18\xd7\xe5\x93)?\x92\x98\x13\xfdz\xe5\
x\x9ba\x00\x004\xd5\x83\xe2\x7f\xf1\xea7[Sn\
H\x99e2\x12\x85?M\xd9\x10\xa0\xd6A\xb2\xc6d\
$\x00\x00\x8dv\xaa\xf8_\xc0\x86\xc9\x13)\x97\xa4|\
J\x8a\xadx\x87\xa5\xff\xf6\xf0\x94\xff\x92\xf2\xeb\x00u\
\x0d\x93\x93G\xa8\x1f\x00\xd0b\xba'\xbf\xf7El\x94\
\xbc\x92r\xbb\x14\x1d\xf0\xce\x95b2\xdcAR<2\
\x98Vff\xf9g:\xf9Qw\xef\xbb\xaa\xfc7\xaf\
\x06\xf8\xfdG\xc9\xca\x1e\xc7\x13\x00\x80\xbe\xec\x9b\xf2\xa6\
\xf8_\xcc\xc8`\xd1G\x22\xfb\xf58\x9e\xc0T\xf4\x03\
\xb1n\x0b\xbe \xe5\x1a)>H\xfe8\xe51)\x1e\
\x81\xe9*\x1c\x9d{\xb3\xad\xcc\x96\xf2\xcf6\x94\x7fG\
\xff\xee\x8a\xf2\xdf.(\xff[u\xce\xd1\x01P!\xdd\
\x80\xc7\xfb\x82F\x06\xcb\xc5=\x8f$\xb0\xbd\xe9)\xf3\
S\x96\xa7<\x94\xb2Y\xec^\x93\xaf\x96?C\x7f\x96\
n\xef\xbdk\x0d\xf5\x01\x18\xd1\x8e)\xeb\xc5\xff\xa2F\
\xfa\xcb3B\xcb_\xf4\xa6\x8f\xbctn\xcf\xd2\x94G\
\xa5\xd8f\xdb\xebu\xaa?\xfb\x91\x94\xaf\x95\xbf\xd34\
\xc3\xba\x01\x8c\xe0$\x89\xb9\xc5-\xd9>\xba'A\xa4\
M\x92\x10\x83\xce}\xd1=+\x22\xcfky#\xe5&\
)^\xbf\xa3L\xde\x05`\xe0Z\xf1?I\x90\xc9s\
\xf5\x84G\x0fm\xb3\x7f\xca\xe5\x12\xaf\xc3g?y.\
eq\xca\xc1U\x0f\x0a\x80\xe1\xe8\xa3\x00}\x86\xe7}\
r \xbd\xa3\x13\xb0\xb8\xf5\x8f#S~(\xcd\xb8c\
\xa7w\xb4\xee\x94b\x85\x0e\x00g\xfa\xad\xc2r\xa2\x10\
\x19.\xafK\xd1\xc9\x11\xed\xa5\xb7\xce\xef\x96f\x5c\xf8\
{\xe5\xe1\x94\xcfW6Z\x00\x86r\x864\xf7$\x93\
c\xf4X\x9c5\xe9\x11C\x93\x9d\x96\xb2V\xfc_\x87\
uemY3\x00'\xcb\xc4\xffD@\x8a\xf0\xdc\xbf\
\x9d>.EC,\xef\xd7\x9fW\xf4n\xc7\xd8\xc8\xa3\
\x08``:K\xf7V\xf1?\x09\xb4=\xdfK\xd9a\
\x8ac\x85f\xd1\xb98\x17I\xb1\xd9\x93\xf7\xeb\xcf;\
\xbf\x97b\xb2 K\x08\x81\x9a\xe9\x84\xb3\xe8m\x83\x9b\
\x9c\x9f\xa4\xec<\xe5QB\x93\xcc\x95b\x9f\x07\xef\xd7\
^\xb4<-\xc5Re\x005\xfa\xa8\x14\x1b\x8ax\x9f\
\x00\xda\x96u\xc2Njm\xa2\xdf\xfa\x17K1+\xde\
\xfb\xb5\x175:\x17F\xf7:`%\x0cP\xa3=S\
\x9e\x15\xff\x13@[\xf2|\xca>}\x1d\x194\x81\xae\
\xbc\xd1\x19\xf0\xde\xaf\xbb\x5c\xf2x\xca\x81C\x8d4\x80\
\xa1\x8cI\x9e\x1b\x8e\xe4\x16\x1d\xe3\x03\xfa<&\xc8\xdf\
\x99)\xaf\x89\xff\xeb.\xb7\xe8\x98\xcd\x1fb\xbc\x01\x0c\
I;~\xf18\xc0.O\xa4\xec\xdd\xf7\xd1@\xcet\
b\xe7\xf5\xc2r\xdbQ\xa2cw\xad0I\x16\xa8\xcd\
.)\xf7\x8a\xff\x9b\xbfi\xd1\x09\x7f3\x068\x0e\xc8\
\x97\xceh\xd7v\xba\xde\xaf\xb9\xa6Dw\x12\xfc\xc8@\
G\x00\xc0\xd0\xf4\x04\xa6\xcb\xd3\xbc\xdf\xf8M\xc9w\x85\
eNm\xa1\x13;YYS}\x1e\x10>@\x03\xb5\
\xd1\xdbn\xbaY\x10\xb70\x87\x8f\x8e\xddR\xe1\x16f\
[|L\x8a~\x0e\xde\xaf\xbb\xa6\xe6I\xe1\x11\x1aP\
\xab\xcf\xa6l\x12\xff7\x7f\x8e\xd1\x89L|\xf3o\x87\
\xb1\x94_\x8a\xffk\xae\xe9\xd9(\xec\x1e\x08\xd4J\x97\
1\xd1Ep\xb8\x5c0\xc4x#/\xba\x8cV\xdb\xdf\
z\xbf\xd6\xda\x92\x17\x84e\xb4@\xad\xd8\xc8d\xb8l\
\x90b\xdbe4\xd3t)nM{\xbf\xce\xda\x96'\
\xca\xb1\x07P\xa3\x13\xa5\xd8\xb6\xd3\xfb\x04\x90SN\x1d\
j\xa4\x11\x9d>\xdeY-\xfe\xaf\xaf\xb6F'\x06\xb2\
\x956P\xb3N3\x937\xc5\xff$\x90C~4\xdc\
0#0\x9d\xd8\xf9}\xf1\x7fm\xb5=+\x84I\xb6\
\x80\x8b}\xa5\xdd\xedL\xfb\x8d\xae\x06\x985\xe4\x18#\
&\xdd\xe4\xc7\xfbuE\x8a,\x9b\xe2X\x010tJ\
\xca\x1a\xf1?\x11D\xceMC\x8f.\xa2\x99',\x8f\
\x8d\x14=\x16gMz\xc4\x00\x98;>\xe5n\xe1\xe4\
\xd8+o\x093\x97\x9b@W\xc4l\x16\xff\xd7\x13\xd9\
>\xaf\x0b\xcb\x03\x81\x10fK\xb1}'+\x06\xb6\xcf\
\x95\xa3\x0c*\xdc\xe9\xdc\x17\xba\xfa\xc5\x8dn\xc2D+\
a \x08\xfd\xb6\xa4\x93\x05\x7f.\xfe'\x87\x08yE\
\xd8\xd3<g<\xf7\x8f\x9fk&<z\x00\xdc\x1c&\
Eg\xaf\xb6\xef*\xf8W\xa3\x0e$\x5c\xcc\x15\x1em\
\xe5\x10\xbd\xebx\xe2\x04\xc7\x10\x803\xbdEwr\xca\
UR\xdcN}[\xfcO\x1au\xe6\x19ac\xa0\xdc\
\xe8\xad\xff\xf5\xe2\xff\xda!\xfd\xbf\xc7x\x14\x00d@\
\xbb\xa7\x9d!\xc5\xed\xd5\x07\xa5\xb8M\xee}\x02\xb1\xce\
\xe9\x95\x8c\x1c\xear\x99\xf8\xbff\xc8`Y\xd8\xf3H\
\x02\x08o\xf7\x94\xa3R.L\xb9Z\x8a\xd6\xc4\xba\xe3\
\xda#R|\x13{Q\x8aY\xbf\xdb\xca\xbc^\xfe\xd9\
\xfa\xf2\xef\xac.\xff\xcd\xd5\xe5\x7f\xa3\xf3\xdf\xf2>)\
ur\x7fuC\x05c:\x8f\xe5\xb7\xe2\xff\x9a!\x83\
ek\xca~=\x8e'\x80\x16\xfa\xb0\x14MD\xbcO\
L\x9d|\xda\xb6\x5cT\xe4v\xf1\x7f\xad\x8c\x12\x9ds\
\xb3*eQ\xca\xd9)\x9fI9(e\x0f)\xb62\
\xde\xa9\xfc\xdf\x07\x96\xff\xdf9\xe5\xdf]%\xf9\xcf\xd7\
Y\xd5\xe3x\x02h\xa9\xbf\x13\xff\x93R'\xff`\x5c\
+Fw\x9a\xf8\xbfN\x86\xc9\xe3R\xac\xbe9\xb4\x82\
1\xd0\xc9\xbb_JY\x17\xa0\xaearJ\x05c\x00\
\xa0\x01v\x91\xe2q\x81\xf7II\xa3\x1b\x03\xedk[\
.F\xb4V\xfc_'\xfdF\xfbr\xe8<\x9aCL\
F\xa20\xab\xfc\x19[\x03\xd4\xdbo\xd6\x98\x8c\x04\x80\
,]'\xfe'\xa5N\xbef\x5c+\x86w\x92\xf8\xbf\
>\xfa\x89~\xa0\xfd\xaa\x14\xb7\xf1\xeb\xa2?kQ\xca\
\x96\x0a\xeb\xb0\xcc\xf16\xc3\x00 7:1H'\x0e\
z\x9f\x94:'\xef]l\xcb\xc5\x90\xa2\xb7\xf9\xd5=\
\x09\xb4\x11\xd7^V\x03\xd0\x87\x99)7J\xfc\x1d?\
\xef\xb1\x1a\x00\x00\xf9\xf9\x8e\xf8\x9f\x94:\xf9k\xe3Z\
1\xb89\xe2\xff\xba\x98,\xcf\xa7\x1cgV\xfd\xe0N\
\x90X\x13l{e\xb6Y\xf5\x00\xb2r\x84\xf8\x9f\x90\
:\xf9\xa5\xd0\xcf<\x9a\xbb\xc4\xffu1Q\xb4\xc7\xc6\
\xeev\xa5\x0fmF\xca\x0a\xf1\x1f\x9f\x89r\x87]\xe9\
\x00r\xb3F\xfcOJ\x9d|\xde\xb8V\xf4\xef\x13\x12\
s\xcb_\xbd\xcd~\xb1]\xd9\x95\xb9T\xe2\x8e\xdf\x98\
a\xdd\x002\xa2\x17]\xef\x93R'k\x8ckE\xff\
tB\x9d\xf7\xeba|t\xce\xca\xb9\x96EW\xec|\
\x89\xb9\xc5\xf7W,\x8b\x06\x90\x0f\xdd\x8f\xff\x17\xe2\x7f\
R\xea\xe4(\xdbr\xd1\xa7\x8d\xe2\xffZ\x18\x7f\xf1\x9f\
gZ\xb1\x8d\xf9\x12\xefC\xc0\xb3\xa6\x15\x03\xc8\x8aN\
\xc0\xf3>)u\xf2\x1d\xe3Z1\xb5c\xc5\xffu\xd0\
\x1d\xbd\x95~\xa1i\xc5\xb6\xf4\xaeE\xb4\x15\x02G\x9a\
V\x0c \x1b\x1fM\xd9,\xfe'%\x8d~[\xfa7\
\xb6\xe5b\x0a\xdf\x12\xff\xd7Awrx\xe6?\x15\x9d\
\x13\xe0=\x8e\xdd\xf9\x86m\xb9\x00r\xa2\x9b\xf1x\x9f\
\x94:\xb9\xce\xb8VLL\xf7\xc5\x8f\xb2K\xa4f\xa5\
m\xb9\xb5\xfa\x81\xf8\x8fg'\xfa\x81\x9fV\xc1\x00\xde\
\xb3w\xca\xbf\x88\xff\x89I\xa3\xdb\xb9\xce\xb0-\x17\x13\
\x88\xb4\xef\xbf\xae\xa9\xdf\xcd\xb6\xdcZM\x97Xs+\
\xe6\xda\x96\x0b '\xda\x98\xc7\xfb\xa4\xd4\xc9\xdf\x19\xd7\
\x8a\xde\x96\x8a\xff\xb1\xd7\xe8s\xffH\x9b\xfcTE7\
\x0b\x8a\xb2<p\x89q\xad\x002\xf2'\x12\xe7\xe4\xf4\
+)Z\x17\xa3^\x8f\x8a\xff\xb1\xd7\xdcl]\xa8\xa3\
[\xc4\x7f|5\x0f\x19\xd7\x09 3\xf7\x8b\xff\x89\xa9\
\x93\x7f\x9frL\xca\x82\x94k\xa4x\x1e\xfc\xe3\x94\xc7\
R6\xa4\xbc(E#\x96me\xb6\x94\x7f\xb6\xa1\xfc\
;\xfawW\x94\xffvA\xf9\xdf\x9aY\xd5@5\x90\
\xde\xa2~G\xfc\x8f\xbb\xceA\xd8\xd3\xb8VO\xfa\xb8\
\xed\x0d\xf1\x1fg\x9dp\xbb\xabq\xad\x002r\xba\xf8\
\x9f\x98\xac\xf3\xaa\x14\xdf~\x96K\xb1\xb6\x9c\x93`A\
\xd7\xac{\x1f\x1b\xcd\x15\xd6\x85\x06\xb0X\xfc\xc7Ys\
\xbaq\x9d\x002\xb3^\xfcOLuF\xbf\xf5>\x22\
\xc5J\x88S\xa5\x98\x09\xdfF\xfa\x81\xc8\xfbX\xe8\x04\
\xd0:[\xfaz\xd1\xc9\x8d\xbf\x11\xff\xf1f\xc5\x0d\x80\
\xed\xfc\x95\xf8\x9f\x98<\xa3\xb7go\x92b\xc2\xd6\x87\
F\x1c\xcb\x9c\xe8]\x11\xef\xb1\xbf\xde\xbc\xca8n\x10\
\xff\xf1~\xd0\xbcJ\x00Y\xd99\xe5\xff\x88\xff\xc9)\
B\x9e\x93\xe2v\xed\xc1\xa3\x0ch&\x22l\x06u\x88\
y\x95q\xcc\x12\xff\xf1\xded^%\x80\xec\x5c)\xfe\
'\xa7H\xd1\xad\x5c\xb5\x05\xed\x9cQ\x0650\x9d\x1c\
\xe9=\xc6\x8f\x9bW\x19\xcf\x93\xe2?\xee\x11\xdb*\x03\
p\xa4\x17\x84\xdf\x8b\xff\xc9)b\x1e\x96\xe6\xb5.\x8e\
\xb0\xff\xffE\xe6U\xc6s\x89\xf8\x8f\xfb\xd1\xe6U\x02\
\xc8\x8e>\x07\xf7>9E\xceZ)v\xcek\x82\x05\
\xe2?\x9e\x87Z\x17\x19\xd0\xe1\xe2?\xee\x17\x98W\x09\
 ;\x9f\x94x]\xcc\x22\xe6\xee\x94\xb1!\xc78\x8a\
e\xe2;\x86\xafH\xbb&\x5cvh\xcd\xfa\x1c\xdes\
\xec\x97\x9aW\x09 K?\x12\xff\x0bl\x0e\xd1\xc7%\
\x8b%\xdf%\x84\xab\xc4w\xfcV\xd9\x97\x18\xd6\xed\xe2\
;\xf6Mj\xb8\x04\xa0B\xba.\xde\xfb\xe2\x9aS\x9e\
N9i\xa8\x91\xf6\xe5\xbd\x03\xe4\x95\xf6%\x86\xa5{\
\xf2{\x8e\xfd\xbd\xf6%\x02\xc8\xd5\xcf\xc4\xff\xc2\x9aS\
\xb4\x9f\xc2\x8d\x92W\xbbU\xdd:\xd9s\xcc\xce\xb6/\
1\xac\xf3\xc4w\xec\x1f\xb6/\x11@\xaet\x92\x90\xf7\
E5\xc7\xe8\xb2\xb6\x03\x87\x18o\x0fz\xe7\xc2s\xac\
\x8e\xb0/1,]Z\xea9\xf6\x1b\xecK\x04\x90+\
}\xae\xfd\x9a\xf8_Ps\x8c\x8e\xdb\xfc\xc1\x87\xbcv\
/\x8b\xef8\x1d`^a\x5c\xfa!\xd1s\xec_\xb2\
/\x11@\x8ev\x90b{\xd6(m\x82s\x8c\x8e\xdd\
\xb5\xe5XF\xa5\x1d\xf8<\xc7\xa8\xcd]\x1a\xb5\xf3\xa1\
\xe7\xd8o\xb6/\x11@n\xf4\x9b\xbf\xb6\xd3\xf5\xbe\x80\
6%\xba\x93\xe0G\x06:\x02\xf5\xd1v\xca\x9ec\x93\
\xeb\xea\x89*\xe8\xd6\xdb\x9ec\xff\x96}\x89\x00r\xa2\
-r\xef\x13\xff\x8bf\xd3\xf2@\xca\x8c\x01\x8eC]\
\xf8\x00\xe0\x87\x0f\x00\x00\xc2\xf8\x98\xf8\xcf\x0aort\
\xff\xf7\xbd\xfb>\x1a\xf5\xe0\x11\x80\x1f\x1e\x01\x00\x08a\
,\xe5\x97\xe2\x7f\x91lz6J\xac\xdd\x03_\x16\xdf\
\xf1\x884\x16uc\x12 \x00w\xfaMD\xdb\xdfz\
_\x1c\xdb\x92\x17R\xf6\xe9\xeb\xc8\xd8c\x19\xa0\x1f\x96\
\x01\x02p5]b\xb4&m[\x9e(\xc7\xde\xcbn\
R\xec\xf3\xb0E|\xc7\xe1\x1c\xebB\x03;_|\xc7\
\x9e\x8d\x80\x80\x16\xd3\x09X\xab\xc5\xffb\xd8\xd6\xe8\xc4\
\xc0\x9d\xa7<J\xd5\xe9\x5c\xf4\xffI\x8a\x09`\xde\xf5\
k\x16\x99V\x1c\xdbU\xe2;\xf6l\x05\x0c\xb4\x94\xae\
M\xff\xbe\xf8_\x00\xda\x9e\x15b\xbbO@\xc4\x8b~\
w~`Wzx4\x03\x02\xe0B7\xf9\xf1>\xf9\
\x93\x22\xcb\xa68V\x83\xd2\x8b\xfe\x85R\xb4+\x8ex\
\xd1\xef\xceVio;\xe0W\xc5w\xeci\x07\x0c\xb4\
\xd0<a\x87\xbfH\xd1cq\xd6\xa4Glj\xd1\xbf\
\xe9O\x96O\x8fX{\x8e\xb4f\xefq\xbf\xc0\xbcJ\
\x00\xa1\xec/\xc5\xfa_\xef\x93\x0f\xd9>\xba\x1e\x7fl\
\x92\xe3\xd6\xcbGS>\x9fr[\xca\xef\x03\xd40l\
\xfeq\xc0\xba\x9b`\xa1\xf8\x8f\xfb\xd1\xe6U\x02\x08c\
G)f\xfez\x9fxH\xef\xe8&LS\xb5\x12\xce\
\xf9\x9b\xfeD\xd92E\xcdM\xf4\x94\xf8\x8f\xfb\xee\xe6\
U\x02\x08\x83\xe7\xfe\xf1sM\x8f\xe3\xd6\xc4\x8b\xfe\xf8\
|\xaaG\xddM5K\xfc\xc7{\x93y\x95\x00\xc2\x98\
+<\xf7\xcf!\xef\xa6\x9c(\xcd\xb9\xbd\xdfon\x96\
\xf6X.\xfe\xe3\xfd\xa0y\x95\x00B\xd0[\xff\xeb\xc5\
\xff\xa4C\xfa\x8b\xce\x8co\xea7\xfd\x89\xa2\x1fr\xf6\
\x90\xe6\xd3\xde\x07z|\xbd\xc7\xfb:\xebB\x01\xc4p\
\x99\xf8\x9fp\x08\x99*WJ\xf3-\x11\xffq\xd6|\
\xce\xbaP\x00\xfet\xd6\xffo\xc5\xff\x84C\xc8T\xd1\
\xc9\x80{Isi'\xc87\xc4\x7f\x9c\xb5\x05\xf4.\
\xc6\xb5\x02\x08\xc0{\xb7\xb1Q\xa3\x93\x95VI\xb1e\
\xec\xd9)\x9fI9H\x8a\xdb\xc5\xba\x95\xf1N\xe5\xff\
>\xb0\xfc\xff\xce)\xff\xee\xaa\xf2\xdfz\xff\xfed\xb0\
|[\x9a\xebV\xf1\x1f_\xcdZ\xebB\x01\xf8;M\
\xfcO6\xc3\xe4\x7f\xa5\x5c\x9crh\x05cpX\xca\
\x97R\xd6\x05\xa8\x8bL\x1d\x9d\xa8zB\xcf#\x997\
\x9d\xd8\x19e\x12\xee\x12\xe3Z\x01\x04\xa0\x9f\xf4\xbdO\
6\x83D\xdb\x93~\xd6d$\x0a\xba\xfcJ\x97BF\
\x98\x84E&\x8e\xb6K\xdem\x82c\x98#]o\xff\
\xa2\xf8\x8fk'sm\xcb\x05\xe0\xed$\xf1?\xd1\xf4\
\x93\xb7\xa5X\xdf\xfeom\x86\xa1'}d\xb0H\xfc\
[\xe1\x92\x89\xb3j\xc2\xa3\x97\x17\xdd\xf3\xffN\xf1\x1f\
\xcfN\xb4\xff\xc0T\x9bM\x01\xc8\x5c\xf46\xbfz;\
T\xd7\xb8{N\xfa\xd2%Y7J\xb1\xf6\xde{<\
\xc8\x07\xb3p\xe2C\x97\x8d\xcb\xc5\x7f\x1c\xbb\xf3u\xdb\
r\x01x\x9b#\xfe'\x9a\xc9\xf2|\xcaqf\xd5\x0f\
N\x9f9\xebmg\xefq!\xdbG?$.\x98\xf8\
\xb0\x85w\x9e\xc4\xfbp9\xc7\xb4b\x00\xee\xee\x12\xff\
\x13\xcdD\xd1\xdb\xa1\x11\xf7 \x9f\x91\xb2B\xfc\xc7\x87\
l\x1f}D4o\x92\xe3\x16\xd5\x99R\xfc\xee\xde\xe3\
\xd7\x9d_\x98V\x0c\xc0\xdd'$\xcel\xe3\xee\xe87\
\xa1\x8b\xed\xca\xae\xcc\xa5\x12s\xfc\xda\x9cwR\xbe8\
\xd9A\x0b\xe6\x0b\x12\xef\xe2\xaf\xf9\xb2e\xd1\x00\xfc}\
U\xfcO4\xe3\xa3\x1b\x8f\x9ckYt\xc5\xce\x97\x98\
'\xf06G?\x94]:\xd9A\x0bBw\xdd\x8c\xf8\
\x01R?\x80\x1f`X7\x80\x006\x8a\xff\xc9\xa6;\
z\xf1\xcf\xf1\x16\xee|\xe1C@\xc4\xe8\xe3\xad\x88=\
\x03\xf4\x11\xd2J\xf1\x1f\x9f\x89r\x87]\xe9\x00\x228\
V\xfcO4\xdd\xd1oB\x17\x9aVlK\xefZD\
\x9b\xc4E\x8a5\xf5\x916\x0b\xd2M~^\x12\xffq\
\x99,\xb3\xcd\xaa\x07\x10\xc2\xb7\xc4\xffD\xd3\x9d\x1c\x9e\
\xf9OEo;{\x8f#\xf9`:\xcbH\xf7\x9e\xf8\
\xd0\x99\xcbe\x19\xe9=V\x03\x00 \x06\xdd\x17\xffu\
\xf1?\xd9t\xb2\xd2\xb6\xdcZ\xfd@\xfc\xc7\x93\xf4\x8e\
n\xe6\xb4H\x8a\x8bq]\xf4g-\x96\x18\x8d}\xfa\
\xc9\xf1&\xa3\x00 \x8cH\xfb\xfe7m+\xd7\xe9\x12\
on\x05\xd9>\xba\xbd\xf3\x0dRl\xf7lE\xfbJ\
,\x97\xbc\xb6\x92^c2\x12\x00BY*\xfe'\x1b\
\x8d\xde\x9a\x8d\xb4\xc9OU\xf4\x99s\xc4\xd9\xdd\xe4\x83\
y\x22\xe5\x92\x94OI\xb1\x15\xef\xb0\xf4\xdf\x1e.\xc5\
\x8e\x84O\x05\xa8k\x98\x9c<B\xfd\x002\xf1\xa8\xf8\
\x9fl47[\x17\xea\xe8\x16\xf1\x1f_2X^\x91\
\xa2%\xb6v\xc0\xd3I\x9d:\x19N\xdbI\xebm\xfc\
ief\x96\x7f\xa6\xbb\xe4\xe9\xee}W\x95\xff\xe6\xd5\
\x00\xbf\xff(i\xd2c8\x00\x13\xd0[\xd4\xbaY\x8a\
\xf7\x09G\xe7 \xeci\x5c\xab'\x9dp\x96\xcbs_\
\xd2\xee\xe8c\x8a\xfd\x04@\xe3\xe9\x9au\xef\x13\x8e\xe6\
\x0a\xebB\x03X,\xfe\xe3L\xc8Ti\xc2\x0a\x1c\x00\
}\xd0\x89I\xde'\x9c7%\xe6\x06-U\xd3\xc9\x8d\
\xbf\x13\xff\xf1\xae3oIq|\xbd\x7f\x0f\xd2_\x9e\
\x11Z\xfe\x02\xad\xf1\x90\xf8\x9ft\xae7\xaf2\x8e\xff\
&\xfe\xe3m\x1d\xbd\xe8\xdf-\xc5FN\xfa\xa1\xe7$\
a\x12d\x0e\xd1=\x09\x22m\x92\x04\xc0\xd8f\xf1?\
\xf1\x1cb^e\x1c\x7f\x22\xfe\xe3m\x11\xbd\xe8\xffS\
\xca\x05\xd2{\x19\xe7\xb5\x01~G2y\xae\xeeq\xdc\
\x004\x94\xce`\xf6>\xe9<n^e<\xba\x01\x8d\
\xf7\xb8W\x91\xa9.\xfa\xddv\x94\x18w\x9bH\xef<\
&\xdc\xfa\x07Z%\xc2\xfe\xff\x17\x99W\x19\xcf-\xe2\
?\xee\xc3f\xfc\xed\xfdA\xec/1\xee8\x91\xed\xa3\
+p\xc6&9n\x00\x1ah\x81\xf8\x9f|\x0e\xb5.\
2\xa0#\xc4\x7f\xdc\x07\xc9 \xdf\xf4\xa7r\x860\x1f\
 R\xf4X\x9c5\xe9\x11\x03\xd0H\xcb\xc4\xf7\xe4\xa3\
\x1b\xad\x8c\xb2\xdbZ\xae\xb4\xe6\xe83\xe3G\xf9\xa6?\
\x15\xef\xd7\x1dy?<\xf7\x07Zj\x95\xf8\x9e|V\
\xd9\x97\x18\x96\xf6X\xf7>\xf9\x8fO\x95\xdf\xf4'\xa3\
\x1f\x80n\x0dPo\xdb\xf3\xbd\x94\x1d\xa68V\x00\x1a\
\xea~\xf1=\x01]i_bX\xba\xbd\xac\xf7\x05@\
S\xd7E\x7f<\x9dpv_\x85u\x90\xc1\xf2\x93\x94\
\x9d\xa7<J\x00\x1aKg\xfez\x9e\x84\xce\xb6/1\
,\xdd7\xdes\xecu\xe2W\xdd\x17\xfd\xf1>*q\
\xfaP\xb4)\xebRv\xed\xe3\xf8\x00h\xb0\xa7\xc5\xf7\
Dt\x84}\x89ai\xf3\x18\xcf\xb1\xdf`_b_\
\xb4\xff\xc3\xb3\xe2\x7fQlK\x9eO\xd9\xa7\xaf#\x03\
\xa0\xd1^\x16\xdf\x93\xd1\x01\xe6\x15\xc6u\xa0\xf8\x8e\xfd\
K\xf6%\xf6m,e\xa3\xf8_\x1c\x9b\x1e\x1d\xe36\
\xbf\xe7\x00t\xd1\xdb\xc0\x9e'\xa4\x99\xf6%\x86\xa5\xdf\
|=\xc7~\xb3}\x89\x03\xd1\xd7\x02\x8f\x03\xec\xf2\x84\
\x14\x1d)\x01\xe0=\xdb\xc4\xf7\xa44\xcd\xbe\xc4\xb0t\
\x02\x96\xe7\xd8\xbfe_\xe2\xc0vI\xb9W\xfc/\x96\
M\x8bN\xf8\x9b1\xc0q\x00\xd0\x02|\x00\xf0\xc3\x07\
\x80\xde\xf45\xa1\xcb\xd3\xbc/\x9aM\xc9w\xa5\xdd\xef\
3\x00\x13\xe0\x11\x80\x1f\x1e\x01LL\xd7\xa6\xebfA\
\xec\x188|\xb4\xb3\xdfRa\x9d?\x80\x09\xbc,\xbe\
'\xa91\xf3\x0a\xe3b\x12\xe0\xd4>\x9b\xb2I\xfc/\
\xa6\xb9E?\xdc\x9d1\xc4x\x03h\x11\x96\x01\xfaa\
\x19`\x7f\xb4\x81\x10]\x04\xfb\xcf\xda\x94\xfd\x86\x1ai\
\x00\xad\xe2\xbd\x11\xd09\xf6%\x86u\xbe\xf8\x8e\xfd\xc3\
\xf6%VF[\x09/\x96\xe2\xb6\xb6\xf7\x056j\xf4\
q\xc9\x8dBK_\x00}\xf2\xde\x0ax\x91}\x89a\
]%\xbec\x7f\xaf}\x89\x95;Q\xfc\xefZE\x8c\
\xde\xcd9a\x84q\x05\xd0B4\x03\xf2s\xbb\xf8\x8e\
\xfdJ\xfb\x12M\xe8\xdd\x80\x8b$~7\xc5:\xf2;\
)\xee\x8c0\xcb\x1f\xc0\xc0\xbc\xdb\xb2\xb6\xb9\x1d\xf0\xab\
\xe2;\xf6K\xcd\xab\xb4\xb5o\xcam\xe2\x7f\x11\xf6\x8a\
\xb6jfW?\x00C[ \xfe'\xb2\xc3\xac\x8b\x0c\
\xe8\xd3\xe2?\xee\x17\x98WY\x8fSR\xd6\x88\xffx\
\xd6\x95\x07R\xe6V2r\x00Z\xedX\xf1?\xa1]\
l^e<\x0b\xc5\x7f\xdc\x8f6\xaf\xb2^\xc7K\xf1\
\xad\xb8\xa9{\x07\xe8\xa4\xcdS+\x1b-\x00\xad\xa7\x1b\
\xf1x\x9f\xd8\xd6\x99W\x19\xcfS\xe2?\xee\xbb\x9bW\
\xe9cv\xca\x9d\xd2\x8c\x15\x03Z\xc3\x1d\xd2\xee\xe5\xb2\
\x00\x0c\xe9\xa6!\xde'\xba6=\x06\x98%\xfe\xe3\xbd\
\xc9\xbcJ\x7f\xba\x7f\x80N\x16\xfc\xb9\xf8\x8f\xf7\xa0y\
N\x8a\xc9}\x07W=(\x00\xd0-\xc2&+\xd7\x9b\
W\x19\xc7r\xf1\x1f\xef\x07\xcd\xab\x8cE?`^+\
\xb1w\x15\xdc\x92r\x93\x14\xcb\xf9\xda81\x16\x80\x83\
\x08\x17$]\xd2\xb5\x87u\xa1\x01\xe8#\x97\xad\xe2?\
\xde\xd7Y\x17\x1a\x94n\x92s\xb2\x14{0\xe83\xf5\
\xb7\xc5\xef\x18\xe8\xcf\xd6\x0f\xdfK\xa4\x98\xd4\xc7\x06>\
\x00j7_\xfc/H\x9a+\xad\x0b\x0d@O\xf6\xde\
\xe3\xac\xf9\x9cu\xa1\x99\xd8U\x8a=\xf3\xf5\x0e\x94\xde\
\x15\xd1e\xa9Vc\xfeJ\xf93\xf4g\x9d.E\xeb\
c\x00p5]|\xbf\x09u\xa2\xb7@\xf72\xae\xd5\
\xd3\xde)o\x88\xff8k\x0bh.>\x13\xd3\xc9\x91\
G\xa5\x5c\x98r\xb5\x14\xad\x89W\xa7<\x92\xb2>\xe5\
E)\xbahn+\xf3z\xf9g\xeb\xcb\xbf\xb3\xba\xfc\
7W\x97\xff\x8d\xa3\xa4\xb9\x13.\x014\xc0\xa3\xe2\x7f\
a\xd2|\xdb\xbaPG\xdf\x11\xff\xf1\xd5\xac\xb5.\x14\
\x00\x90\x0f\xdd\x15\xce\xfb\xc2\xa4\xd15\xdcM\xdc\xd3<\
\xcac\x16\xcd\x12\xe3Z\x01\x00\x199M\xfc/L\x9d\
\xfc\xef\x94\xddl\xcb\xad\xd5\x98\x14\xb7\x8a\xbd\xc7\xb5\x93\
\xb9\xb6\xe5\x02\x00r\xa2\xcdD^\x13\xff\x8bS'?\
\xb3-\xb76\xda\xb8\xc6{\xcf\xff\xee\xe8\xef\xc2ls\
\x00\xc0v\xbe)\xfe\x17\xa8\xee\xac\xb6-\xb7\x16\xf7\x89\
\xff8v\xe7\xeb\xb6\xe5\x02\x00rt\x8c\xf8_\xa0\xc6\
\xe7\xbf\x9bVlKw\xa1\xf3\x1e\xbf\xf1\x99cZ1\
\x00 [\x1b\xc5\xff\x225>_2\xad\xd8\xc6\x99\x12\
o/\xfa_\x98V\x0c\x00\xc8\xda\x15\xe2\x7f\xa1\x1a\x1f\
]\x19\xf0\x1f-\x8b\xae\xd8\x17$\xc6\xbe\x0a\xe3\xf3e\
\xcb\xa2\x01\x00y\x1b\x93x\xdf\x5c;\x1f\x02.5\xac\
\xbb*\x97I\xccv\xb4zL\x0f0\xac\x1b\x00\xd0\x00\
w\x89\xff\x05k\xa2\xe8\xef\x16\xb1g\xc0\x8c\x94\x95\xe2\
?>\x13E;>\xfe\x91Y\xf5\x00\x80F\xd0\x89b\
\xde\x17\xac\xc9\xa2\xdb\xaeF\xda,\xe8\xc4\x94\x97\xc4\x7f\
\x5c\xa6\x8a\xeeE\x7f\xaa\xd1\x18\x00\x00\x1a\x22\xda\xf2\xb5\
\xf1\xd1\xdb\xec\xb7I\xb1\xbf\xbe\x17\xed\xecw\xa3\xc4|\
d2QtnB\x8e\x93*\x01\x005\xd1o\xb5\xde\
\x17\xab~\xa2\x0d\x84\x16Iq1\xae\x8b\xfe\xac\xc5\x12\
\xa3\xb1\xcf\xb0\xd1G)M\xdam\x11\x00P\x91?\x97\
\xbc\xbe\xd9nM\xb9!e\x96\xc5`\x94\x0eKY^\
\xfe,\xefz\xab\xc8?\xa7\x1cR\xe9\x08\x01\x00\xb2\xf6\
\xb7)\xff*\xfe\x17\xa8a\xf3D\xca%)\x9fJ\xf9\
\xd0\x08\xe3\xa0\xff\xf6\xf0\x94\x85)O\x05\xa8\xcb\x22\xbf\
M\xf9\xcb\x11\xc6\x08\x00\xd0\x00z\xc1[&\xfe\x17\xa5\
*\xa3\x13\xdfn\x97\xa2\x03\xde\xb9)\xb3S\x0e\x92\xe2\
6\xfe\xb423\xcb?\xd3\xc9\x8f\xe7\xa5\x5cU\xfe\x9b\
H{\xf8[F\xe7S\xe8\x9d\x0d\xed[\x00\x00h\x19\
=\xf9\xdf,\xfe\x17#\xe2\x97\x9f\x0aK\x05\x01\xa0U\
\xa6\xa7\xdc/\xfe\x17 \xe2\x1f\x96\x0a\x02@K\xe87\
\xbe\xa6>\xdf&\xc3E\x97\x0aj##\x00@C\xe9\
\x0c\xf0_\x89\xff\x05\x87\xc4\x0cK\x05\x01\xa0\x81\x8eK\
yM\xfc/2$vX*\x08\x00\x0d\xf2g)\xbf\
\x17\xff\x8b\x0b\xc9#\xba\xef\xc1_\x08\x00 k\x7f#\
y\xaf\xf1'~\xb9)e'\x01\x00dE\xd7\xf8/\
\x16\xff\x8b\x08\xc9;?\x15\x96\x0a\x02@6\xf4[\xdb\
\xad\xe2\x7f\xf1 \xcd\xc8\xaf%V7F\x00@\x0f\xba\
\xc6\x7f\xb5\xf8_4H\xb3\xc2RA\x00\x08\x8c5\xfe\
\xc4:,\x15\x04\x80`\xfe8\xe5%\xf1\xbf@\x90\xe6\
\xe79):%\x02\x00\x9c\x1d-\xedidCb\x84\
\xae\x82\x00\xe0\x8c5\xfe\xc43,\x15\x04\x00\x07_L\
yG\xfc/\x02\xa4\xddY\x9b\xb2\xaf\x00\x00\xcc\xb1\xc6\
\x9fD\x0b]\x05\x01\xc0\xd8\x8e)\x7f/\xfe'|B\
\xc6G\xefF].\xc5\x07\xd4\x9c\xccL9&eA\
\xca5)+S~\x9c\xf2X\xca\x86\x94\x17S\xb6\xa4\
l+\xb3\xa5\xfc\xb3\x0d\xe5\xdf\xd1\xbf\xbb\xa2\xfc\xb7\x0b\
\xca\xff\xd6\xcc\x1a\x7f\x7f\x00-\xb0K\xca\xff\x10\xff\x13\
=!\x93%\xf2RA\xdd'c~\xca\xf2\x94\x87R\
6\x8b\xdd8\xbcZ\xfe\x0c\xfdY\xf3Rv\xad\xa1>\
\x00\x0d\xa4k\xfc\x9f\x14\xff\x93;\xb1\xc9o\xa4Y\xdd\
\x1a\xa3,\x15\x9c&\xc5\xa3\x89\xa5)\x8f\x8a\xef\x9c\x19\
\xfd\xd9\x8f\xa4|\xad\xfc\x9d\xa6\x19\xd6\x0d\xa0!\x0eN\
\xf9\xa5\xf8\x9f\xd4\x89Mt\x12\xdd~){Iq;\
\xd9\xfb\xf7\xa9*\x9eK\x05g\xa7\xdc(\xb1\x97\xc7\xbe\
!\xc5*\x0a\xddf9\xb7\xc7&\x00jp\x94\xc4>\
\x89\x91\xe1\xf3\x07).R\xdd\xcb\xe8>\x9crm\xf9\
\xffy\xff~U\xa5\xae\xa5\x82\xfbK1\x07ac\xcd\
\xf5U\x11\xbdc\xb2X\x8a\x0f\xfb\x00 gI\xdek\
\xfc\xd7\x955<\x1d\xe0w\x89\x16\x9d@6Y\x83\x1d\
\x1d\xb77\x02\xfc\x9eU\xc5r\xa9\xe0\x91)\x1bO\xb8\
;\x00\x00\x10\xc9IDAT?\x94f|hz7\
\xe5\xce\x949\x95\x8e\x10\x80\xac\xe4\xbe\xc6\xff~)&\
\x5c)]\xb9\xa0\x8dd\xde\x0c\xf0{y\xe7wR|\
\xd3\xeb\xe7\xf9\xef'\xa5\xf8\xa0\xe0\xfd;W\x95\xaa\x97\
\x0a\xea\x07\xa8\xbb\xa5\x19\x17\xfe^y8\xe5\xf3\x95\x8d\
\x16\x80\xf0\x9a\xb0\xc6\xff\x1f\xa5\xf7-_\xfd\x06x[\
\x80\xdf\xcf+z\xb1:\xa0\xc7\xb8LFg\x8e\xaf\x08\
\xf0\xbbW\x95\xceR\xc1Q\x9c&\xc5\x1d\x05\xefZ\xea\
\xca\xda\xb2f\x00\x0d\xd6\x845\xfe\xfa\xfcz\xaa\x09M\
\xa7\xa4\xac\x09\xf0\xbb\xd6\x95\x07R\xe6N1&S\xf9\
OR\xacA\xf7\xae\xa5\xaa\x0c\xb3T\xf0\xe3\xc2\x07\xc8\
\xb1\x01\xc7\x0c@\x06r_\xe3\xff\xaf)\xffy\xc0\x9a\
\x8f\x97\xe6\xdf\xc2\xad\xf2\x96\xb7\x8e\xd7\xaf\x03\xd4UU\
\xfa]*\xd8y\x84\xb45\xc0\xef\xec\x1d\x9d\x13\xb4X\
XB\x084\xc6>\x92\xf7\x1a\x7f}\xae}\xe6\x08\xf5\
\xeb\x92-\x9d\xf8\xf4n\x80ZF\x8d\xd6pG\xca\x11\
#\x8c\xc7d\xda\xb6Tpn\xca3\x01~\xcfh\xd1\
\x89\xb5'M2n\x002p\x90\xe4\xbd\xc6_7\xaf\
9\xae\xa2\xb1\xd0e\x5c\xfaM\xef\xe7\x01\xea\x1a4u\
.\xe3j\xc3RA\xfd\xd6\xbfX\x9a\xf1\xa1\xd0*\xbd\
\x96\x91\x02\xc8\x84\xae\xf1\xd7\x99\xd1\xde'\x92a\xf3\x92\
\x143\xd5-\xe8\xada\xbd\xc8m\x0aP\xe7D\xd1=\
\xe1=7ri\xeaRA\xfd \xf8p\x80\xdf'\x97\
<\x9er\xa0\x00\xc8\xc6\x9fJ\xde\xcf4\x9f\x90\xe2\xd1\
\x855\xfdvsr\xcaUR\x5c\x14\xde\xae\xa1\xb6\x89\
\xa2?[\xf7v_\x22\xc5\xad\xe9\x08\xdf\xbc\xf4\x03X\
\x93\xf6Y\xd0-\x91Y.:x\xf4N\x9c\xf68\x00\
\x10\xdc\x7f\x90\xe6\xac\xf1\xaf\x9b.\x8b;#\xe5\xfa\x94\
\x07\xc5\xf6\x0e\xca+\xe5\xcf\xd0\x9fu\xba\x14\x135#\
j\xdaRA2\x5c\xf4\x91\x80\xde5\xdbA\x00\x84\xa4\
k\xa0\xbdO\x14\xa3\xe4\x16\x89\xf1\xcd\xb7\xdb\xeeR<\
N\xb90\xe5\xea\x94\xef\xa5\xac\x96\xa2\xf1\xcaz)Z\
\xb7\xbe.\xef\xb7s}\xbd\xfc\xb3\xf5\xe5\xdfY]\xfe\
\x9b\xab\xcb\xff\xc6Q\xe5\x7f37M[*H\x86\x8b\
N\xa8\xfd\x88\x00\x99hC?n\x9d\xb8\xa5\xcf\x8b\xbd\
O\x0e\xa3\xa4\x9f5\xfe\xf0\xd5\xb4\xa5\x82d\xb8\xe8\xde\
\x133\x04\x08\xa6\x8d\xfd\xb8\xf5\xd6\xf1\x8f&\xf8\x1ds\
\xc80k\xfc\xe1\xa7iK\x05\xc9p\xd1\xa5\xc5{\x0b\
\xe0\xa8\xed\xfd\xb8?&E\xdd\xde'\x83a\xa3\x1b\x8f\
\xb0\x1fy~\x9a\xb8T\x90\x0c\x1e\xed\x8c8&@\xcd\
\xe8\xc7\x9d\xff\x1a\x7f}V~|\xe5\xa3\x82:5m\
\xa9 \x19</H=+v\xd0r\xf4\xe3~\x9f\xb6\
(\xcd}\x8d\xff\x1fW4\x16\xf0\xd5\xb4\xa5\x82d\xf0\
\xe8\xb2]\xaf\x95;h8\xfaqo\x8f5\xfe\x88\x86\
\xa5\x82D'\x06\xee,@E\xe8\xc7\xfdA\x0b\xc4w\
\xb3\x9aQ\xa3\x93\xc7\x98=\xdc\x5c\xba\xd5r\xce\xafO\
2Z\xf4C \xfb\x04`$\xf4\xe3\xee-\xf75\xfe\
\xb7J\xbc5\xfe\xa8\x9e~pg\xa9`{\xb3L\x80\
!\xd0\x8f\xbb\xf7\x8cZ\x9dq\xfd_\x03\xfc~\xa3D\
'l\xb2\xc6\xbf=\xfe(\xe5\xa7\xe2\xff\xba#\xf5G\
\xef\xd8\xea\xe4P\xa0/\xf4\xe3~?\xe3\xfbq\xeb\x1a\
\xff\xbb\x03\xfc^\xc3F\xd7\xf8\xff\xb5\xa0\x8dX*\xd8\
\xde\xe8\x0a\x9f1\x01\xa60W\xe8\xc7\xdd+:\xab\xfa\
L)\xf6\x15\xf0\xfe]\x86\xcd\xbf\xa4\xfc\x85\xa0\xed\xf4\
5\xc0\x87\xfb\xf6EwQ\xe5\x91\x1fz\xa2\x1fw\xb3\
\xc3\x1a\x7ft;$\xe5\x9f\xc5\xffuI\xea\x8dn\x9f\
\x0el\x87~\xdc\xcd\x0ek\xfc\xd1\x0bK\x05\xdb\x17\xfd\
\x82w\xa2\x00%\xbd\xad\xad\xbd\xa5\xbd_\x98\xc4&\xda\
\x01o?\x01&\xc6R\xc1vE\x1f\xf1\xf2(\xa0\xe5\
tm\xa8\xf6=gBPs\xc3\x1a\x7f\xf4\x8b\xae\x82\
\xed\xcaBAk\xe9\x8cvn\xfd5;\xac\xf1\xc7\xa0\
X*\xd8\x9e\xe8$P\xee\x0c\xb6\x90>\xf7\xbbO\xfc\
_\x80\xc4.\xac\xf1\xc7\xb0t2\xb0\xb6\xd3n\xcb\x9d\
\xc1M)\xabR\x16\xa5\x9c\x9d\xf2\x19)\x9az\xed!\
\xc5\x17\xa5\x9d\xca\xff}`\xf9\xff\x9dS\xfe\xddU\xe5\
\xbf\xf5\xfe\xfdG\xc9*A\xabh\xabZ]\x0a\xe2\xfd\
\xc2#6a\x8d?\xaa\xd2\xe4\xae\x82\x8fK1\xef\xe1\
\xd0\x0a\xc6\xe9\xb0\x94/\xa5\xac\x0bP\xd709\xa5\x82\
1@\x06\xc6$\xefV\xb5d\xf2\xbc\x95\xf2\xef\x04\xa8\
N\x93\x96\x0a\xbe)\xc5\x9c\xa7C*\x1d\xa1\xed\xcd*\
\x7fFN{,\xac1\x19\x09\x84\xb2\xa7\x14\xedo\xbd\
_l\xc4&\xba\xc6\xff\x04\x01\xaa\x97\xfbRA}o\
|U\x8a\xdb\xf8u\xd1\x9f\xb5(eK\x85uX\x86\
\xfdA\x1aL{B?)\xfe/2b\x13\xd6\xf8\xa3\
\x0ez\x9b;\xa7\xa5\x82:\x87A\xfb\x98\xece1\x18\
}\x9a)\xc5|\x9c\xe8\x9b\xab\xddc5\x00\xf0\xa5\x93\
XV\x8b\xff\x0b\x8c\xd8\xe4))fn\x03u\xc8e\
\xa9\xe0\xf3)\xc7\x19\x8d\xc10\xf4\xee\xdc\x0b\xe2?.\
\x93e\xb6Y\xf5p\xa1\xeb\xfc\xbf/\xfe/,b\x13\
\xfd`7]\x80z\xe9\x07\xce\xc8\x1b\x87\xdd\x99\xb2\xbb\
Y\xf5\xc3\xd3\xfd8\x22?J\xb9\xc3\xaetx\xd0\xc9\
(\xde/*b\x13\xd6\xf8\xc3\xcb'$\xe6\x12A\xbd\
\xcd~\xb1]\xd9\x95\xb9T\xe2\x8e\xdf\x98a\xdd\xa8\xd1\
<\x89\xf9\x22#\xa3\x875\xfe\xf0\xa4\x13\xea\xbc\xdf\x03\
\xe3\xb3-\xe5\x5c\xcb\xa2+v\xbe\xc4\x9cO\xf1\x15\xcb\
\xa2Q\x0fm\xec\xb3Y\xfc_L\xa4\xda\xe8\x1a\xff\xbf\
\x11\xc0\xd7F\xf1\x7f/tG\xbf\xb9\xce3\xad\xd8\xc6\
|\x89\xf7!\xe0Y\xd3\x8aaNw\xf1\xa2\xab_\xf3\
\xc2\x1a\x7fDp\xac\xf8\xbf\x17\xc6\xe7\x12\xd3\x8am\xe9\
]\x8bh+\x04\x8e4\xad\x18\xa6x\xee\xdf\xbc\xe8\x84\
\xabH3\x9a\xd1^\xdf\x12\xff\xf7Cw\xee\xb6-\xb7\
\x16:'\xc0{\x1c\xbb\xf3\x0d\xdbrae\xae\xf0\xdc\
\xbfi\xf9\x95\xd8\xee\x5c\x06\xf4K\x97\x14\xeb\xa6:\xde\
\xef\x89Nt\x1f\xfe\x0f\x9bV\x5c\x9f\x1f\x88\xffxv\
\xa2\x8f\x8f\x99`\x9c\x19\xbd\xf5\xaf}\xdf\xbd_<\xa4\
\xbal\x90b>\x07\x10\xc1i\xe2\xff\x9e\xe8D'\xfd\
\x1d`[n\xadt9o\xa4\xb9\x15sm\xcbE\xd5\
.\x13\xff\x17\x0d\xa9.\xf7\x0bk\xfc\x11\xcbR\xf1\x7f\
_tr\x86q\xad\x1et\xb3\xa0(wp\x97\x18\xd7\
\x8a\x0a\xe9\xb7\xc4\xdf\x8a\xff\x8b\x86T\x13\xdd\xbe\x94[\
p\x88\xe6Q\xf1\x7foh\xfe\xc1\xbaPG\xb7\x88\xff\
\xf8j\x1e2\xae\x13\x15\xba]\xfc_0\xa3\xa4\xcd\xfd\
\xb8\xc7g\x99\xb0\xc6\x1f\xf1\xe8\xdd\xa8w\xc4\xff\xfd\xa1\
s\x10\xf64\xae\xd5\xd3\xde\x12\xa3\x05\xb3.O\xdc\xd5\
\xb8VT \xd2s\xb9AB?\xee\xed\xa3k\xfc\xff\
\xb6\x82\xb1\x00,\xe8\x9au\xef\xf7\x88\xe6\x0a\xebB\x03\
X,\xfe\xe3\xac9\xdd\xb8NT`\xad\xf8\xbfP\xfa\
\x0d\xfd\xb8{G\xd7\x01\xff\xa5\xc5`\x00\x15Y.\xfe\
\xef\x13=\x7f\xd4\xd9\xd2\xd7\xcbn)\xbf\x11\xff\xf1\xbe\
\xce\xbaP\x8c\xe6$\xf1\x7f\x91\xf4\x13\xfaqO\x1d\xfa\
q#2}&\xec\xfd\x1e\xb9\xde\xbc\xca8n\x10\xff\
\xf1~\xd0\xbcJ\x8c$z\x9b_\xfaq\xf7\x1f\xfaq\
#\xb2\x08[\x8b\xb7i?\x0c\xbd\x93\xe9=\xde\x9b\xcc\
\xab\xc4\xd0\xe6\x88\xff\x0bd\xb2\xd0\x8f{\xf0\xd0\x8f\x1b\
\x11\xe9\x87h\xef\xf7\xc6\xe3\xe6U\xc6\xf3\xa4\xf8\x8f{\
\xc4\xb6\xcaH\xee\x12\xff\x17\xc7D\xa1\x1f\xf7p\xa1\x1f\
7\x22\x8a\xb0\xff\xffE\xe6U\xc6\xa3=\x0e\xbc\xc7\xfd\
h\xf3*1\xb0OH\x9c\x0d#\xbaC?\xee\xd1\xc7\
o\xcc\xb0n`\x18\x0b\xc4\xff\xbdQ\xc5j\xa1\xdc\x1c\
.\xfe\xe3~\x81y\x95\x18\x18\xfd\xb8Gw\xa1\xc4\xfc\
\x10@?nD\xa3{Sx\xbe'^\x91v\xee\x8d\
\xa15{\xefs\xb2\xd4\xbcJ\x0c,\xd2\x9e\xd1\x1a\xbd\
\xf8\xe7\xd8\x8f[\xefVx\x8f\xdd\xf8\xd0\x8f\x1b\xd1\xe8\
\x86[\x9e\xef\x89U\xf6%\x86\xe5\xbd\xc9\xdbJ\xfb\x12\
1\x88\x08\xcf\xe3\xba\xa3\xdf\xa2/4\xad\xd8\xd6\xdf\x8b\
\xff\x18\x8e\x0f\xfd\xb8\x11\x89\xf6\xa5\xf0|?\x5ci_\
bX\xba'\xbf\xe7\xd8\xdfk_\x22\x06\x11\xad\x1fw\
\x0e\xcf\xfc\xa7\x12m9%\xfd\xb8\x11\xc9c\xe2\xfb~\
8\xdb\xbe\xc4\xb0\xce\x13\xdf\xb1\x7f\xd8\xbeD\xf4+Z\
?\xee&\xdd\x1e\xfa\x99\xf8\x8fg'\xf4\xe3F$O\
\x8b\xef\xfb\xe1\x08\xfb\x12\xc3\xf2^\xee\xbd\xc1\xbeD\xf4\
+\xd2\xbe\xff\xba\xa6~7\xdbrk\xa5\xcdN\xfe\xa7\
\xf8\x8fk'sm\xcb\x05\xfa\xf6\xb2\xf8\xbe\x17\x0e0\
\xaf0.m\x80\xe69\xf6/\xd9\x97\x88~E\xe9\xc7\
\xad\xcf\xfd#m\xf2S\x15\xfaq\x03\x1f\xe4}\xd7q\
\xa6}\x89ai\xe7C\xcf\xb1\xdfl_\x22\xfa\x15\xa5\
\x1f\xf7\xcd\xd6\x85:\xbaE\xfc\xc7WC?nD\xa1\
\xab|<\xdf\x0b\xd3\xecK\x0ckg\xf1\x1d\xfb\xb7\xec\
KD?\xe8\xc7]\x0f\xfaq\x03\xdb\xe3\x03\x80\x1f>\
\x00\xe0=\xf4\xe3\xae\xcfb\xf1\x1fg\x0d\xfd\xb8\x11\x01\
\x8f\x00\xfc\xf0\x08\x00\xef\xa1\x1fw}\xe8\xc7\x0d\xbc\xef\
e\xf1}\x1f\x8c\x99W\x18\x17\x93\x00\xf1\x1e\xfaq\xd7\
\x8b~\xdc@\x81e\x80~X\x06\x88\xf7\xd0\x8f\xbb^\
\xf4\xe3\x06\x0a\xde\x1b\x01\x9dc_bX\xe7\x8b\xef\xd8\
\xb3\x11P\x00\xf4\xe3\xf6A?n\xc0\x7f+\xe0E\xf6\
%\x86u\x95\xf8\x8e=[\x01\x07\x10a\xff\x7f\xfaq\
\xfb\x84~\xdc\xf0F3 ?4\x03\x02\xfd\xb8\x9d\xd0\
\x8f\x1b\xa0\x1d\xb0\x17\xad\xf9U\xf1\x1d{\xda\x01\x07\xc0\
\x1b\xd0\x07\xfd\xb8\x81\x18_@\x0e\xb3.2\xa0O\x8b\
\xff\xb8\xf3\x05$\x00n\xc1\xf9\xe1\x16\x1c\xda.\xc2#\
\xc8&t\x1d\x1d\xd4B\xf1\x1fw\x1eA\x06\xe0=\x09\
\x87~\xdc~a\x12\x0e\xbcE\x98\x84\xbc\xce\xbc\xcax\
\x9e\x12\xffqg\x12r\x00\xde\xcbp\xe8\xc7\xed\x17\x96\
\xe1 \x82\x08\xcb\x90\xdb\xf4\x18\x80e\xc8\xf8\xff\xd8\x88\
\xc3\x0f\x1bq\x00lDV\xb7\x08;\xbf\xb2\x11Y\x10\
/\x8b\xef\x0b\x81~\xdc~a+ND\x10\xe1\x82\xd4\
\x96\xad\xc8\xf5\x91\xcbV\xf1\x1fo\xb6\x22\x0f\x82f\x1c\
~h\xc6\x01\xc4iF\xd6\x86\xf9H\xde\xf3\x8e:\xf9\
\x9cu\xa1\xe8\x0f\xed8\xfd\xd0\x8e\x13(\xda\x91k\x8b\
j\xef\x8b\xd2\x96\x94\xbd\x8ck\xf5\x14\xa5\x1d\xb9^s\
v1\xae\x15}\xe2\x03\x80\x1f>\x00\x00\x85G\xc5\xff\
\xc2\xa4\xf9\xb6u\xa1\x8en\x15\xff\xf1\xd5\xac\xb5.\x14\
\xfd\xe3\x11\x80\x1f\x1e\x01\x00\x05\xdd\x94\xca\xfb\xc2\xa4\xf9\
C\xca\x09\xc6\xb5z8Q\x8a\xda\xbc\xc7W\xb3\xc4\xb8\
V\x0c\xe0e\xf1}1\x8c\x99W\x18\x17\x93\x00\x81\xc2\
i\xe2\x7fa\xea\xe4\x85\x94\xddl\xcb\xad\x95\xae\xb7\x7f\
Q\xfc\xc7\xb5\x93\xb9\xb6\xe5b\x10,\x03\xf4\xc32@\
\xa0\xa0\x8f\x02_\x13\xff\x8bS'M\xd9\xa1T\xb7\x1c\
\xbfS\xfc\xc7\xb3\x13\xed?\xb0\x93i\xc5\x18\x88\xf7F\
@\xf4\xe3\xf6\x0b\x1b\x01!\x92o\x8a\xff\x05\xaa;\x0b\
m\xcb\xad\xc5\xe5\xe2?\x8e\xdd\xf9\xbam\xb9\x18\x94\xf7\
V\xc0\x8b\xecK\x0c\x8b~\xdc\xc0\xfb\x8e\x11\xff\x0bT\
w\xf4\x99\xf9\x02\xcb\x82\x8d\xe9N\xa3\xef\x8a\xff8v\
g\x8ei\xc5\x18\x18\xcd\x80\xfc\xd0\x0c\x08\xd8\xdeF\xf1\
\xbfHuG\x97'\xce3\xad\xd8\xc6\x99\x12cie\
w~aZ1\x86B;`\x1f\xf4\xe3\x06>\xe8\x0a\
\xf1\xbfP\x8d\xcf;)_\xb4,\xbab_\x90x\x17\
\x7f\xcd\x97-\x8b\xc6p\x16\x88\xff\x0b\xa3M\x8d8:\
\xe8\xc7\x0d|\xd0\x98\xc4\xbbm\xad\xd1\xc7\x01\x97\x1a\xd6\
]\x95\xcb$\xcer\xbf\xee\xe81m\xf3\xb6\xefa\xd1\
\x8f\xdb\x07\xfd\xb8\x81\xde\xee\x12\xff\xf7\xc6D\xd1\xdf-\
b\xcf\x80\x19R<\xd2\xf3\x1e\x9f\x89r\x87]\xe9\x18\
\x05\xfd\xb8}\xd0\x8f\x1b\xe8\xcd{y\xecT\xd15\xf5\
\x916\x0b\xd2M~tO\x0f\xefq\x99,\xb3\xcd\xaa\
\xc7\xc8\xe8\xc7]/\xfaq\x03\x93\xbbO\xfc\xdf#\x93\
Eo\xb3\xdf&\xc5\xfe\xfa^\xf4\xcb\xdb\x8d\x12\xf3\x91\
Iw\xee\xb1\x1a\x00T\x83~\xdc\xf5\x8a\xd0\xfe\x94~\
\xdc\x88L\xbf\xd5z\xbfG\xfa\x896\x10Z$\xf5n\
i\xae?k\xb1\xc4h\xec\xd3O\x8e7\x19\x05T&\
\xc2\x05\x89~\xdc\xf5\x86~\xdc\x88N?\xa4z\xbfO\
\xfa\x8d\xbe\xa7o\x90\xe2\xee\x9e\x15\xbdK\xba\x5cb\x9c\
?\xfa\xcd\x1a\x93\x91@\xa5\xe8\xc7]\x1f\xfaq\x03\xfd\
9U\xfc\xdf'\xc3\xe4\x89\x94KR>%\xa3-q\
\xd6\x7f{\xb8\x14\x13\x86#\xcc\x19\x1a&'\x8fP?\
jB?\xeez\xd0\x8f\x1b\x18\x8c\xf7Fe\xa3F\xf7\
9\xd1\x0d\xbf\xf4\x83\xff\xb9RL\x86;H\x8a;\x81\
\xd3\xca\xcc,\xffL'?\xea\xee}W\x95\xff\xc6{\
\x9f\x90Q\xc3Fc\x19\xa1\x1f\xb7=\xfaq\x03\x83\xd9\
W\x8a\xc7\x83\xde\xef\x192X\xf41\xc5~=\x8e'\
\x82\xa2\x1f\xb7-\xfaq\x03\xc3\xd1\x0dx\xbc\xdf3d\
\xb0\xb4qo\x97\xac\xd1\x8f\xdb\x0e\xfd\xb8\x81\xe1\xed\x98\
\xb2^\xfc\xdf7\xa4\xbf<#\xb4\xfc\xcd\x0e\xfd\xb8m\
\xd0\x8f\x1b\x18\xddI\x12\xe7\x0e\x1a\x998\xba'A\x13\
\xef\xe0\xb6\x02\xfd\xb8\xabG?n\xa0\x1a\xd7\x8a\xff\xfb\
\x87L\x9e\xab'<z\x08\x8f~\xdc\xd5\xa2\x1f7P\
\x1d}\x14\x10a\xd32\xd2;\x8f\x09w\x17\xb3G?\
\xeej\xd0\x8f\x1b\xa8\xde\xfe\x12c\xebr\xb2}^\x97\
\xa2\x93#2G?\xee\xd1\xd1\x8f\x1b\xb0s\x860\x1f\
 R\xf4X\x9c5\xe9\x11C6\xc6$\xdem\xeb\xce\
\x8b\x8c~\xdc\xc3\x87~\xdch\x92e\xe2\xff\x9e\x22E\
x\xee\xdf0\xf4\xe3\x1e\x1c\xfd\xb8\x81\xfa\xe8\xea\x9a(\
\x1bk\xb59\xdfK\xd9a\x8ac\x85\xcc\xd0\x8f{0\
\xf4\xe3\x06\xea\xa7\x13\xce\xa2\xb7\x0dnr~\x92\xb2\xf3\
\x94G\x09Y\x8a\xfe\xc6\xa2\x1fw\xff\xa1\x1f7\x9a\xea\
\xa3\x12g\x1b\xf36e]\xca\xae}\x1c\x1fd\x8a~\
\xdc\x13\xa3\x1f7\x10\xc7\x9e)\xcf\x8a\xff\xfb\xac-y\
>e\x9f\xbe\x8e\x0c\xb2F?\xee\xed\xd1\x8f\x1b\x88i\
L\xe2-anbt\x8c\x99L\xdc\x12\xf4\xe3\xa6\x1f\
7\x90\x0b\xbd3\xc7\xe3\x00\xbb\xe8y\xd5\xf3\x91+\x1c\
\xd0\x8f;\xdf\xd0\x8f\x1bm\xb3K\xca\xbd\xe2\xff\xdek\
Zt\xc2\xdf\x8c\x01\x8e\x03\x1a\x82~\xdcy\x86~\xdc\
h+\xfdP\xaf\xcb\xd3\xbc\xdf\x83M\xc9w\xcb1E\
K\xd1\x8f;\xbf\xd0\x8f\x1bm\xa6k\xd3u\xb3\xa0\x88\
\x9br\xe5\x12]\xdd\xb4TX\xe7\xdfz\xf4\xe3\xce+\
\xf4\xe3\x06\x0a\x9fM\xd9$\xfe\xef\xc9\xdc\xa2\xfd\x16\xce\
\x18b\xbc\xd1P\xf4\xe3\xce#\xf4\xe3\x06\xb6\xa7\x0d\x84\
\xe8\x22\xd8\x7f\xd6\x0a\x8f\x0f\xd1\x03\xfd\xb8\xe3\x87}\xb9\
\x81\x0f\xd2\xbb\x98\x8b%\xfe\xa6]\x9e\xd1/x\xba\xb1\
\x19w\x0f\xd1\x13\xfd\xb8c\x87~\xdc\xc0\xe4t\x83\xb3\
\xa7\xc5\xff\xbd\x1a-\x1b\x84;\x87\xe8\x03\xfd\xb8c\x86\
~\xdc@\x7f\xf4\x8b\xccE\xc2\xea&\xcd\xef\xa4\xb83\
\xc2,\x7f\xf4\x8d~\xdc\xb1B?n`p\xba\xc4Y\
\xfb\x89x\xbf\x7f\xbdr\xb7\xb0\xab\x1f\x86D?\xee8\
\xe1\xb9?0\xbcS\xa4\xd82\xdb\xfb}\x5cW\x1eH\
\x99[\xc9\xc8\xa1\xb5\xe8\xc7\x1d#\xf4\xe3\x06\xaa\xa1M\
\xb3\xf4[qS\xefn>,\xc5\xf6\xee@%\xe8\xc7\
\xed\x1b\xfaq\x03\xd5\xd3\xed\xc2\xef\x94f\xac\x18\xd0\x1a\
\xeeH9\xa2\xd2\x11\x02J\xf4\xe3\xf6\x09\xfd\xb8\x01[\
:\xe1Y'\x0b\xfe\x5c\xfc\xdf\xef\x83\xe69)&\xf7\
\x1d\x5c\xf5\xa0\x00\xe3\xd1\x8f\xbb\xde\xd0\x8f\x1b\xa8\x97\xb6\
\x02\xd7}P\x22\xef*\xb8%\xe5&)\x96\xf3\x8d\xd2\
\x05\x15\x18\xd8\x98\xd0\x8f\xbb\x8e\xd0\x8f\x1b\xf0\xa3\x8f=\
O\x96\xa2c\xa8>S\x7f[\xfc\xce\x05\xfa\xb3u_\
\x16\xedt:W\xd8\x03\x04\xce\xe8\xc7m\x1b\xfaq\x03\
\xb1\xe8c8]\x16}}\xca\x83R\xb4\x1f\xb7z\xff\
\xbfR\xfe\x0c\xfdY\xa7K\xd1\xfa\x18\x08\x85~\xdc6\
\xa1\x1f7\x90\x87\xddS\x8eJ\xb9P\x8a%\xba\xbaR\
gu\xca#R4U{Q\x8a\x8d\xbb\xb6\x95y\xbd\
\xfc\xb3\xf5\xe5\xdfY]\xfe\x9b\xab\xcb\xff\xc6Q\xe5\x7f\
\x13\xc8\x02\xfd\xb8\xab\x0d\xfd\xb8\x01\x00\xd9\xa0\x1f\xf7\xe8\
\xa1\x1f7\x00 [\xf4\xe3\x1e.\xf4\xe3\x06\x00d\x8f\
~\xdc\x83\x85~\xdc\x00\x80\xc6\xa0\x1f\xf7\xd4\xa1\x1f7\
\x00\xa0\xb1\xe8\xc7\xdd;\xf4\xe3\x06\x004\x1e\xfd\xb8\xdf\
\x0f\xfd\xb8\x01\x00\xadC?nv\xf5\x03\x00\xb4\x18\xfd\
\xb8\x01\x00h1\xfaq\x03\x00\xd0b\xf4\xe3\x06\x00\xa0\
\xc5\xe8\xc7\x0d\x00@\xcb\xd1\x8f\x1b\x00\x80\x16\xa3\x1f7\
\x00\x00\xa0\x1f7\x00\x00(\xd0\x8f\x1b\x00\x00\x00\x00\x00\
\x00\x00\x00\x00\x00\x00\x00\x00\x00\x00\x00\x00\x00\x00\x00\x00\
\x00\x00\x00\x00\x00\x00\x00\x00\x00\x00\x00\x00\x00\x00\x00\x00\
\x00\x00\x00\x00\x00\x00\x00\x00\x00\x00\x00\x00\x00\x00\x00\x00\
\x00\x00\x00\x00\x00\x00\x00\x00\x00\x00\x00\x00\x00\x00\x00\x00\
\x00\x00\x00\x00\x00\x00\x00\x00\x00\x00\x00\x00\x00\x00\x00\x00\
\x00\x00\x00\x00\x00\x00\x00\x00\x00\x00\x00\x00\x00\x00\x00\x00\
\x00\x00\x00\x00\x00\x00\x00\x00\x00\x00\x00\x00\x00\x00\x00\x00\
\x00\x00\x00\x00\x00\x00\x00\x00\x00\x00\x00\x00\x00\x00\x00\x00\
\x00\x00\x00\x00\x00\x00\x00\x00\x00\x00\x00\x00\x00\x00\x00\x00\
\x00\x00\x00\x00\x00\x00\x00\x00\x00\x00\x00\x00\x00\x00\x00\x00\
\x00\x00\x00\x00\x00\x00\x00\x00\x00\x00\x00\x00\x00\x00\x00\x00\
\x00\x00\x00\x00\x00\x00\x00\x00\x00\x00\x00Y\xf8\x7fZg\
\xbf\xc9\xf7Y8\x1b\x00\x00\x00\x00IEND\xaeB\
`\x82\
\x00\x00\x170\
\x89\
PNG\x0d\x0a\x1a\x0a\x00\x00\x00\x0dIHDR\x00\
\x00\x01\x00\x00\x00\x01\x00\x08\x06\x00\x00\x00\x5cr\xa8f\
\x00\x00\x10\x00IDATx\x01\xec\x9d\x09\x96\xe46\
\x0eD\xd3s1\xdb'\x1b\xfbd\x1e\x9f\xcc\xa3\xef.\
t)7\xa5\x16\x02\x04\x89\xf0KX\x1bE\x82\x1f@\
P\xca\xaa\xee\xfe\xcfM\xff\x89\x80\x08\x94% \x01(\
\x1bzM\x5c\x04n7\x09\x80\xb2@\x04\x0a\x13\x90\x00\
\x14\x0e\xbe\xa6^\x9b\x00\xb3\x97\x00@A&\x02E\x09\
H\x00\x8a\x06^\xd3\x16\x01\x08H\x00\xa0 \x13\x81\xa2\
\x04$\x00E\x03\xafi\xd7&`\xb3\x97\x00\x18\x09m\
E\xa0 \x01\x09@\xc1\xa0k\xca\x22`\x04$\x00F\
B[\x11(H@\x02P0\xe8\x9arm\x02\xeb\xd9\
K\x00\xd64\xb4/\x02\xc5\x08H\x00\x8a\x05\x5c\xd3\x15\
\x815\x01\x09\xc0\x9a\x86\xf6E\xa0\x18\x01\x09@\xb1\x80\
k\xba\xb5\x09<\xce^\x02\xf0HD\xc7\x22P\x88\x80\
\x04\xa0P\xb05U\x11x$ \x01x$\xa2c\x11\
(D@\x02P(\xd8\x9ajm\x02\xaff/\x01x\
EE\xe7D\xa0\x08\x01\x09\xc0\x9c\x81\xfem\x99\xd6+\
\xfbc9\xbf\xb6\xbf\x1e\x8e\xed\xda\xe3\xbdK3}\x1a\
\x120\xbek\xfe\x9ck8\xc4\xbe\xae$\x00\xfb8e\
mE\xd2`\x14.\xc9\x84\xfd\xb38\xcb\xf6\x95\xfdw\
\xb9\xb66\xee]\x1f\xdb\xfe\xe3\xbd\xf4\xb96\xae3&\
F\x1fK\xb7\xfa\xec \x00/8\xc2\x0f\x83\xdd\x9a9\
\xd7h\xb3\xa3\xab6M$\x00m8z\xf7B\xa2\x90\
\x18$\x0dF\xa2`\xecc$\x11m0o_\xe8\x9f\
q\x18\x13c||\xc1\xd8\xc7O\x8c6\xb4\x95\xddn\
\xb0\x80\x0d\xbcn\x1f\xfe\xa3\x0d,a\xf8\xa1\xe9\xfe\xcb\
\xefZJ\x00\xde\x91\xe9{\x9e\x84\xc1H\x1a\x92\x81-\
\x89\xc19\xac\xafw\xefG\xc77\xfc\xc4\xf0\x19\xdf1\
\x92\x19{\x7f\xe7\xbcW\x987,`sd\x960\xe4\
\xde#\xf7\x1cn+\x018\x8c\xcc\xed\x06\x12\x84DY\
\x1b\xe7\xdc\x06\x0c\xec\x98d\xc6\x10\x03\xe6Gb\xcf2\
\xb7-\x8c\xcc\x93yo\xb5\xd9\xba\xc6\xbd\xae\x9c$\x00\
[\xf8}\xaf\x11X\x8a\x01\xb3\xc2\xe0\x1c\xe6;r\xdf\
\xde\x99\x1f\x89m\xf3\xa6H\xb0\xbe^\xf9\x8c\xce<\xaf\
\xf6\xdc\xa2\x8f\xb7>H\x00\xde\xa2q\xb9@\xf2\x93\xf8\
f\x1cc.\x83\x0d\xd2)\x09\x8e\x99\x08\x22\x0630\
a\x1e-B\x00\x8bK}m9!\x01\xd8\xa2\xd3\xee\
\x1aAT\xd1\x7f\xe6\x09'\xc4\x00V\x08\x82[\xe2\x7f\
v\xe5r\x0b\xe6q\xb9\x93\xaf\x0eZ\xf6\xf5\xd5\xe5\x8f\
\x8d\x04\xe0\x07\x07\x8f\xff\x93\xcc\x96\xc8l9\xf6\x18g\
\xe6>I|\x13\x82\x91\xc4\xc0#\xd6\x1e}\xea\xdf\x06\
t\xa8\x1e\x02E\xc1c\xec;\x0cQ\xaeK\x84\x003\
1\xc8\x0e`\x98\xb8\xeb\x09\xa0]*\xb1B\x91\xa0*\
\xfcvL_\xf54\x92\x10\xbc\xf2\xff\xec9\xe6}\xf8\
\xdeO7H\x00>\x11\xfa|\x1d\xb5\xa7\xe8]\x02\xf4\
y\xf8\xb2-\xe0\x8d\xe0\x22\xbc\xc4 \x13\x88_39\
\xb3\xe5\x8b\x04`\x8b\xce\xf65\x92\x8e\xc2\xc7\xd8\xdfn\
\xad\xab^\x04\x10\x02b\x80\x10x\x8d1m\xbf\x12\x80\
\xe3\xa1\xa5\xd8I8\x8c\xfd\xe3=\xe8\x0e\x0f\x02\x08\x81\
=\x11x\xf4?e\x9f\x12\x80\xfda\xa5\xd8)z\x8c\
\xfd\xfdw\xaae$\x01\x09\xc1\x17\xed=\x1b\x09\xc0g\
J\x14;E\x8f\xb1\xff\xf9\x0e\xb5\xc8@@B\xb0#\
\x0a\x12\x80mH\xbcW\xaa\xf0\xb7\x19e\xbf*!\xd8\
\x88\x90\x04\xe0=\x1c\x0a\x9f\xe4y\xdfBWF\x22@\
,\x11\xf4\x91|v\xf7U\x02\xf0\x8c\x98\xc7|\xbeL\
b\xfb|UgF&\x80\x08\x10\xdb\xe9\x85`o\x90\
$\x00\xf7\xa4H\x0cV\xfe\xfb\xb3:\x9a\x8d\x00B@\
\xacg\x9b\xd7\xe1\xf9H\x00~ c\xb5\xa7\xf0I\x8c\
\x1fg\xf4\xff\xd9\x09\x10\xeb\xf2O\x03\x12\x80\xdb\x8d\x95\
\x80\xe2\xff\xedV\xe3\xbf\xff-\xd3|g\xcb\xa5r\x1f\
\x84\x80\x1c(7q&\x5cY\x00(x\x0a\x9f\x04\x80\
\xc5\xe8fE\xfd\xe72\x91\xdf\xbf\xec\x97e\xfbhv\
\xed\xd5\xf6\xb1-\xc7\xd6\x8e~\xcd\x18k\xe9z\x9a\x0f\
90\xcd\xd3\xc0\x91\xa8T\x15\x00\x14\x9f\xe2G\x04\x8e\
\xf0\xca\xd2\x96\x02\xa4\x18\xad8\xd7\x85\xca\xdc\xb8\x8e\xb5\
\xf0\x97~0\xfa5c\x5c\x1b\x13?\xcch\xd7b\xcc\
^} \x04\xcc\xb1\xd7\xf8\xe1\xe3V\x14\x00\x02L\xa0\
\xc3a_\x18\x90\xc2\xc2\xd6\x85\xc7<8\x87]\xe8\xfa\
\xd2\xad\x8c\x8d\x1ff\xe6\x9f\x09\xc2\xa5\xce;\xddLn\
\x8c\xbc8\x1c\xc2VM\x00HT\x02|\x08R\xa7\xc6\
\x14\x17\x05\xb56\xceur\xe7\xd0\xb0p\xc6\xd6O\x09\
\xa3\xf8\xceDy2,!\x02\x95\x04\x80\x84\xcc^\xfc\
\x14\x09\x05o\x85\xc31FR\x8ej\xf8\x0f{\x9b\xd7\
HO\x07\x88\x00\xbe\x0f\xc3\xfe\xa8\xa3U\x04\x80@f\
-~\x0a\xc4\x8a\x83-\xc7G\xe38R{\x0a\x0aC\
\xe4F\x10\x03\xf2\x06\x7fGb\xbc\xdb\xd7\xd9\x05 \xf3\
\xa3\x1c\xc9O\xc1c\xb3\x17\xfd\xbb\x84\xa4\xb00\x13\x83\
w\xedz\x9f\x9fV\x04f\x16\x80\x8c\xc5O\xa1S\xf0\
$<\x89\xcfq\xef\xe4\xce2><\xe0\x820bY\
\xfc2?\xa6\x14\x81Y\x05\xc0\x8a\xdf\x82\x97aKR\
S\xfc*\xfa\xedh \x04\x18\xac`\xb6\xdd:\xf6*\
\x22\xc0\xebd\xec\xa8;G;\xd3lF\x01 y2\
\x05\x89$fe\xc3\xaf31\xaaz\x0fB\x093\xd8\
\xc10\x0b\x07\x16\x17~i\x88m\x16\x9fN\xfb1\x9b\
\x00\x900\xa8\xf4i \x0do$\x81I^|j\xd8\
m\xc9\xae`\x88\x08`Y\x00\xb0\xc8\xe0W\x16\x7fN\
\xf91\x93\x00\xa0\xc8\x19\x8a\x9f\xc2\xe7\xf1\x15;\x15\x14\
\xdd\xf4\x92\x00\xc5\x86e\x12\x01\xf2\x0d\x9f^:<\xc2\
\xc9\x99\x04\x00E\xee\xc9|]\xf8\xec\xf7\xf4e\xe6\xb1\
)8\x9e\xac\xb2\x08A\x0a\x118\x1b\xf0Y\x04\xa0w\
\xf1\x93\x8c\xac\xf8*\xfc\xb3\x99x\xfc\xbeLB0\xac\
\x08\xcc \x00\x14?\x8f\xff\xc7S\xa8\xcd\x1d\x14>\xc9\
\xd8\xa67\xf5r\x94\x00\xec\x89Ao\xf1\x1dR\x04F\
\x17\x00\x82\xdf\xab\xf8I8\x1eE\xd9\x1eMZ\xb5o\
K\x80\x18 \x02<\x89\xb5\xed\xf9Xo\xc3\x89\xc0\xc8\
\x02@\xf1\x03\xfcX\x88\xda\xb4&\xd9\xb06\xbd\xa9\x97\
V\x04\xc8\x89\x0c\x22\x10\xba(]\x817\xaa\x00\x10\xe8\
\x1e\xc5o+\x0d\xdb+\xdcu\xaf\x1f\x01r\x83'\xb3\
\xdeB\xe07\xc3\x86=\x8f(\x00\x04\xb8G\xf1\x93P\
\xac\xfa*\xfe\x86\x09\xe8\xd8\x15yB\xcc\x1c\x87\x18\xbf\
\xeb\xd1\x04\x80G\xab^\xc5OB\x8d\x1f\xf1Z3 \
f<\x0dH\xb4\xdf\xc4}4\x01P\xf1\xbf\x09\xa4N\
o\x12\xe0\xc9m\xca\xa7\x81\xcdY\xef\xb88\x92\x00\xa0\
\xe6<\x01\xec\x98V\xb3&$\x0e\xe36\xebP\x1du\
#@\x1c%\x02\x0f\xf8G\x11\x00\x82\x17\xbd\xfaS\xfc\
zt|H\x98\xc1\x0f\xc9#\x89\xc0*\x88\xa3\x08@\
d\xf1S\xf4*\xfeU\x92L\xb6+\x11X\x05t\x04\
\x01 `+\x97]wU\xfc\xaex\xd3tNN!\
\xf2i\x1c:\xe3H\x8b{\xb2\x0b\x00\x81\x8aZ\xfd\xad\
\xf8[pU\x1f\xf9\x09\x10\xef\xf2?!\xc8.\x00Q\
\xc5O\xbajE\x80B=#\xee\x88A\xbd\x99/3\
\xce,\x00\xac\xfe\x8b\x8b!\x1f\x92 d \x0d\x92\x92\
\x00\xf1/)\x02Y\x05\x80\xe2\x8fZ\xfd\xf9V\xb8d\
\xf0S\x96b?\xa7\x86\x12\x81V\x98\xb2\x0a@d\xf1\
#6\xadx\xaa\x9f\xb1\x09\x94\x13\x81\x8c\x02\x10U\x90\
\xac\xfcQc\x8d]\x16\xb5\xbc/%\x02\x19\x05 b\
\xf5W\xf1\x8fW\xd4\xfc\x16h\x94\x91\x1f%^\x0b\xb3\
\x09@\xc4\x8aLp#\xc6\x19\xaf\xc4ryL\xb1\xf3\
\xb7=\xf1Wpc\xecG\x1a\xe3\xe7\x22\xf2\xe5M\xcb\
M&\x01\xa0(#V\x7f\xc6i\xc9P}\xb5%@\
\xe1Y\xa1\xb3\xdf\xb6w\xf5vG \x93\x00\xdc9\xe6\
t\xc0\xea\xef\xd4\xb5\xbam@\x00q\xa6\xf8U\xf8\x0d\
`\xee\xe9\x22\x8b\x00\x10x\xef\xd5\x9f\xe2g\x9c=\x5c\
\xd4&\x9e\x00\xb1\xf1\xce\x81\xf8Y%\x1f1\x8b\x00\xfc\
\x1a\xc0\x89\x04\x0b\x18FC\x9c$\xa0\xe2\xdf\x01\xaeu\
\x93\x0c\x02@az?\xf2\xb1\xfa\xb7f\xa7\xfe\xda\x11\
 \x07\xda\xf5\xa6\x9ev\x13\xc8 \x00\xde\xcaO\xf1+\
\xc1v\xa7DxC\xc4\xdf;\x07\xc2'5\xca\x80\xbd\
\x05\xc0\xbb0\xf9Y\xae\xf7\x18\xa3\xc4:\xab\x9f\x08@\
V\xdf\xa6\xf7\xab\xb7\x00x+\xff\xdf\xd3GP\x13,\
C\xc0c\xa2=\x05\xc0{e\xd6\xa3\xbfG\xc6\xb4\xef\
3\xe2\x0b\xe0\xf6^O\xd2cO\x01\xf0\x0e\xbc\xb7\xc0\
L\x92\x02\xdd\xa7\xa1W\x80}!py\x9a\xed%\x00\
\x14\xa7g\xe0Y\xfd\xf7aU\xab\xde\x04\xf8\x9e\xa6\xb7\
\x0fe\xc7\xef%\x00\xde\xc0\x11\x18\xef1\xd4\xbf\x08\x84\
\x11X\x06r\x11\xca^\x02\xe0\xf9\xe5\x9fV\xff%[\
\x06\xfa(^\xfb\x825\x8d\x00x\xaf\xce\xde\xfd\xef\x0b\
\x97Z\x89@;\x02n\x22\xd9\xe3\x09\xc0\xf3\xcb?7\
P\xedb\xa9\x9e\x1e\x08\xb0\xb2)n\x0fP\x1e\x0ea\
\xf4p\xaa\xcda\x0f\x01\xf0\xfc\xf2O\xab\x7f\x9b\xbc\x88\
\xee\x85\xb8\xb9%y\xf4d\x1a\x8f\xf7\xe7\xd2\x9f\x1b\x9b\
h\x01 \xd0\xcb|\x5c>ZE\x5c\xb0\x86u\xaa\xf8\
=\xa3\xa6\xf0=k\xe6\x16-\x00\x9e_\xfe\xb9\x82z\
\x8e\x8d\xce4&@\xb2\x97\xfa\xfb\xf8>\xf0C\x10\xe1\
\xf1\xa1\xd9\xb5\xcb\x91\x02\xe0\xf9\xe8\x0f\xack$tw\
\x06\x02&\x02\x95\xe3i\x0cB\x16\xb4Y\x04 \x04V\
\x86\x0a)\xe2\x03\xf1\xe4\x9f\xedB\x080\x8ab\xe6\xa9\
3?\xe6\xc9\x8a\x8fq\xfc\xef|\xbd\xff\x17)\x00^\
\xdf\xfe\x03\xce\x9b\x93\xfa\xefC\x00!\xc0(\x0a\x04a\
Vc~\xcc3\xac\xf0-\x9c\x91\x02\xe0\xf9\x0a`\xf3\
\xd1V\x04D\xe0\x00\x81(\x01@\xdd\x0e\xb8u\xa8\xa9\
g\xdf\x87\x1cQc\x11\x18\x8d@\x94\x00xq\xd1\xe3\
\xbf\x17Y\xf5\xdb\x9d@\x84\x03Q\x02\xe0\xf9\xe3\xbf\x08\
N\x1aC\x04\xa6$\x10!\x00\x9e\xef\xfez\xfc\x9f2\
-5\xa9(\x02#\x0b\x80\x1e\xff\xa3\xb2D\xe3LK\
 B\x00\xa6\x85\xa7\x89\x89\x80\x17\x81\xa8~#\x04\xc0\
\xeb\xfd_\x8f\xffQY\xa2q\xa6%\xe0-\x00^\xef\
\xff\xe1\xbf01m\x06hb\xa5\x09\x8c*\x00.\x7f\
Ab\xe9L\xd0\xe4K\x12\xf0\x16\x80\x92P5i\x11\
\xb8B \xf2^o\x01\xf0\xfa\xfd\x7f\xbd\xffGf\x89\
\xc6\x9a\x96\x80\xb7\x00x|\x07\xa0\xf7\xffi\xd3Q\x13\
\x8b&\xe0-\x00\x1e\xf3\xd1\xfb\xbf\x07U\xf5Y\x92\x80\
\xa7\x00x\xac\xfe%\x83\xa4I\xd7!\x10=\xd3\x11\x05\
@\xaf\x00\xd1Y\xa2\xf1\xa6%\xe0)\x00^\xd0$\x00\
^d\xd5o9\x02\x9e\x02\xe0\xf5\x13\x80rA\xd2\x84\
E\xc0\x8b\x80\xa7\x00x|\x07\xa0\xd5\xdf+\x13\xd4o\
w\x02=\x1c\xf0\x14\x00\x8f\xf9\xe8'\x00\x1eT\xd5g\
Y\x02\xa3\x09@\xd9@i\xe2S\x11\xe0\xe9\x18\xfbk\
\x99\x15\xbf\xd4\x86q\xbc\x1c\xc6~\xbc\x04\xc0k2z\
\x05\x88\xcd\x0f\x8d\xd6\x96\x00\x85\xfe\xcf\xd2%\x85\x8fQ\
'\xfciY\x8cc\xae\xd1fi\x12\xf3\xf1\x12\x00/\
\xef%\x00^d\xd5\xaf'\x01\x0a\x9d\x02\xa7\xd0_\x8e\
\xb3:I\x9b0!\x18M\x00V\x9c\xb4+\x02C\x10\
`E\xa7\xf8\x11\x81#\x0e#\x04\xdc{\xe4\x9e\xc3m\
%\x00\x87\x91\xe9\x06\x11\xd8M\x80\x02\xa6\x90w\xdf\xf0\
\xd0\x90{\x8f\x0a\xc7C\x17\xdb\x87^\x02\xe0\xea\xf4\xf6\
\x94tU\x04\xd2\x10\xa0\x80\xaf:\xd3\xa2\x8f\xb7>x\
\x09\xc0\xdb\x01uA\x04\x8a\x10`\xf5\xdf5\xd5\x0f\x8d\
XL[\xf5\xf54\xd4H\x02\xa0/\x00\x9f\xc2\xa7\x13\
\x89\x09\xb4\x5c\xb9[\xf6u\x87l$\x01\xb8s\x5c\x07\
\x22\x90\x98\x00\xabvk\xf7<\xfa\xbcI\x00Z\x87I\
\xfd\x89\xc0\xed\xe6R\xac7\x87\xff$\x00\x0eP\xd5\xa5\
\x08\xec%p\xa0\x9d\xcbk\x80\x97\x00x\xfcI@\xfd\
9\x80\x03\xd9\xa2\xa6]\x09\x0c\x93\xff^\x02\xa0\x7f\xb6\
\xabk\xfeip\x11\xd8G\xc0K\x00\xf6\x8d~\xac\x95\
~\x0ap\x8c\x97Z\x8b\xc0G\x02^\x02\xe0Q\xac\x1e\
}~\x04\xa4\x06\x22\xe0E C\xbf^\x02\xc0\xdcZ\
\xbe\x06\xb4\xec\x0b\xdfd\x22\xe0I@?\x05X\xe8\xf2\
\xdbK\xadVm\xfaZ\xba\xd4G\x04D\xa0%\x01\xcf\
'\x00\xfcl\xb1r\xb7\xe8\x03_d\x2202\x81V\
\x8b\xe9\x1d\x03o\x01\xc0\xe9+\x05\xcc\xbdZ\xfd\xefB\
\xa6\x83\x19\x08d\x99\x83\xb7\x000O\x0a\x98Bf\x7f\
\xaf!\x1c\xbf/\x8d\xb9w\xd9\xe8#\x02\x22\xe0A \
B\x00\xf0\x9bB\xfee\xd9\xd9#\x04\xb4\xa1\xf8\x11\x81\
\xe5\x16}D`(\x02\xc3|\x01\x08\xd5(\x01`,\
\xcc\x84\x80\x02\xa7\xd01\x0a\x9dc\x0c\x91\xa0\x0dme\
\x220\x22\x01/\x01\xa0N\x9a\xf3\x88\x16\x00\x9b\x00\x93\
\xa1\xd01\x0a\x9fc\xcc\xaek+\x02\xd3\x12\xc84\xb1\
^\x02\x90\x89\x81|\x11\x81\x96\x04<\xfe\x1c@K\xff\
\xee\xfa\x92\x00\xdc\xe1\xd0\x81\x08\x5c&\xe0\xf1\x0a\xe0\xf6\
t,\x01\xb8\x1cou \x02\xee\x04\xdc\xfe$\xac\x04\
\xc0=v\x1a\xa0\x10\x81\x8f\xab\x7f6\x16\x12\x80l\x11\
\x91?#\x13\xf0\x12\x00\xbd\x02\x8c\x9c\x15\xf2]\x04.\
\x12\x90\x00\x5c\x04\xa8\xdbE \x82\xc0P?\x01\x00\x88\
^\x01\xa0 \x13\x816\x046_\x01N\x0e\xe1\xb6\xfa\
\xe3\x8f\x04\x00\x0a2\x11\xb8N\x80_j\xbb\xde\xcbs\
\x0fn?\x01`(\x09\x00\x14d\x22P\x94\x80\x04\xa0\
h\xe05\xed\xe6\x04\xbc\xde\xff\xf5\x0a\xd0<T\xeaP\
\x04\xda\x13\xd8|\xff\xbf0\x9c\x04\xe0\x02<\xdd*\x02\
\x11\x04\xbc\xde\xff\xf9\xd3\xb2\xae\xfe\xeb\x15\xc0\x15\xaf:\
\x17\x81\xdc\x04$\x00\xb9\xe3#\xef\xc6 \xe0\xf2\xcfv\
-Sw}\xfc_\xfa\xd7?\x0e\x0a\x04\x99\x08\x5c \
\xf0\xf1\xf1\xffB\xdf\x12\x80\x0b\xf0t\xab\x08\x8cL\xc0\
\xfd\xfd\x1f8z\x05\x80\x82L\x04\xce\x13\xf0z\xfc?\
\xef\xd1\x81;%\x00\x07`\xa9\xa9\x08<\x10\xf0|\xfc\
\xf7\xec\xfb\xe74$\x00?QhG\x04\xda\x138\xd9\
\xa3\xfb\xbb\xbf\xf9\xd5C\x00\xf8\x85\x09\xd4\xed\xaf\xc5\x89\
\x7f&6\xe6\xc7<\xb1e\x9a\xfaLH\xc0\xeb\xf1\xdf\
\xf5\xf7\xff\xd7q\x88\x14\x00\x0a\x9f\xa2\xc0\x00\xc7\xf1\xda\
\x97\xd9\xf6\x99\x1f\xf3\xc4\x10:\x09\xc1\x5c\x11\xf6\x8c\xe7\
tO\x00\xc0\xa2\xf0)\x8a\xb9\xd2`\xffl\x10\x82\xea\
\x0c\xf6\xd3\xca\xdf\x92xzy9\x95\x00\x90\xf4\x9e\xb0\
\xbc\x82\xe0\xd1/\x02\x08\x0f\xb6\x1e\xfd\xab\xcf\x18\x02,\
h\x1fG:\xd9 \xe4\xc7\x7f\xe6\x9b\xf7+\x00\xa0\x94\
\xecF\xfb{+A\xfcf1\xe2\x9eg\xfc\xa8\x990\
&\x9e\x02@\xe1{\x82\x0a\x83\xe40\x10lB\x03\xed\
0\x87\xaa]z\xc6-\xec\xd1\xdf\x82\xe7-\x006\x8e\
\xb6\xcf\x04\x10G\x84\xe0\xf9\x8a\xced&@\xdc\xbc\xfc\
\x0b\xfb\xf6\xdf&\xe0)\x00\x9e\xa0\xcc\x7fmE \x92\
\xc0\xee\xd5\xff\xa4S\xde\xfd?\xb9\xe5%\x00Z\xd9\x9e\
P\xbf<!\x91|\x89%\xedI\xcfx\x85~\xf9g\
\x84%\x00FB[\x11\xd8&\x10\xbe:o\xbb\xd3\xe6\
\xaa\x97\x00\xb4\xf1n\xfe^\xf4\xa44N\x8c=W\x7f\
\xbe\xfc\xeb\x220^\x02\xe0\xf5\x17$\x8e\x93.\xfb<\
%\xf0\xfbZ\xaaUO\x02\x87\x8a\xf3\x84\xa3\xe1_\xfe\
\x99\x8f^\x02`\xfdk\xbbM\xa0[\xe0\xb7\xdd\xd2\xd5\
\x15\x01\x8a\xdfs\xf5g(\xc6`\x1bn\x12\x80p\xe4\
\x1ap0\x02\xdeO\xb3]\xbe\xfc\xb3\x18H\x00\x8cD\
\x9f\xad^\x01\xfap\xdf;*+\xb3\xf7\xf74\x8c\xb1\
\xd7\x9f\xe6\xed$\x00\xcd\x91\xee\xee\x10\xe5\x97\x00\xec\xc6\
\x15\xde\x90\xc2<\xfc\xe8\x7f\xd0Kr\xe0\xe0-m\x9b\
K\x00\xda\xf2<\xd2\x1b\x09v\xa4\xbd\xda\xc6\x12\xf0.\
~\xc4\xbf{\x0eH\x00b\x93\xcaF\xeb\xae\xfc\xe6\x88\
\xb6/\x09D\x14f\x8a/\x80%\x00/\xe3\xefz\x92\
\xe2\x8fH0\xd7IL\xdc9\xb1\xf1^\xfd\xd3\xe4\x80\
\x04 .\x93y\xe4\xfb}\x19\x8e\x04[6\xfa$%\
p\xba\xf8\x93\xceg\xd3-\x09\xc0&\x9e&\x17\xad\xf0\
)~\xf6\x9bt\xaaN\x5c\x08D\x88s\x9a\xd5\x1f\x82\
U\x04\x80\xc2\xa3\x00#\xed\x97\x050\xc6\x98\x8c\xbf\x1c\
\xea\x93\x98\x00\xc5\x1f\xb1\xfa3N\x1a\x0cU\x04\x80\x9f\
\xe5\x12\x5c\x0a1\xca\xd2\x04Y\x8e|$@Q\x92\x1f\
\x1f\x1b^l\xc0\xea\x7f\xb1\x8b\xb6\xb7W\x11\x00\xa8!\
\x02\xfc}|\xec\xcbD\xc0\x084)~\xeb\xec\xc3\x96\
\xb1>4\x89\xbd\x5cI\x00 +\x11\x80\x82\xcc\x08P\
\x90\x11+?\xe3\xa5[\xfdq\xaa\x9a\x000g\x89\x00\
\x14d\xe4Ad\xf1#6\xe9\xa8W\x14\x00\x82@\xf0\
\xf5:\x00\x89\xba\x16\x19\xff\x94\xc5O\xe8\xab\x0a\x00s\
\x97\x08@\xa1\xa65-\xfe\xf0\xa5^\xd5\x00\x00\x06\xd9\
IDAT\x0f\x08S>\xfa\x9b\xcf\x95\x05\x00\x06\x88\
\x00\xffl\x17[\x8ee\xf3\x13\xa0\xf8\xa3\xe2M\xf1\xa7\
]\xfd\x09uu\x01\x80\x01FR\xa4\x0e\x14N\xca.\
\x11\xa0\xe8\x893\xdbK\x1d\x1d\xb89}NI\x00\xbe\
\xa3\xc9\x17B\xe9\x03\xf6\xed\xae\xf6\x0e\x10\xa0\xe8\xa3\x8b\
\x9f\xd5\xff\x80\x8b}\x9aJ\x00\xee\xb9K\x04\xeey\xcc\
pd\xc5\xef2\x977\x9dR\xfcC,&\x12\x80\xe7\
\x08J\x04\x9e\x99\x8cz\x86\x22d\xe5\x8f\xf4\x9f\xdf4\
e\xdc\xc81O\x8f%\x01x\x8d\x0e\x11\x88N\x9c\xd7\
\x9e\xe8\xecY\x02\x14!q<{\xff\xd9\xfbX\xfd\xcf\
\xde\x1b~\x9f\x04\xe0=r\x1e\x1d\xf9\x09\x01\x89\xf4\xbe\
\x95\xaed$@\xccz\x15?O\x00\x19\x99\xbc\xf4I\
\x02\xf0\x12\xcb\xddI\x12\x89\x84\xba;\xa9\x83\x94\x04\x10\
m\x9e\xdc\x88\x99\xbb\x83\x0f\x03\xb0\xf2\x0f\x97'\x12\x80\
\x87(\xbe9$\xa1\xf44\xf0\x06N\x92\xd3V\xfcl\
\xa3]\x1a\xb2\xf8\x814\x92\x00\xf0h\x05h\xfc\xeee\
\x08\xc1p*\xdf\x0bV\xe0\xb8\xac\xfaX\xe0\x90?\x87\
\x22'\x87\xcd\x89\x91\x04\x00\xe2\x80\x068\xfb\xbd\x0c\x11\
 \xd9z\xac4\xbd\xe6\x9cu\x5cb\xc0\x93\x19\xdb\x1e\
>\xb2(\x91\x93=\xc6n2\xe6h\x02\xc0\xa4\x01\xde\
[\x04H8D\x00_\xf0I\x16O\x00\xf6\xc4 ~\
\xe4\xdb\xed\xb6\x0cJ\xf1\xf3\xb7=-\xbb\xe3~F\x14\
\x00h\x13\xfc\xde\x22\x80\x1f<\x0d\xb0\x02\xe1\x0f\xc72\
\x7f\x02&\xbe\xb0\xf7\x1f\xed\xfd\x08\xc3\x17?S\x1bU\
\x00\xf0\x9d\xa2\xcb \x02\xf8B2J\x08 \xe1gV\
\xf8\xac\xfa\xec\xfb\x8d\xf4\xb9\xe7)\x8a\x9fi\x8e,\x00\
\xf8\x9fI\x04\xf0\x07!\xc0'\x8ccY\x1b\x02\x14=\
\xd6\xbb\xf0\x99\x0d\x8b\x0e\x8f\xff\xec\x0fo\xa3\x0b\x00\x01\
\xa0\xd82)2\x22\x80\xe1\x17\xfe\xc9\xce\x13\x80!O\
V\x19\x0a\x9fYP\xfc\x7f\xb03\x8b\xcd \x00\xc4\x02\
E\xe6\xaf\xe0f\xcbq\x06C\x04H^\x928K\x02\
g\xe0\xb2\xc7\x07\x98\xc1\x0e\x86{\xdaG\xb4a\x91\xc1\
\xaf\x88\xb1\xc2\xc6\x98E\x00\x0c\x18AB\xa5\xed8\xc3\
\x96$\xe6\xf1\x95\xe4\xc12\xf8\x94\xd5\x07\x84\x12V0\
\xcb\xe4#y\x95iqi\xc6f6\x01\x00\x0cE\x96\
M\x04\xf0\x8b\xa4\xc6X\xd9\xf0\x91s\xb2\xdb\x8d\xa2\x87\
\x07\x5c(~\x8eoI\xfe\xa3\xe8\xa7-~\x18\xcf(\
\x00\xcc\x8b\x84\xca(\x02\xf8\x86\xad\x85\x00_9W\xcd\
(t\x0a\x1e\x83G\xb6\xf9\xbf,\xfelN^\xf5g\
V\x01\x80\x0b\x85\x95Y\x04\xf0\x91\xc4\xc7X\xfd\xf0\x17\
\xe3\xfc\xacfE\xcf|)|\x8e3\xce\x95\xbca\xe5\
\xcf\xe8[S\x9ff\x16\x00@QP\xa3\x04\x12!\xc0\
\xac8\xf0=k\x81\xc0v\x8f\xe1?F\xb1\xdb\xbc8\
\xdeso\xaf6\x14?\xec{\x8d\x1f:\xee\xec\x02\x00\
\xcc\x11\x1f\xe5(\x12\xc4\xc0\x0a\x87\x84\xc4\x98Ov\xc3\
w\xfc^\x1b\xe7\xb2\xfb\x8d\x7f\xa5\x8a\x9f\x09W\x10\x00\
\xe6i\x22@\x809\x1e\xcd\x10\x03\xccVQ\xc4\xc0\xac\
gq16\x86/\x14\xbc\xf9\xc79l$\xce\xe4\x06\
\xf3x\xeb\xf3\x8c\x17\xaa\x08\x80\xc5\x8e\x00\x13h;\x1e\
qKa!\x06f\xeb\xc2c~f\xb4\xc3Z\xcc\x91\
~0\xfaf<\xcc\x8a\x9d}|\xe1z\x8b\xb1\xa2\xfb\
\xb0\xc5\x81\xb9E\x8f\xdd}\xbcj\x02\x00p\x02\xcd/\
\x0d\x8d.\x04\xccem\x14 \x85hFab\x14\xea\
\xa3q\xfe\x9d=\xb6\xe5\xd8\xda\xd27\xe3`\xeb\xb1G\
\xdd'\x07\xf8\x8e\x08\x11\x18u\x0e\x97\xfc\xae(\x00\x06\
\x0c! \x01\xec\xb8\xd2\x96\x02~g\x158P\xf0\x14\
>9Pa\xbeo\xe7XY\x00\x80B\x02\xcc\xf84\
\xc0\xdcd\xaf\x09 \xfa\x14?\x22\xf0\xba\xc5\x8b\xb3\xb3\
\x9e\xaa.\x00\x16W\x84\x80\xc4\xb0cm\xe7$@\xe1\
\x13\xeb9gwbV\x12\x80oh$\x86\x9e\x06\xbe\
y\xcc\xb4\xc7jOl\xd9\xce4\xaf\xcbs\x91\x00<\
#D\x08\xf44\xf0\xcce\xd43\xc4\x92\x95\x7fT\xff\
]\xfd\x96\x00\xbc\xc6\x8b\x08\xb0b\x90<\xaf[\xe8l\
v\x02\xac\xf6\x14>\xb1\xbc\xe4\xeb\xcc7K\x00\xb6\xa3\
K\xf2H\x08\xb6\x19e\xbbj\x85O\xf1\xb3\x9f\xcd\xbf\
T\xfeH\x00\xf6\x85CB\xb0\x8fS\xcfV\x14;E\
\x8f\xb1\xdf\xd3\x97a\xc6\x96\x00\x1c\x0b\x95\x84\xe0\x18\xaf\
\x88\xd6\x14;E\x8f\xb1\x1f1\xe64cH\x00\xce\x85\
\x12! \xe1\xf4\x1d\xc19~-\xee\xa2\xd8\x89\x01\xc6\
~\x8b>\x9f\xfa\x98\xfd\xc4H\x02\xf0w\xb2`\x90t\
\x08\x81\xbe#\x88\x0f\x0c\xc2\xab\xc2o\xc0\xddK\x00\x08\
P\x03\xf7\x86\xe9BB\xe0\x1f*\x04\x97\xa2Gp\xe1\
\xed?b\x81\x11\xbc\x04\xc0\x03\x1d\x09\xe0\xd1o\xcb>\
IL\x12\x14\x01\xc4Z\xf6]\xb5/\xe2N\xe1c\xec\
W\xe5\xe02o/\x01\xf0\x08\x94G\x9f.P\x97N\
\x11\x02\xcc\xc4`9\xa5\xcf\x01\x02\xc4\x9a\x82\x87\x1f[\
\x8e\x0f\xdc\xde\xa6i\x85^\xbc\x04\x00v-W\xc0\x96\
}\xe1[\xa4\x99\x10\x90\xc8\xccC\xc9\xfc\x9a>\x5c0\
8a\xec\xbfn\xa9\xb3\xcd\x08x\x0a\x00\x89\xdf*\x88\
\xf4\xd5l\xd2\x9d:\x82\x05\xf3 \xb9Y\xd9\x10\x03\xac\
\x93;)\x86\x85\x09\x06\x133\x8eS8W\xc1\x09O\
\x01\x80_\x8b\x04o\xd1\x07\xbed3\xc4\x00C\x0cH\
~\xe69{\xf23?\x8c\xf9\xda\xbc\xd9\xe7\x5c\xb6\xf8\
\x94\xf0\xc7[\x00\x08,\x89}\x16&\xf7R$g\xef\
\x1f\xe5>81O\x8a\x81\xc2`\xde\xd8(\xfeo\xf9\
\xc9\xdc\x98\xd7\xda8\xb7uO\xf7kU\x1c\xf0\x16\x00\
8\x92\xd8G\x93\x99\x04!a\xb8\x97>\xaa\x19\xf3\xc6\
\x10\x03\x0c\x160\xc4`\x93\x95\x07\xbea\xf8\x89\xcf\xe6\
;\xe7\xb0\xac~\x97\xf5+B\x00\x80k\xc9Lbp\
\xbce\xb4!y\x940\xdf\x94`\x01C\x0c6\x14\x16\
\xc6>\xbc0\xda|\xdf\xe1\xb7\xc78\x18c2>\x86\
/\x18\xfb\x18~\xd2\xc6\xcf\x0b\xf5\xdc\x84@\x94\x00\x98\
\xb3$\x86%\x0a\x09\x84\x91($\x0d\xc65\xdaX{\
m\xb7\x09\xc0\x0e^\x98\xf1\x83\xa1\x19\xe7\xd6\x06\xefG\
\xa3\x8f\xc7s\xeb{\xd6\xfb\xf4k\xc7\x8c\xc9\xbd\xd8\xb6\
\x97\xba\x9a\x96@\xb4\x00\x18\x08\x92\x86\x04\xc2H(\x8e\
1\xbb\xaem\x1b\x020]\x1b\xbc\x1f\x0d\xfe\x8f\xe7\xd6\
\xf7\xac\xf7\xdbx\x95\xbc\x97J\xee\xf5\x12\x80J\x8c5\
W\x11HK@\x02\x9064rL\x04\xfc\x09H\x00\
\xfc\x19k\x04\x11HK@\x02\x9064r\xac\x07\x81\
jcJ\x00\xaaE\x5c\xf3\x15\x81\x15\x01\x09\xc0\x0a\x86\
vE\xa0\x1a\x01\x09@\xb5\x88k\xbe\x22\xb0\x22 \x01\
X\xc1\xd0nm\x02\x15g/\x01\xa8\x18u\xcdY\x04\
\xbe\x08H\x00\xbe@h#\x02\x15\x09H\x00*F]\
s\x16\x81/\x02\x12\x80/\x10\xda\xd4&Pu\xf6\x12\
\x80\xaa\x91\xd7\xbcE`! \x01X \xe8#\x02U\
\x09H\x00\xaaF^\xf3\x16\x81\x85\x80\x04`\x81\xa0O\
m\x02\x95g/\x01\xa8\x1c}\xcd\xbd<\x01\x09@\xf9\
\x14\x10\x80\xca\x04$\x00\x95\xa3\xaf\xb9\x97' \x01(\
\x9f\x02\xb5\x01T\x9f\xfd\xff\x01\x00\x00\xff\xffz\x16~\
\x93\x00\x00\x00\x06IDAT\x03\x00\x96\x8c\x92.Y\
\xc7\xd2\xa5\x00\x00\x00\x00IEND\xaeB`\x82\
\x00\x00\x1c\x07\
\x89\
PNG\x0d\x0a\x1a\x0a\x00\x00\x00\x0dIHDR\x00\
\x00\x01\x00\x00\x00\x01\x00\x08\x06\x00\x00\x00\x5cr\xa8f\
\x00\x00\x10\x00IDATx\x01\xec\x9d\x0b\xd0\x06U\
Y\xc7\x97\x9c\x0c\xa7\x8biS\x01:\x09^\x9a\xb4\x09\
RJ4/\x80\xa5\xc9\x94\xe3\xc8\x90B^\xd0\x1a\xf0\
\x92\x1a\x8a\x80\x89\xc8\xc5\x1b\x02^B3\x83&DD\
\x91J\xf3\xd2\xa8Y\x02&\x9aY2Zi\x17\x10\x9d\
Q\xa1\x8b\xa9e\xa9\x94\xd1\xff\xe7\xf7\xad\xdf\xfb\xbe\xdf\
\xfb\xbd\xef\xbb\xbb\xe7\xd9=\xbb\xe7\xff\xcd\xf3|g/\
\xe7<\xe7y\xfe\xe7\xdd\xff\x9e\xdd={\xf6;*\xff\
\x19\x01#P,\x02&\x80b\x9b\xde\x81\x1b\x81\xaa2\
\x01\xf8W`\x04\x0aF\xc0\x04Pp\xe3;\xf4\xb2\x11\
 z\x13\x00(X\x8d@\xa1\x08\x98\x00\x0amx\x87\
m\x04@\xc0\x04\x00\x0aV#P(\x02&\x80B\x1b\
\xdea\x97\x8d@\x1d\xbd\x09\xa0F\xc2\xa9\x11(\x10\x01\
\x13@\x81\x8d\xee\x90\x8d@\x8d\x80\x09\xa0F\xc2\xa9\x11\
(\x10\x01\x13@\x81\x8d\xee\x90\xcbF`6z\x13\xc0\
,\x1a^6\x02\x85!`\x02(\xac\xc1\x1d\xae\x11\x98\
E\xc0\x040\x8b\x86\x97\x8d@a\x08\x98\x00\x0akp\
\x87[6\x02\x8b\xd1\x9b\x00\x16\x11\xf1\xba\x11(\x08\x01\
\x13@A\x8d\xedP\x8d\xc0\x22\x02&\x80ED\xbcn\
\x04\x0aB\xc0\x04PPc;\xd4\xb2\x11X\x16\xbd\x09\
`\x19*\xdef\x04\x0aA`(\x028B\xf8\xa2W\
)=k[Y\xd7\xa2\xc5\x08\x18\x81\xbe\x10\xe8\x9b\x00\
8\xd8oUp\x1c\xf8(\x07\xfd\x99ZGYg\x1f\
y\xb4\xc9b\x04\x8c@4\x02}\x11\x00\x07:\x078\
\x07\xfa\xba\x98\xc8c\x22X\x87\x92\xf7\x1b\x81\x06\x08\xec\
\x95\xb5\x0f\x02\xe0\x8c\xce\xc1\x0f\x09\xec\xe5\xc7\xb2\xed\x10\
\x01e\x97\xed\xf36#`\x04\x12 \x10M\x00\x1c\xc0\
\x1c\xc8m]\xa5lS\xe2h[\x97\xcb\x19\x81\xe2\x10\
\x88&\x00\x0e\xe0\xae\xa0\xa6\xb0\xd1\xd5\x07\x977\x02\x93\
D \x92\x008\xfb\xa7\x00\x8d\x1e@*[)\xfc\xb1\
\x0d#0*\x04V9\x1bI\x00)\xcf\xdc)m\xad\
\xc2\xc3\xfb\x8c@Q\x08D\x11\x00g\xed\xd4@F\xd8\
L\xed\xa3\xed\x19\x81Q!0&\x02\x18\x15\xb0v\xd6\
\x08\x8c\x01\x81(\x02\x88\x88\xdd\x97\x01\x11\xa8\xda\xe6\xa4\
\x11X\x17\x5c\x14\x01\x1c\xbe\xaeb\xef\xef\x0d\x81\xbb\xa8\
\xa6GK_,}\xab\xf4c\xd2/H\xbf&e\xc0\
\x15\xca2\xdb\xd8G\x1e\xf2R\x86\xb2\xcafY\x81\xc0\
]\xb5\xef\x89RnT?O\xe97\xa4`\xfae\xa5\
\x1f\x92\xbeHz\xb04K\x89\x22\x80,\x83-\xc8\xa9\
\x07+\xd6\x97K?)\xfd\x8c\xf4-R~\x9c\x8fR\
zo\xe9\xfe\xd2}\xa5\xb5\xb0\xcc6\xf6\x91\x87\xbc\x94\
\xa1,6\xb0\x85\xcd:\x7f\xc9\xe9\xec\x01\xcfA\x7f\x83\
\xc0\xb8DJ\x0f\x15\xe2\xbc\xad\x96\x91\xdb\xeb\xdf\xfd\xa5\
\xa7K?.\xbdP\xfa#\xd2\xac\xc4\x04\x90Ust\
r\x86\x1f\xdc)\xb2\xc0\x01{\x8d\xd2gK\xef)\xed\
*\xd8\xc0\x166\xb1M\x1d\xd4\xd5\xd5\xeeX\xcas\xc0\
\x1f/g9\xd8\xd1\xd9\x03\x9e\x83^\xbb6\x92g(\
\xd7'\xa4\x8f\x90f#&\x80l\x9a\xa2\xb5#\x1c\x8c\
\x9cyn\x96\x85\xf3\xa4\x1c\xb0JB\x04\xdb\xd4A]\
\xd4I\xdd!\x15\x0dht\xd9\x01\xffz\xf9\xc3\xc1\x8e\
j\xb1\xb5\x80\xd7;T\xba\x17\x12P=k\xc5\x04\xb0\
\x16\xa2\xac3pV\xb9Q\x1e\xd2e\xa7\x1b\xaf\xc5^\
\x84\xba\xa8\x93\xba\xf1\xa1\x97J\x83*9Hv\x17\xcf\
\xf0\xa9\x0ex\x99^*\x97i\xeb~\xd2\xc1\xc5\x040\
x\x13\xb4r\xe0n*\xf5~)\xd7\x95wP:\x94\
P7>\xe0\x0b>\x0d\xe5G\x93z\xeb\x03\xfe\xb5*\
\xf4A\xe9\xa7\xa5\xd1\x07\xbc\xaa\x98\x13z\x02\x17\xccm\
\x19h\xc5\x040\x10\xf0\x1d\xaa\xbd\x9f\xca^/=R\
\x9a\x8b\xe0\x0b>=6\x17\x87f\xfc\xa8\x0fx\xae\xdf\
\xd1\xfa\x80\x7f\xaa\xf2<@:\x94\x80\xd5\xe0O\x07L\
\x00C5\x7f\xbbz\xcfQ\xb1\x0fKs\x957\xca1\
|T2\x98\xd4\x07\xfc\x90g\xf8M\x83?f\xd3\x8c\
M\xf3m\x9a\xdf\x04\xb0)R\xc3\xe7{\xae\x5c8C\
\x9a\xbb\xe0\xe3E=:Y\x1f\xf0\x9c\xdd\xd1\x5c\xce\xf0\
\x9b@p\x9fM2E\xe61\x01D\xa2\x9b\xce\xf6\x1b\
d\xea\xa5\xd2\xb1\xc8\x09r\x14\x9f\x95$\x97\xfa\x80\x1f\
\xc3\x19~]\xf0\x0f\x5c\x97!z\xbf\x09 \x1a\xe1\xee\
\xf69\xf3?\xbe\xbb\x99\xde-\xe0s\x8a\x9e@}\xc0\
svG\xc7t\x86_\x07:7\x03\xf7Y\x97)r\
\xbf\x09 \x12\xdd\xee\xb6\xb9\x9e\x1e\xd3\x99\x7f1bz\
\x02\xc4\xb0\xb8}\xd5z}\xc0O\xe1\x0c\xbf*N\xf6\
\xdd\xa2\x7f\x0c\x1bV\x92N\x9aX2\x014A\xab\xdf\
\xbc\xdc\xed\xe7z\xba\xdfZ\xd3\xd7F\x0c\xdc\xf1\xde\xcb\
r}\xc0svG\xa7t\x86\xdf+\xe6z;\xb1\xd6\
\xcb\x83\xa4&\x80A`_[)\xcf\xd4s\xbe\xdb\xbf\
6\x80\x85\x0c<\x1d &6\xd7\x07|\x09gx\xe2\
]\xa5\xbc,\xb4j\x7f\xf8>\x13@8\xc4\xad*\xb8\
\xb8U\xa9\xbc\x0b\xf1.\xc1\xec\xc0\x9b\xa1\x9f\xc3\xe7\x80\
\xd6\x1f\x0d\xed\x84\x09`\xe8\x16\xd8]?Ck\x19X\
\xb3{\xcf\xb8\xb7\xdcI\xee\x0f9\xf0F\xd5g%\xd7\
\xc9\x9bwJ\x93JSc&\x80\xa6\x88\xc5\xe6\xe7\xae\
\xf0\xd9\xb1U\xd8z&\x08t}\xb1(I\x18&\x80\
$0&3r\xaa,1\xbe^\x89e\xc2\x08\x9c\xac\
\xd8\x06?\xfb\xcb\x87\xca\x04\x00\x0ay(g\x7f\xde\xbb\
\xcf\xc3\x1b{\x11\x85\x00\x93\xab\xbc\x22\xcaxS\xbb&\
\x80\xa6\x88\xc5\xe5?Q\xa6y\xcdV\x89e\x82\x08|\
E11.\xe29JC\xa4\x8dQ\x13@\x1b\xd4b\
\xca<)\xc6\xac\xad\x0e\x8c\xc0\xd5\xaa\x9fK\xbb\x03\x95\
\xfe\xae4+1\x01\xe4\xd1\x1c\xcc\xb7\xc7l;}x\
\xf3yU\xc2\xfb\xef\xcfRz\xec\xb6\xb2\xcc6\xf6i\
\x93\xa5\x03\x02\xd7\xaa\xecoK\x99(\x94\xd9\x85x\xa2\
s\xbe\xd6\x99$TI^b\x02\xc8\xa3=\x1e\xd9\x83\
\x1b\xcc\xf8{\x9c\xea\xb9\xb3\x94\xde\xc6\xab\x942\xf1'\
\xca2\xdb\xd8G\x1e\xf2j\xb7e\x03\x04\x16\x0fx^\
\xf0y\x9a\xca]*e\xc6$%\xf9\x8a\x09 \x8f\xb6\
9*\xd8\x8d\x97\xc9\xfe\xa1\xd2+\xa4\xeb\x84<\xe4\xa5\
\xcc\xba\xbc%\xee\xcf\xf2\x80o\xdb\x10&\x80\xb6\xc8\xa5\
+\xc7\xdc\xfb\x91\xdd\x7f\xba\xf7\xbcQ\xd8\xd4c\xcaP\
\xb6i\xb9\xa9\xe5\x9f\xd4\x01\xbf\xd88&\x80ED\xfa\
_?,\xb0J\xce\xe2t\xef\xdbVAYl\xb4-\
?\xc6rLm\xf6{r\xbc\xbe\x86\x1fU\x97^~\
7\x12\x13@#\xb8B2\x1f\x12b\xb5\xaa\xb8\x8e\xe7\
,\xde\xd5<6\xb0\xd5\xd5N\xae\xe5\x17\xcf\xf0\xf7\x90\
\xa3\xbf*\x1d\xc55\xbc\xfc\xec$&\x80N\xf0%)\
\x1c\xd5\xfd\xe7\xces\x12\x07e$\xa5-\x99\x1bT&\
w\x86\xef\x82\xa6\x09\xa0\x0bzi\xca\xf2|8\x8d\xa5\
\x1d+<\xce\xe3f\xde\xce\x96nK\xd8\xe2\x9bw\xdd\
\xac\x0cS\xba\xe83\xfc:\xc8M\x00\xeb\x10\x8a\xdf\x1f\
\xf1\x81\x88\xf7\x05\xb8\xcdw\x02\x03\xcc&7\xe93|\
\x03HM\x00\x0d\xc0\x0a\xca\x1a\xf1\xf2\x0f\x1f\xa3L\xed\
n\xae\x13\x94\xf8\x0c\xdf\xa1\xa5M\x00\x1d\xc0KT4\
b\xfc\xffM\x89|\x9b5\xf3\x9e\xd9\x95\x01\x97}\x86\
\x9f\x01\xbf\xeb\xa2\x09\xa0+\x82.\x1f\x8d\x80\xcf\xf0\x81\
\x08\x9b\x00\x02\xc1\xdd\xd0\xf4\xd77\xcc\xd7$\xdb\xfeM\
2o\x987\xc2\xe6\xb2\xaa}\x86_\x86J\xd06\x13\
@\x10\xb0\x0d\xcc~\xa9A\xdeM\xb3F\x8c-\x88\xb0\
I<>\xc3\x83\xc2@j\x02\x18\x08\xf8\x99jo\x9e\
YN\xb5\xf8\xd0T\x86f\xecD\xd8\xfc;\xd9\x9f\xf4\
H;\xc5\x17&)\x0c\x9b\x00R\xa0\xd8\xcdF\xc4\xe3\
5&\xe0\xe4U\xdfn\x9e\xed\x94\xc6\x166w\xb6\xa4\
Y\xfa\xc74fl\xa5-\x02&\x80\xb6\xc8\xa5+\xf7\
\xa9t\xa6\xe6,\x9d2\xb7\xd6m%\xa5\xadYO\xa2\
b\x9f\xad\xc3\xcb+\x100\x01\xac\x00\xa7\xa7]\x11\xcf\
\xecq\x9d/\xcf\x9e\xcbBG\xc5\x06\xb6:\x9aYZ\
<*\xf6\xa5\x95y\xe3n\x04L\x00\xbb1\xe9{\xcb\
G\x02+<M\xb6O\x92\xb6\x15\xa6\xb2\xc2F\xdb\xf2\
\xeb\xcaE\xc6\xbe\xae\xeeQ\xefO\xe5\xbc\x09 \x15\x92\
\xed\xed|VE#\xbb\xc2\xaf\x94}\xce\xe2J\x1a\xc9\
\x07\x94;\xf2U`b&vUc\x19\x0a\x01\x13\xc0\
P\xc8\xcf\xd7\xfb\xee\xf9\xd5\xe4k\x9c\xc5\xffZV\xb9\
\x99\xa7d\xa5\xf0e\x22\xe6\xaf{\xd0\xca\x5c\xddwF\
\xc7\xdc\xdd\xc3\x02,\x98\x00\xf2h\xe4\xb7\xf7\xe0\x06\xd7\
\xf1oV=\x9f\x93^\x22\xe5\xd2\xe01JQ\x96\xd9\
\xc6\x10\xe2\x0b\xb5\x8do\x14(\x09\x95>b\x0e\x0d`\
\x0a\xc6M\x00y\xb4\x22\xddm\xba\xc4}x\xc3\xe3<\
f\xbb\xe1\xd2\x80\xd7|Q\x96\xd9\x16\xf1f\xe2\xb2\x98\
\x88\x95\x98\x97\xed\xf3\xb65\x08\xa4\xdcm\x02H\x89f\
7[\x9c\x81\xbbY\x18O\xe9\x92b\xcd\xbaUL\x00\
\xf94\xcfEr%\xe2\xbd\x00\x99\xcdJ\x88\x91X\xb3\
r\xaaTgL\x00\xf9\xb4<\x9f\x8e\xca\xe6\x9bq\x81\
\xb0\x10#\xb1\x06Va\xd3\x9b\x22`\x02\xd8\x14\xa9~\
\xf2\x9d\xa7j\x22^\x0e\x92\xd9,\x84\xd8\x881\x0bg\
\xc6\xe8Dj\x9fM\x00\xa9\x11\xedf\x8f3\xe3\x99\xdd\
Ld]\x9a\xd8\x881k'Kr\xce\x04\x90_k\
\xbfZ.]%\x9d\x9a\x10\x13\xb1M-\xaeQ\xc7c\
\x02\xc8\xb3\xf9N\xc8\xd3\xadN^M1\xa6N\x80\xe4\
P\xd8\x04\x90C+\xec\xf6\xe1\x06mz\x9ct*\xf2\
\x09\x05BLJ,m\x11\x88(g\x02\x88@5\x8d\
\xcd\xcbe\xe6\x85\xd2)\xc8\xc1\x0a\xe2\x0c\xa9%3\x04\
L\x00\x995\xc8\x82;/\xd0\xfa\xc5\xd2)\xc89\x0a\
\xe2\xbeRKF\x08\x98\x002j\x8c=\x5c9Q\xdb\
/\x93NA\xdc\x0b\xc8\xac\x15M\x00\x995\xc8\x1e\xee\
<A\xdb\xa7\xd0\x13\xf8E\xc5a\x12\x10\x08M%*\
\xbf\x09 \x0a\xd9\xf4v\xe9\x09L\xe1\x9e\x80/\x05\xd2\
\xff6Z[4\x01\xb4\x86n\x90\x82\xdc\x13\x98\xc2\xd3\
\x81\xe7\x0f\x82\x9e+\xdd\x85\x80\x09`\x17$\xd9o\xe0\
\xe9\xc0\xdd\xe5%\x03k\x94\x8cR\x1e!\xafM\x02\x02\
ah1\x01\x0c\xdd\x02\xed\xea\xe7\x99\xfaCT\xf4\x99\
R\xc6\xd7+\x19\x9dp9\xe3\xa7\x02\x1b4[d\x16\
\x13@$\xba\xf1\xb6\x19Z{\x90\xaay\x89\x94\xd7l\
\x95\x8cJ\xdc\x0b\x18\xb8\xb9L\x00\x037@\x82\xeay\
\xb9\xe6t\xd9a6\x1ff\xf1e\xb6\x1d\xad\x8eB|\
)0p3\x99\x00\x06n\x80\x84\xd5C\x04\xe7\xcb\xde\
\xbd\xa4\x87Ky\xef~\x0cd\xc0\xa5\xc0O\xcb_\xcb\
\x00\x08\x98\x00\x06\x00\xbd\x87*\x99o\xefd\xd5\x03\x19\
\x1c\xa8\x94\x89?\xb9Lx\x9b\x96\xaf\x932\xf9\xe7\xec\
%\x03\xcblc\x1fy\xc8K\x19\xca\xbeS\xf9\xa3\xc5\
c\x03\xf6@8z\xb3\x09 \x1a\xe1\xe1\xed3\xf7\xfe\
\x95r\x83\xcb\x84\xa3\x952;\xf0\x01Jo'\xddg\
[Yf\x1b\xfb\xc8C^\xcaP\x963\xb4\xb2\x85J\
})@\xfdOVM\xaf\x91\xbeWJ\x0f\xe6\x8bJ\
o\x91\xde*\xfd\xa6\xf4?\xa47J?(\xbdT\xca\
e\xcf\xcf)\xfdn\xa9\xa5!\x02&\x80\x86\x80\x15\x98\
\xfd\xa3\x8a\xb9\x8f34D\xc3\xb7\x0b^\xa7\xfa~M\
\xfa0\xe9\x8fI\xef(\xfdN)\xc2\xef\xf5{\xb5@\
\xcf\xe4\x01J\x19!\xc9\xc7K\xde\xa7\xe5\xafJy4\
\xfa\x1c\xa5w\x93Z6@\x00@7\xc8\xe6,\x85#\
\xf0\x22\xc5\xdf\xc7\xa5\x80\xaa\xe9$G\xa84\xf7A\xae\
W\xca\x87G\x8eQjY\x81\x80\x09`\x058\xde5\
\x87\x00$0\xb7!\xf3\x95\x87\xcb\xbf\xdf\x972\x17\xc1\
\xf1JG'}8l\x02\xe8\x03\xe5i\xd4\xf1\x97\x0a\
\xa3\x8fK\x01U\x93T~B\xd6^/\xe5\x9e\x01\x83\
\xa7\xb4h\xa9\x110\x01\xd4H8\xdd\x04\x01z\x01\x1c\
H\x9b\xe4\xcd-\x0f\xf7\x0c\xfeLN\xf1xT\x89\x05\
\x04L\x00\xa0`m\x82\x00\x8f\x17\x9b\xe4\xcf-\xef\xb3\
\xe4\xd0_Iy\xe2\xa0\xa4l1\x01\x94\xdd\xfem\xa2\
\xe7R\x80\xb7\x12\xdb\x94\xcd\xa5\xcc\xa1r\xe4/\xa4\x8c\
uP\x92\x9f\xf4\xe5\x91\x09\xa0/\xa4\xa7U\x0f\x8f\xec\
\xde5\xf2\x90x\xb4x\x85bx\xba\xb4X1\x01\x14\
\xdb\xf4\x9d\x03\x87\x04:\x1b\xc9\xc0\x00/TqY\x90\
\x81+\xfd\xbb`\x02\xe8\x1f\xf3\xa9\xd48\x85K\x81\xba\
-\xb81\xc8\x08\xc4z\xbd\x98\xd4\x04PLS\x87\x04\
J/\xe0\xda\x10\xcb\xfd\x1be\x04\x22s\x16\xf6_\xf3\
B\x8d}\xae\x9a\x00\xfaD{\x9au\x8d\xfd\xa9\xc0l\
\xab\xf0nAQ\xc3\x88M\x00\xb3\xcd\xef\xe56\x08<\
\xa8M\xa1L\xcb\xf0\xde\xc1k3\xf5-\xc4-\x13@\
\x08\xac\xc5\x18=D\x912\xf6^\xc9d\x84\x97\x90N\
\x9bL4k\x021\x01\xac\x01\xc8\xbbW\x22\xf0\xd2\x95\
{\xc7\xbb\xf3\x5c\xb9~\x0fi\xef\xd2w\x85&\x80\xbe\
\x11\x9fN}\xc7)\x94\xa3\xa4S\x953\xa7\x1a\xd8l\
\x5c&\x80Y4\xbc\xdc\x04\x81\xe76\xc9<\xc2\xbc\x8f\
\x95\xcf?#\x9d\xb4\x98\x00&\xdd\xbca\xc1\xf1q\x12\
\xbe\xf8\x1bVA&\x86\x7f=\x13?\xc2\xdc0\x01\x84\
A;i\xc3O\x99tt;\xc1=Z\x8b\xccJ\xa4\
$^\x86\xa8\xc1\x040\x04\xea\xe3\xae\xf30\xb9\xcf\xab\
\xb5J\x8a\x90IO&b\x02(\xe27\x9c4\xc8>\
\xdf\xa0\xe3\xb5]\x86\xe9\xf2aT\xce\xc6\xcc\x01\xc8\x9b\
\x88\x7f\x9c4\xa2\xd5\xc6\x8e]\xbd{\xdc{M\x00\xe3\
n\xbf!\xbc\x7fT\x0f\x95\xfe\xad\xea\xe0[\x01(#\
\x0d/\xd6:\xd3{]\xa6\x94\xe1\xc7\x0c\xd9e\xd0\x0e\
d\xc0\x94\xe6\xda\x1c&L@:\xa5\xc1Ns@\x99\
\x00\xe6\xe0\xf0\xca\x1a\x04\x98D\x83\x03bM\xb6\xd6\xbb\
\xffW%/\x902\x8d\x17g\x7f-\xee)|\x13\x11\
2\xf8q\xe5`\xa6\x1f%a\xf2\xf3a\x96\xb7\x0d\x0f\
\x95\x98\x00\x86B~\x9c\xf5\xf2\xc5\xa1(\xcf9\xa0\xef\
/\xe3\xa7H\x9b\xc8\xa7\x95\x99\xef\x02\xfc\xa1\xd2(a\
\xb6\xe1(\xdb\x83\xda5\x01\x0c\x0a\xff\xe8*\xbf_\xa0\
\xc7\x5c\xe3\xaf;\xeb\xaf\xaa\x9e)\xc0\xbb\x94_e\x1b\
b\xba\xcd\xaa\x0cc\xddg\x02\x18k\xcb\x0d\xe3\xf7O\
\x06U\xcb\xa7\xc8\xfe4\x81\xed\xa8\x89=8N&9\
4\x98\xc0\x12\xe0n\x13\x05 \xc0\x14Z?\x1a\x10'\
\x1f5e\xb6\xe1\x14\xa6\x99\xb1\xf8M)\x0c-\xb1\x11\
6\x1e`I]\xbdm2\x01\xf4\x06\xf5\xe8+\xbaK\
P\x04\x97\xcb\xee\xd7\xa4\xa9\x84o\x00\xa4\xb25k'\
*\xfe\xd9:z_6\x01\xf4\x0e\xf9h+\xdc/\xc8\
\xf3\xf7$\xb6\xcbw\x02\xe9U$6[E\xc5\x9f\xda\
\xcfF\xf6L\x00\x8d\xe0*:\xf3\xf7\x07E\xcf\x07A\
S\x9bf\x1cAj\x9bQ\xf1\xa7\xf6\xb3\x91=\x13@\
#\xb8\x8a\xce\xbcoP\xf4_\x08\xb0\xfb\xcf\x016C\
\xe2\x0f\xf0\xb3\x91I\x13@#\xb8Ze\xe6\xda\x91G\
\x5c/V\xe9\xb7J?&\xe5G\xcfu\xef\xadZF\
Yf\x1b\xfb\xc8C^\xcaPVY,F \x06\x01\
\x13@\x0c\xae\x0f\x96\xd9\x97K?)\xfd\x8c\xf4-\xd2\
\xe7I\x19F{o\xa5\xfbKg\xcf(,\xb3\x8d}\
\xe4!/e(\x8b\x0dlaS\xc5\x06\x93\xa8!\xb7\
\x07\x04D\xf4\xc3\x016\xa3\xe2\x0fpus\x93&\x80\
\xcd\xb1Z\x97\xf3\xf6\xca\xc0(6\x0e\xd8k\xb4\xfcl\
\xe9=\xa5]\x05\x1b\xd8\xc2&\xb6\xa9\x83\xba\xba\xda\xdd\
\xb4\xfc>\xca\xc8\xcb8\x10\x93\x16\x93\x0b\x83lR\x1b\
e(qj\x9b_Nm0\x07{&\x80\xee\xad\xc0\
\xc1H\x97\xfdf\x99:O\xca\x01\xab$D\xb0M\x1d\
\xd4E\x9d\xd4\x1dR\x91\x8c\xdeU\xcaX\xfb\x7fU\xfa\
;\xd2_\x91F\xc8o$6\xfaP\xd9\xfb>ij\
\x01\xf3\xa46s0f\x02\xe8\xd6\x0a\xcfP\xf1\x1b\xa5\
t\xd9\xe9\xc6k\xb1\x17\xa1.\xea\xa4n|HY)\
\xe3\xea/\x91\xc1\x1b\xa4\xcf\x97\xfe\x804Rx\xc1(\
\xe5\x01\xfb\xc4 g?\x1bdwP\xb3&\x80v\xf0\
\xf3\xf1\x88\xf7\xab\xe8\x85\xd2;H\x87\x12\xea\xc6\x07|\
\xc1\xa7\xb6~\xd4\xdd|\x9e\xc9\xf3\x1c=\xea Z\xe6\
\x1fu\xa7\x1a\xbc\xf3@U\xf0\xcb\xd2\x08\xf9\xfb\x08\xa3\
C\xdb4\x014o\x01^\x88\xb9^\xc5\x8e\x94\xe6\x22\
\xf8\x82OLd\xd9\xc4'H\xe3,\x15\xa8\xbb\xf9C\
\xbd\xf6\xca\xfd\x05\xba\xeer\xa5\x93\xbc\xb2S\xe9\xbd\x0b\
\xff\x9fv\xfd\x93trb\x02h\xd6\xa4\xe7(\xfb\x87\
\xa5\xb9\xca\x1b\xe5\x18>*Y)u7\x1f\xd2`\xfa\
\xeb\xe8n\xfeJg\xb6w\xe2\xfbOm/\xb7Ix\
\x1d\xb8K\xf9Uu\xd2\xe6\x03\x97\xc1Z\x00\x00\x0b\xb0\
IDAT\xdf\x5c\x95\xa1\xe9\xbe\x5c\xf2\x9b\x006o\
\x09\xa6\xc1>c\xf3\xec\x83\xe5\xc4\xc7\x8b\x96\xd4N[\
s7\x9f3~\xdf\xdd\xfc%\xee\xec\xda\xf4C\xda\xc2\
\x1b\x81\xbf\xa4\xb4\x89\xd0\x8b\xa1\xdc\xd1M\x0a5\xcc{\
u\xc3\xfc\xa3\xc9\xce\x8fb4\xce\x0e\xe8\xe8\x1bT\xf7\
\x98\xbe\x82s\x82\xfc\xc5g%\x15\x07\x08o\xdb\xfd\x8b\
V\xb8\x9b\xcf\x19_\x8bY\x0aO5\xae\x94g\xbc \
\xb4\xeel\xce\xfd\x0f\xc8\x8ea\xbf?\xab2\x91\xf2\xde\
H\xe3C\xda6\x01\xacG\x9f3\xff\xe3\xd7g\xcb.\
\x07>\xff\x83\xbc\xa2\x9b\x7f\xba\xd2\x1c\xba\xf9rc#\
\xe1F\xdeG\x95\x13e\x10\x14\x84F\xcf\x80\x988\xe8\
\xdf\xa5}\xff.\xe5r\x87'\x22Z\x0c\x13\x06c\xfd\
y\x98\xf5\x81\x0d\x9b\x00V7\x00?\xb01\x9d\xf9\x17\
\xa3\x89x\x7f\x7f\xb1\x8e\xc8uz\x01\x0c\x82\xe2\x92\x86\
\x9e\x01\xbd\x1a\xda\xe4\x17\x22+]\xb0}\xc5\xc2z\xe7\
\xd5\x9c\x0c\x98\x00\xf6n\x0d\xee\xf6s\xb6\xd9;\x87\xf7\
\x94\x80\xc0\xa5S\x0e\xd2\x04\xb0\xbcu\xb9n\xe6\xce\xef\
\xf2\xbd\xdeZ\x0a\x02\xf4:&\xf9\xfc\xbfn@\x13@\
\x8d\xc4|\xca<\xf4\xf3[\xbcV\x22\x02\xbf9\xf5\xa0\
M\x00\xbb[\x98\xa1\xb5\x0c\xac\xd9\xbd\xc7[JB\x80\
'\x11\x1fJ\x1dpn\xf6L\x00\xf3-\xc2c\xa8\xb3\
\xe77y\xadP\x04\x8a\xf8\x1d\x98\x00\xe6\x7f\xdd\xa7j\
\x95\xe7\xcbJ,\x05#\xc0\xa3\xdfI\x0e\xfd]lS\
\x13\xc0\x0e\x22\x9c\xfdy\xe4\xb4\xb3\xc5K%\x22\xf0'\
\x0a\xfae\xd2\x22\xc4\x04\xb0\xd3\xcc\x0c\x93\x8d\x1eT\xb2\
S\x9b\x97rD\x80\xc1EO\x8br,G\xbb&\x80\
\x9dVy\xd2\xce\xa2\x97\x0aE\xe0x\xc5\xcd<\x08J\
\xca\x10\x13\xc0V;3\xdf\x1e\xb3\xedl\xad\xc5\xfe\xff\
\xbc\xcc\xf3\xfe;\x9f\xb1:V\xcb(\xcblc\x9f6\
\x8dR\x982\xeb\xab\xa3\xf4|\xcb\xe9\xa7(a\x88\xb1\
\x92r\xc4\x04\xb0\xd5\xd6\x8f\xdcJB\xff3\xe3\xefq\
\xaa\xe1\xceRz\x1b\xafR\xca\xc4\x9f(\xcblc\x1f\
y\xc8\xab\xdd\xa3\x10^\x94y\xb2<\xbd\xa3\x94\xc7\xa7\
\xcc-\xa0\xc5Q\x09\xf7~xQjTN\xa7p\xd6\
\x04\xb0\x85\xe2Q[I\xd8\x7fn*\x1d*\xeb\x9b\x8c\
+'\x0fy)\xa3\x22\xd9\x0a=\x96\x87\xc9\xbb\x87K\
\x19\xab\xcf\xf4\xe6|\x9d\x97u^\xa0\xd1\xe6Q\x08\xe3\
>\xa2&\x12\xf96\x00\xb9.\x98\x00\xaa\x8a\xb9\xf7#\
\xbb\xfft\xefy\xac\xd4\xf47@\x19\xca6-\x17\x99\
\xff\x8b2\xced\xa4wWJ\x8f\x85y\x05\xb48'\
\xf4^\x8e\xd0\x96k\xa59\xcb\xff\xc89.\xbf^\xa3\
\xb4X1\x01T\xd5a\x81\xad\xcfY\x9c\xee}\xdb*\
(\x8b\x8d\xb6\xe5S\x95\xe3\xb5\x5c\xba\xf9?(\x83L\
\x14\xba\xeeF\x19\x13h2?\x1f=\x03\x15\xc9N\xf8\
\x1c\x19/{q\xf9\x95\x9ds}:d\x02\xa8\xaaC\
\x82\x00\xe7L\xc8Y\xbc\xabyl\xfc[W#-\xcb\
\xd3\xcdg\xae\xbe\xfb\xaa<\x073\xdd|-n,\x90\
\x06\x13\x8c\xf2xm\xe3B\xc1\x19\xe9\xee\xf3\x9a1\xed\
\x13\x5cU\xfe\xe6M\x00U\x15\xd5\xfd??a\xf33\
_^Bs+M\xd1\xcd?W9\xean>\xd3m\
i\xb5\xb5\xf0:-\x18C \xad\x8d$(\xc8%\x09\
3\x07q\xc3/\x81\xb9\xcdM\xe4\x9c\xd3\x04PU\x07\
V\xe9\xffx\x9c\xc7\xcd\xbcT\x96\xb9\x17\xf0\x8dT\xc6\
\xf6\xb0\xc3\x94\xe0\x9c\xb1\xe9\xe6\xf3\xb1\x8eu\xdd\xfc=\
\xcc,\xdd\xcctd\xd8\xa6\xdb\xcd\xe4\x9dK3\x05m\
\xfc\x1b\xd9\xa5\x17\xc2%\x09\xd3\xa7k\xd5R#`\x02\
\xa8\xaa\xfdj0\x12\xa6\xcbn\x8eu5\x1f\xf5f\x1a\
\xef\xbc\xd3\xcd\xe7I\x08g\xe9\xa6\xdd\xfc&q}D\
\x99\x8f\x91\xf2\x94\xe3uJ\xff[\x1a%\x10\x1a\xd3\x88\
\x1d\xac\x0a\xe8\x85(\xb1,\x22`\x02\xa8\xaa\x88\x97\x7f\
>\xbe\x08t\x82\xf5w$\xb0\xb1h\x82^\xc5c\xb4\
\xb1k7_&\x1a\x09\xd7\xdfOU\x09\xb0\xe7[\x06\
\xf4\x96R\xdc'`\xf6^\xbe\x9d\xc8\xe5\x0b\x84\xf6\x07\
\xaa\xc3\xb2\x02\x01\x13@U\xed\xbb\x02\x9f\xb6\xbbnj\
[pE\xb9\x08\x9b\xdf\xb5\xa2\xbe>v\xdd\xa2J\xde\
$e\xf0\x13\x93\x96\xd23`D\xdeoi\x1b/\xe5\
0\x1b\x0f\xc4\xc0#;m\xaa\xf8@\xc7\x7fj\x81q\
\x06\x5c\xd33G\xe0iZ\xa7\x07\xf3=J\x19\x88t\
\x81\xd2\x94\x97/2\xd7^r/i\x02\xc8\xbd\x85\xca\
\xf2\x8f\x9e\x01#\xf2\x9e\xae\xb0\xf9J\x117\x0f!\x86\
\xdbj\x9dO\x88\xddF)\xdf\x11<H)\xd7\xf4\x8c\
\xdd?O\xcb\xf4`\xfeK\xa9\xa5!\x02&\x80\xaa\xfa\
zC\xcc6\xc9\xbe\xff&\x99\x1a\xe6\x89\xb0\x19\x11{\
\xc3\xb0\x9c}H\x04L\x00U\xf5\xa5\x80\x06\x88\x18[\
\x10a3\x22\xf6\x008m2\x0a\x01\x13@U\xdd\x1c\
\x00.\xd7\xa4\xa9\xcdF\xd8\x8c\x88=u\xdc\xa3\xb57\
\x06\xc7M\x00U\xc5\x0d\xa5*\xf1\xdf\x9dd\x8fq\xe6\
J\x92\x08\xb6\xb0\x99\xc4\xd8\x8c\x91\x88\xd8g\xcc{1\
w\x04L\x00U\xf5\xa9\xa0F\xe2qT*\xd3)m\
\xcd\xfa\x14\x15\xfbl\x1d^\xce\x18\x01\x13@UE<\
\xb3\xa7\xc9\xef\xa3\x7f\x0c\xa9U\xd2I\xb0\x81\xadNF\
\xf6(\x1c\x15\xfb\x1e\xd5ysn\x08\x98\x00\xaa\x8a\xd1\
iQ\xedr\x9a\x0c\x9f$m+\x94\xc5F\xdb\xf2\xeb\
\xcaE\xc6\xbe\xae\xeeI\xef\x1fKp&\x80\xaa\xe2\xd5\
\xd5\xc8\xae0o\x9fq\x16o\xfa\x9b\xa0\x0ce\x9b\x96\
\xdb4?1\x13\xfb\xa6\xf9\x9do\x82\x08\x98\x00\xb6\x1a\
\xf5\xdd[I\xd8\x7f\xce\xe2\xbc\x83\xce\xcd\xbcu\x95\x90\
\x87\xbc\x94Y\x97\xb7\xcb\xfe\xe8\x98\xbb\xf8\xe6\xb2=!\
`\x02\xd8\x02\xfa\xed[I\xe8\x7f\xae\xe3\xdf\xac\x1a>\
'\xbdDz\x92\x94q\xf8(\xcblc\x1fy\xc8\xab\
\xdd\xa1\xd2G\xcc\xa1\x01\xd8xw\x04L\x00[\x18~\
@\x09]b%\xe1\xc2\xe3<^O\xa5{\xcfK0\
(\xcblc_\xb8\x03\xaa\x80X\x89Y\x8b\x96\xd4\x08\
\x8c\xc9\x9e\x09`\xa7\xb58\x03\xef\xacM{\xa9\xa4X\
\xa7\xdd\x92\x1d\xa33\x01\xec\x00\xc8\xbb\xf0%\x8c\x8d'\
Fb\xdd\x89\xdcK\xc5\x22`\x02\xd8i\xfa\xafh\xf1\
\x15\xd2\xa9\x0b1\x12\xeb\xd4\xe3t|\x1b `\x02\x98\
\x07\x89WK\xa7\xfc\x82\x0c\xb1\x11\xe3|\xd4^K\x86\
\xc0\xd8\x0c\x99\x00\xe6[\x8c3\xe3\x99\xf3\x9b&\xb5F\
l\xc48\xa9\xa0\x1cL{\x04L\x00\xbb\xb1{\xb56\
]%\x9d\x9a\x10\x13\xb1M-.\xc7\xd3\x01\x01\x13\xc0\
r\xf0NX\xbey\xd4[\xa7\x18\xd3\xa8\x1b$\x07\xe7\
M\x00\xcb[\x819\xe5\x1e\xb7|\xd7(\xb72%7\
1\x8d\xd2\xf9\xb18=F?M\x00{\xb7\xda\xe5\xda\
\xf5B\xe9\xd8\x85\x18\xfc\xd8o\xec\xad\x18\xe4\xbf\x09`\
5\xb0/\xd0\xee\x8b\xa5c\x15f\xdc%\x86\xb1\xfao\
\xbf\x83\x110\x01\xac\x07\xf8De\xb9L:6\xc1g\
\xe6\xdc\x1f\x9b\xdf\xf6\xb7G\x04L\x00\x9b\x81\xfd\x04e\
\x1bSO\x803?>\xcbmK\x1f\x08\x8c\xb5\x0e\x13\
\xc0\xe6-GO\x80\xeb\xe9\xcdK\x0c\x93\x13\x1f}\xe6\
\x1f\x06\xfb\xd1\xd5j\x02h\xd6d\x5cO\xe7\xfct\x80\
\xbb\xfd\xf8\xd8,*\xe7.\x16\x01\x13@\xf3\xa6\xe7\xe9\
\x00\xdf\x9ec`M\xf3\xd21%\xf0\x05\x9f|\xb7?\
\x06\xdf\xc9Z5\x01\xb4kZ\x9e\xa9?DE\x9f)\
e|\xbd\x92A\x84\xba\xf1\x01_\xf0i\x10'J\xaf\
t\xcc\xf1\x9b\x00\xba\xb5\x1eCk\xf9N\xddKd\x86\
\xd7l\x95\xf4\x22\xd4E\x9d\xd4\x8d\x0f\xbdT\xeaJ\xa6\
\x87\x80\x09\xa0{\x9b\xf2r\xcd\xe92\xb3\x9f\xf4T)\
\xb3\xed(\x09\x11lS\x07uQ'u\x87Td\xa3\
e `\x02H\xd7\xce\x1c\x8c\xe7\xcb\xdc\xbd\xa4\x87K\
y\xef\x9e\x03V\x8b\x9d\x04\x1b\xd8\xc2&\xb6\xa9\x83\xba\
:\x19ua#\x00\x02&\x00PH\xaf\xcc\xb7w\xb2\
\xccr\xc0\x1e\xa8\x94\x89?\xe9\xb2\xbfM\xcb\xd7Io\
\x92\xd2\x8dW\xf2-a\x99m\xec#\x0fy)CY\
l`\x0b\x9b\xdf\xca\xec\x7f\xf9 0vOL\x00\xf1\
-\xc8\xdc\xfbW\xaa\x1a\xba\xecG+e\xc6\xdf\x03\x94\
\xdeN\xba\xcf\xb6\xb2\xcc6\xf6\x91\x87\xbc\x94\xa1\xac\xb2\
X\x8c@\x0c\x02&\x80\x18\x5cm\xd5\x08\x8c\x02\x01\x13\
\xc0(\x9a\xc9N\x1a\x81\x18\x04L\x001\xb8\xdaj\x01\
\x08L!D\x13\xc0\x14Z\xd11\x18\x81\x96\x08\x98\x00\
Z\x02\xe7bF`\x0a\x08\x98\x00\xa6\xd0\x8a\x8e\xc1\x08\
\xb4D\xc0\x04\xd0\x128\x17+\x1b\x81\xa9Do\x02\x98\
JK:\x0e#\xd0\x02\x01\x13@\x0b\xd0\x5c\xc4\x08L\
\x05\x01\x13\xc0TZ\xd2q\x18\x81\x16\x08D\x11\xc05\
-|q\x11#0\x0a\x04\xa6\xe4d\x14\x01L\x09#\
\xc7b\x04&\x8b@\x14\x01\x5c\x1d\x80\xd8\x11\xb2\x89*\
\xb1\x18\x01#\x90\x02\x81(\x02H\xe1\x9bm\x18\x01#\
\x10\x8c\xc0\xd8\x08\x80\xcf[\x07Cb\xf3F`o\x04\
\xa6\xb6'\x8a\x00\x22.\x01\xc0\x9eK\x80\xb3X\xb0\x1a\
\x01#\xd0\x1d\x81(\x02\xe8\xee\xd9\xde\x16\xe8\x05@\x04\
{\xe7\xf0\x1e#`\x046B \x92\x00\xa2z\x01\x04\
\xc6<\xf8&\x01\x90\xb0\x1a\x81\x0e\x08D\x12\xc0\xd9\x1d\
\xfc\xda\xa4($\xe0\xcb\x81M\x90r\x9e$\x08L\xd1\
H$\x01D\xf6\x00\xea\xb6\xe0r\xe0V\xad\x98\x08\x04\
\x82\xc5\x084E \x92\x00\xf0\xa5\x0f\x12\xa0\x9e\x9a\x08\
\xe8\x15X\xab\xca\x18\x8c\x07\x03N^\xe8 \x97\xb4\xd1\
\x04\x10}\x19\xc0\xc1?\xab\x80h\xad*c0\x1e\x0c\
8y\xa1\x90v\xef\xbd\xd9h\x02\xe8\xab\x07P\xf9\xcf\
\x08D\x22\xd0\xa3m\xc8\xa07\x22\x88&\x00p\xeb\xbb\
\x17@\x9dV#0v\x04 \x02.\x0dB\xe3\xe8\x83\
\x00\x08\xc2=\x81\xd0f\xb4\xf1\x89\x22\x00\x09p9\x17\
\x16^\x1f\x04\x80\xf3\xee\x05\x80\x82\xd5\x084G\x00\x12\
h^j\xc3\x12}\x11\x00=\x00tC\xb7\x9c\xcd\x08\
\xe4\x83\xc0\xc0\x9e\xd0\x03\xa0\x17\x1d\xe2F_\x04\x80\xf3\
G\xf2\xcfj\x04\x8c@c\x04\xc2z\x01}\x12\x00Q\
\xfbR\x00\x14\xacF\xa09\x02\xf4\x04\x9a\x97ZS\xa2\
o\x02\xa0+\xe3K\x815\x8d\xe2\xddF\xa0/\x04\xfa\
&\x00\xe2\xe2R\xc0$\x00\x12\xd6\xec\x11\xc8\xc8\xc1\x90\
\xcb\x80!\x08\x00L!\x01R\xab\x110\x02\x9b!\x10\
2\xd1\xeeP\x04@\xc8&\x01P\xb0\x1a\x81\x01\x11\x18\
\x92\x00\xb8\x0c\xd8G\xb1\x93*\xb1\x18\x01#\xb0\x02\x81\
\x90\xe3dH\x02\xa8c\xa5'\xe0\xa7\x035\x1aN\xb3\
A 3G&K\x00\xe0\xcc\xd3\x01\x93\x00HX\x8d\
\xc0n\x04\xc2\x8e\x8d\x1cz\x00u\xb8\x90\x00\x97\x04a\
\xc1\xd6\x1595\x02#C\x80c#\xc4\xe5\x9c\x08\xa0\
\x0e\x90`!\x81\x90.O]\x89S#0\x12\x048\
\x16\xc2\x5c\xcd\x91\x00\x08\x16\x12\xf0\xbd\x01\x90\xb0\x0e\x82\
@&\x95r\xf0s,\x84\xb9\x93+\x01\xd4\x01\x13|\
}Y\x00\x18\xf5v\xa7F`\xca\x08\xd0\xfb\xe5\x04\xc8\
\xef?4\xce\xdc\x09\xa0\x0e\x1e P\x93A\x8d\x88\xd3\
\xa9\x22\xc0\x89\x8e\x83\x1f\x12\x08\x8fq,\x040\x0b\x04\
D\x80B\x06(`\xa1\x00W+\xe0Y\xab\xca\x18\x8c\
\x03\x03~\xbf(\xbfg~\xdbU_\x7fc$\x80E\
l\xea\x1f9\xc0\xd5\x0a\x98\xd6\xaa2\x06-0\xd0\x0f\
\xaco\xdc\xea\xdf\xb0\xaa\xeeW\xa6@\x00\xfd\x22\xe6\xda\
\x8c\xc0\x84\x100\x01L\xa81\x1d\x8a\x11h\x8a\x80\x09\
\xa0)b\xceo\x04&\x84\x80\x09`B\x8d\xe9P\xba\
#P\x9a\x05\x13@i-\xeex\x8d\xc0\x0c\x02&\x80\
\x190\xbch\x04JC\xc0\x04PZ\x8b;^#0\
\x83\x80\x09`\x06\x0c/\x96\x8d@\x89\xd1\x9b\x00Jl\
u\xc7l\x04\xb6\x110\x01l\x03\xe1\xc4\x08\x94\x88\x80\
\x09\xa0\xc4Vw\xccF`\x1b\x01\x13\xc06\x10N\xca\
F\xa0\xd4\xe8M\x00\xa5\xb6\xbc\xe36\x02B\xc0\x04 \
\x10,F\xa0T\x04L\x00\xa5\xb6\xbc\xe36\x02B\xc0\
\x04 \x10,e#Pr\xf4&\x80\x92[\xdf\xb1\x17\
\x8f\x80\x09\xa0\xf8\x9f\x80\x01(\x19\x01\x13@\xc9\xad\xef\
\xd8\x8bG\xc0\x04P\xfcO\xa0l\x00J\x8f\xfe\xff\x01\
\x00\x00\xff\xff\xd4\x8988\x00\x00\x00\x06IDAT\
\x03\x00,\x13\xa5=\xc9\xfeb|\x00\x00\x00\x00IE\
ND\xaeB`\x82\
\x00\x00\x11\xfe\
\x89\
PNG\x0d\x0a\x1a\x0a\x00\x00\x00\x0dIHDR\x00\
\x00\x01\x00\x00\x00\x01\x00\x08\x06\x00\x00\x00\x5cr\xa8f\
\x00\x00\x10\x00IDATx\x01\xec\x9dI\xa8\xacW\
\x11\xc7[\xb3p\x02\x15\xd1\x80(\x06D\x8d\x0b5Y\
ED\xa3\x89\x03&\x0b\x07P\x03*8+\x8a\x13.\
DQ!y\xa0\xa2\xb8\x10'\x14g\x05\x15\xa2\x82\xc3\
\x22\x11\x87\xbcg\x141\xabD]\x18\x15!\xa2\x08Q\
D\x05\xa7E0\xf5'\xdd\xe1\xbe~=|\xc3\xa9s\
N}\xf5{\x9c\xea\xaf\xfb\xeb\xf3\x9dS\xf5\xab\xaa\xff\
\xeb{o\xdf\xbe\xf7\x5c\xf1\x0f\x02\x10HK\x00\x01H\
\x9bz\x02\x87\xc0j\x85\x00P\x05\x10HL\x00\x01H\
\x9c|B\xcfM@\xd1#\x00\xa2\x80A )\x01\x04\
 i\xe2\x09\x1b\x02\x22\x80\x00\x88\x02\x06\x81\xa4\x04\x10\
\x80\xa4\x89'\xec\xdc\x046\xd1#\x00\x1b\x12\x1c!\x90\
\x90\x00\x02\x900\xe9\x84\x0c\x81\x0d\x01\x04`C\x82#\
\x04\x12\x12@\x00\x12&\x9d\x90s\x138\x19=\x02p\
\x92\x06\xf7!\x90\x8c\x00\x02\x90,\xe1\x84\x0b\x81\x93\x04\
\x10\x80\x934\xb8\x0f\x81d\x04\x10\x80d\x09'\xdc\xdc\
\x04\xb6\xa3G\x00\xb6\x89\xf0\x18\x02\x89\x08 \x00\x89\x92\
M\xa8\x10\xd8&\x80\x00l\x13\xe11\x04\x12\x11@\x00\
\x12%\x9bPs\x13\xd8\x15=\x02\xb0\x8b\x0a\xe7 \x90\
\x84@t\x01x\x98\xe5\xe9\x19f\xaf5\xbb\xc6\xec\xa3\
f\x9f3\xfbb\xc7\xf6U\xf3\xedGf7\x9b\xdd\xba\
6\xdd\xd79=\xd7\xb3\xef\xd9}Sm\xa9\xc6Tk\
\xaa9\xd5\x9ej\xd0\xd2\x18sD\x13\x80G\x19\xe67\
\x9b}\xcb\xec/f\x7f4\xfb\x81\xd9\xa7\xcd\xae6\xd3\
s\xaf\xb2\xe3\xcb;\xb6\x17\x9bo\x97\x9b]d\xf6\x98\
\xb5\xe9\xbe\xce\xe9\xb9\x9e}\xcf\xee\x9bjK5\xa6Z\
S\xcd\xa9\xf6T\x83\xaaE\xd5\xa4\x9eS\x8dZZc\
\x8c\x08\x02p/C\xf9z\xb3\x1b\xcd~k&\x05~\
\x9e\x1d\x1fl\xc6\x80@\x0f\x04T\x8b\xaaI\xd5\xa6j\
T\xb5\xaa\x9aU\xed\xf6\xe0\xdfj\x9f\x13=\x0b\x80\xa0\
\xbe\xcf\x1c\xbf\xdd\xec\x93fO1c@ \x02\x01\xd5\
\xaajV\xb5\xab\x1aV-w\xe9w\xaf\x02\xf0.\xa3\
\xf5\x073\x1d\xefoG\x06\x04\x22\x12P\xed\xaa\x867\
\xb5\xdc]\x0c\xbd\x09\xc0\x15F\xe8\x97fR\xcd\xfb\xd8\
\x91\x01\x81%\x10P-\xab\xa6U\xdb\xaa\xf1nb\xea\
I\x00>`T\xae3{\x9c\x19\x03\x02K$\xa0\xda\
V\x8d\xab\xd6\xab\xc5wh\xa3\x1e\x04\xe0|s\xf0z\
\xb3w\x981 \x90\x81\x80j]5\xaf\xdao\x1ao\
k\x01x\x82E\xffc\xb3g\x9b1 \x90\x89\x80j\
^\xb5\xaf\x1eh\x16wK\x01\xb8\xc4\xa2\xfe\xbe\xd9\x85\
f\x0c\x08d$\xa0\xdaW\x0f\xa8\x17\x9a\xc4\xdfJ\x00\
\xa4z\xdf\xb5\x88\x9b\xbf\x042\x1f\x18\x10hI@=\
\xa0^PO\x14\xf7\xe3\xd8\x82-\x04@\x01_k\x8e\
\xe9h\x07\x06\x04\xd2\x13P/4\xe9\x89\x16\x02\xf0e\
K\xb7^\xfa\xd8\x81\x01\x01\x08\xac\x09\xa8'\xd4\x1b\xeb\
\x87u\x0e\xb5\x05@?\xfe\xd07?\xeaD\xc7.\x10\
\x88E@\xbd\xa1\x1e\xa9\xe6uM\x01\xd0\x1b \xf4\xe3\
\x8fj\xc1\xb1\x11\x04\x02\x12P\x8f\xa8Wf\xbb>d\
\x81\x9a\x02\xf0\xa1!\x0e1\x07\x02\x10XU\xeb\x95Z\
\x02\xa0\xf7C\xeb]P\xe4\x16\x02\x108N@\xbd\xa2\
\x9e9>s\xe6\x8c\x1a\x02\xa0\xdf\x84z\xcfL?\xb9\
\x1c\x02\xd9\x08\xa8g\xd4;\xaeq\xd7\x10\x80\xb7Y\x04\
\xfae\x08;0 \x00\x81\x81\x04\xd43\xea\x9d\x81\xd3\
\xcf\x9e6\xf4\x91\xb7\x00\xe8\x03\x11\xde4\xd4\x19\xe6A\
\x00\x02g\x11P\xef\xa8\x87\xce:Y\xf2\x81\xb7\x00\xbc\
\xd2\x9c\xd5\xefD\xdb\x81\x01\x01\x08\x8c$\xa0\xdeQ\x0f\
\x8d\xbcl\xf8to\x01x\xe9pW\x8a\xcc\xbc\xc5V\
\xd1\xdb*\xbfn\xc7\x96v\x9b\xed_zh\xcd\x961\
\xb1\xf7j\xa5\xdaR\x8d\x95\xce\xed\xa1\xf5\x5c{\xc8S\
\x00\xf4\xe1\x88\xfah\xa4C\xc1\x95x\xee&[\xe45\
f\x0f4\xbb\xd8\xec\xb9fW5\xb6\xd3\xb6\x7f\xe9\xa1\
5[\xc7\x95}\x7f\xd5\x96jL\xb5\xa6\x9aS\xed\x95\
\xce\xf3\xf6z\xea!\xf5\xd2\xf6\xf9\xbd\x8f\xc7<\xe1)\
\x00W\x8eqd\xc2\xdc;\xec\x1a}\x8d\xf4D;\xea\
\xe3\x9a\xffaG\x06\x04j\x10P\xad\xa9\xe6T{\xaa\
A\xd5\xa2\xe7\xben\xbd\xe4)\x00\xfa\xcct/(\x7f\
\xb6\x85/5\xfb\x84\x19\x03\x02-\x09\xa8\x06U\x8b\xaa\
I/?\xdcz\xc9S\x00\x9e\xecDCj\xfb\x02[\
\xfbgf\x0c\x08\xf4@@\xb5\xa8\x9aTmz\xf8\xe3\
\xd5K+/\x01\xd0\xd7,^obx\xab\x11\x16p\
;0 \xd0\x0d\x01\xd5\xa4j\xd3\xc3!\xf5\xd2\xa0\xbf\
@4vs/\x01\xb8`\xac#\x03\xe7\xeb\x9b.z\
\xc95p:\xd3 P\x95\x80jS5\xea\xb1\xe9c\
=\x16\xf5\x12\x80Gz8kk\xea\xcf1\xd9\x81\x01\
\x81n\x09x\xd5\xa8KOy\x09\x80\xcb\xcb\x15K\xf9\
7\xcc\x18\x10\xe8\x99\x80W\x8d\xba\xf4\x94\x97\x00<\xc8\
!Cz\x03\x86~\xfc\xe2\xb04KB\xa0\x18\x01\xd5\
\xa8j\xb5\xd8\x82\xeb\x85\x8e\xf6\xd4z\xde\xa8\x83\x97\x00\
\xdco\x94\x17\xc3&\xeb\xcf+\x0d\x9b\xc9,\x08\xb4%\
\xe0Q\xab\x1e=\xe5\xf6S\x80\xf3\x1c\xf8\xff\xd7aM\
\x96\x84\x80\x07\x01\x8fZ\xf5\xe8)7\x01\xf0\x80\xca\x9a\
\x10\x80@a\x02^_\x02\x14v\x93\xe5 \x00\x81C\
\x04\xa6>\x87\x00L%\xc7u\x10X\x00\x01\x04`\x01\
I$\x04\x08L%\x80\x00L%\xc7u\x10X\x00\x01\
\x04`\x01I$\x84\xdc\x04\xe6D\x8f\x00\xcc\xa1\xc7\xb5\
\x10\x08N\x00\x01\x08\x9e@\xdc\x87\xc0\x1c\x02\x08\xc0\x1c\
z\x5c\x0b\x81\xe0\x04\x10\x80\xe0\x09\xc4\xfd\xdc\x04\xe6F\
\x8f\x00\xcc%\xc8\xf5\x10\x08L\x00\x01\x08\x9c<\x5c\x87\
\xc0\x5c\x02\x08\xc0\x5c\x82\x5c\x0f\x81\xc0\x04\x10\x80\xc0\xc9\
\xc3\xf5\xdc\x04JD\x8f\x00\x94\xa0\xc8\x1a\x10\x08J\x00\
\x01\x08\x9a8\xdc\x86@\x09\x02\x08@\x09\x8a\xac\x01\x81\
\xa0\x04\x10\x80\xa0\x89\xc3\xed\xdc\x04JE\x8f\x00\x94\x22\
\xc9:\x10\x08H\x00\x01\x08\x984\x5c\x86@)\x02\x08\
@)\x92\xac\x03\x81\x80\x04\x10\x80\x80I\xc3\xe5\xdc\x04\
JF\x8f\x00\x94\xa4\xc9Z\x10\x08F\x00\x01\x08\x960\
\xdc\x85@I\x02\x08@I\x9a\xac\x05\x81`\x04\x10\x80\
`\x09\xc3\xdd\xdc\x04JG\x8f\x00\x94&\xcaz\x10\x08\
D\x00\x01\x08\x94,\x5c\x85@i\x02\x08@i\xa2\xac\
\x07\x81@\x04\x10\x80@\xc9\xc2\xd5\xdc\x04<\xa2G\x00\
<\xa8\xb2&\x04\x82\x10@\x00\x82$*\xb1\x9b\x97Y\
\xec\xb2\x1b\xecx\xcd\xda\xec\xc0(A\x00\x01(A\x91\
5J\x13\xd84\xfc\xffma5\xbeL\xe7\xae\xb6\xc7\
2\x9d\x97I\x10\xec\x14c*\x01\x04`*9\xae\xf3\
\x22\xa0\xa6\xde4\xfc\xb1=$\x06\x9a\x7fl^\xf8\xe7\
\xbd\x02@\x00\xbc\xc8\xb2\xee\x14\x02j|5\xf5\x98k\
5_\xaf\x06\xf4\x0aa\xccu\xcc5\x02\x08\x80A`\
tA@\xcd?\xa7\x89%\x04]\x04\x12\xc9\x09\x04 \
R\xb6\x96\xeb\xeb\xdc\xe6\x17\x19\x89\x07_\x0e\x88\xc4\x08\
C\x00F\xc0b\xaa\x0b\x81\x12\xcd\xbfqL\xaf\x02$\
\x04\x9b\xc7\x8b8z\x06\x81\x00x\xd2e\xedc\x04J\
6\xfff/\x89\xc0\xe6>\xc7#\x04\x10\x80#\x80x\
\xda\x8d\x80G\xf3\xbb9\xbb\xd4\x85\x11\x80\xa5f\xb6\xef\
\xb8<\x9b\x9f/\x01F\xe4\x1e\x01\x18\x01\x8b\xa9E\x08\
x6\xff\xc6\xc1\xc5\x88\xc0& \xaf#\x02\xe0E\x96\
uw\x11\xa8\xd1\xfc\xbb\xf6\xe5\xdc\x1e\x02\x08\xc0\x1e0\
\x9c.N\xa0f\xf3\x9f.\xee\xfdB\x17D\x00\x16\x9a\
\xd8\xce\xc2\xa2\xf9;K\xc8\xc6\x1d\x04`C\x82\xa3\x17\
\x81\x9a\xcd\xaf\x18\xce\xe8f\x09V#\x06\x04\xa0\x06\xe5\
\xbc{\xd4n\xfe\xbc\xa4'F\x8e\x00L\x04\xc7eG\
\x09\xb4h\xfeS\xe6\x15o\x076\x08C\x07\x020\x94\
\x14\xf3\xc6\x10h\xd1\xfc\xf2\x8f\xe6\x17\x85\x11\x86\x00\x8c\
\x80\xc5\xd4A\x04Z5\xbf\xfe\xf7\x1f\xe4`\x84I\xb5\
|D\x00j\x91\xce\xb1O\xcb\xe6\xe7\x7f\xff\x095\x86\
\x00L\x80\xc6%;\x09\xd0\xfc;\xb1\xf4}\x12\x01\xe8\
;?Q\xbc\xa3\xf9\xa3dj\xcbO\x04`\x0b\x08\x0f\
G\x13\xa0\xf9G#;|A\xcdg\x11\x80\x9a\xb4\x97\
\xb7\x17\xcd\x1f<\xa7\x08@\xf0\x046t\x9f\xe6o\x08\
\xbf\xd4\xd6\x08@)\x92\xb9\xd6\xa1\xf9\x17\x92o\x04`\
!\x89\xac\x18\x06\xcd\xef\x08\xbb\xf6\xd2\x08@m\xe2\xb1\
\xf7\xa3\xf9c\xe7\xef\x1c\xef\x11\x80s\x90pb\x0f\x01\
\x9a\x7f\x0f\x98\xc8\xa7\x11\x80\xc8\xd9\xab\xe7;\xcd_\x8f\
u\xd5\x9d\x10\x80\xaa\xb8CnF\xf3WJ[\x8bm\
\x10\x80\x16\xd4\xe3\xecI\xf3\xc7\xc9\xd5$O\x11\x80I\
\xd8R\x5cD\xf3'H3\x02\x90 \xc9\x13B\xa4\xf9\
'@\x8bx\x09\x02\x101k\xbe>\xd3\xfc\xbe|w\
\xae\xde\xea$\x02\xd0\x8a|\x9f\xfb\xd2\xfc}\xe6\xc5\xcd\
+\x04\xc0\x0dm\xb8\x85\xf5\x81\x1a-\xfe\xa2\x8e>\xc9\
G{\x87\x03\xb6\x04\x87\x11\x80%dq~\x0cj\xc0\
\x16\x7fU\x97\xe6\x9f\x9f\xbbY+ \x00\xb3\xf0-\xe6\
b\x9a\xbfa*[n\x8d\x00\xb4\xa4\xdf\xc7\xde\xfa\xdf\
\xbf\xb6'\xfc\xcf_\x9b\xf8\x9e\xfd\x10\x80=`8\xed\
F\x80\xe6wC;~a\x04`<\xb3\xa5]\xf1\xb4\
\x8a\x01\xd1\xfc\x15a\x0f\xd9\x0a\x01\x18Bi\xd9sj\
}\xe7\x9f\xe6\xdfQG\xadO!\x00\xad3\xc0\xfe\x10\
hH\x00\x01h\x08\xbf\x93\xadOW\xf2C?ih\
\xf1\x0d\xc7J\xe1\xc5\xdc\x06\x01\x88\x99\xb7\x92^\x9f)\
\xb9\xd8\x91\xb5\x10\x81#\x80j?\x8d\x00\xd4&\xde\xdf\
~\xb5^\x01l\x22G\x04\xd6$z8 \x00=d\
\xa1\xad\x0f\x12\x00YM/\x10\x81\x9a\xb4\x0f\xec\x85\x00\
\x1c\x80\x93\xe8)}\x87\xbev\xb8\x88@m\xe2;\xf6\
C\x00v@IxJ\xaf\x00\x10\x81\x84\x89G\x00\x12\
&}O\xc8\xfa\x0e\xbd\x84`\xcf\xd3n\xa7S\xbe\x12\
p\xa39ra\x04`$\xb0\x85O\xbf\xdc\xe2C\x04\
\x0cB\x96\x81\x00d\xc9\xf4\xf08\x11\x81\xe1\xac\xc2\xcf\
D\x00\xc2\xa7\xd0%\x00D\xc0\x05k\x7f\x8b\x22\x00\xfd\
\xe5\xa4\x17\x8f\x10\x01\xa7L\xf4\xb4,\x02\xd0S6\xfa\
\xf3\x05\x11\xe8/'E=B\x00\x8a\xe2\x5c\xe4b\x88\
\xc0\x22\xd3zWP\x08\xc0]\x1c\xb8=L\x00\x118\
\xcc'\xec\xb3\x08@\xd8\xd4Uw\x1c\x11(\x80\xbc\xb7\
%\x10\x80\xde2\xd2\xb7?\x88@\xdf\xf9\x19\xed\x1d\x02\
0\x1aY\xfa\x0b\x10\x81\x05\x95\x00\x02\xb0\xa0dV\x0c\
\x05\x11\xa8\x08\xdbs+\x04\xc0\x93\xee\xb2\xd7F\x04F\
\xe6\xb7\xc7\xe9\x08@\x8fY\x89\xe3\x13\x22\x10'W;\
=E\x00vb\xe1\xe4\x08\x02\x88\xc0\x08X\xbdME\
\x00z\xcbHL\x7f\x10\x81\x98y[!\x00A\x13\xd7\
\xa1\xdb\x88\xc0\x81\xa4\xf4\xfa\x14\x02\xd0kfb\xfa\xd5\
R\x04j\xfd\x81\x93\x98\x99\xd9\xe35\x02\xb0\x07\x0c\xa7\
'\x13h)\x02\x93\x9d\xcez!\x02\x905\xf3\xbeq\
\xb7\x10\x01\xbd\x02\xd0\xc7\x9a\xf9F\xb6\xb0\xd5\x11\x80\x85\
%\xb4\xa3pZ\x88\x80>_PB\xd0\x11\x86\xd5\xaa\
gg\x10\x80\x9e\xb3\x13\xdf\xb7V\x22\x10\x9f\x5c\xa5\x08\
\x10\x80J\xa0\x13o\xd3B\x04\x12\xe3\x1e\x17:\x020\
\x8e\x17\xb3\xa7\x11\xa8)\x02|\x090\x22G\x08\xc0\x08\
XL\x9dE \xa5\x08\xcc\x22V\xe1b\x04\xa0\x02d\
\xb6\xb8\x9b@M\x11\xb8{S\xee\xec'\x80\x00\xecg\
\xc33>\x04j\x88@\x8b?n\xe2C\xcbyU\x04\
\xc0\x190\xcb\xef$\xe0)\x024\xffN\xe4\xbbO\x22\
\x00\xbb\xb9p\xd6\x9f\x80\x97\x08\x9c\xf1w}\xd8\x0e\x11\
f!\x00\x11\xb2\xb4\x5c\x1f\xbdD`\xb9\xc4\x0aG\x86\
\x00\x14\x06\xcar\xa3\x09\x94\x14\x81S\xb6;o\x076\
\x08C\x07\x020\x94\x14\xf3<\x09\x94\x12\x01\x9a\x7fd\
\x96\x10\x80\x91\xc0\x98\xeeF`\xae\x08\xe8z7\xe7\xc6\
.\x1ce>\x02\x10%S9\xfcT\x13\xebe\xfc\x98\
h\xf5]\xff{\xd8\x05:\xda\x811\x86\x00\x020\x86\
\x16sk\x10\xd0\xcb\xf8\xa1B\xa0y\xb2\x1a~-r\
\x0f\x04`\x91i\x0d\x1f\x94\xfe7\x97\x10\xe8\x7fv5\
\xb8^\x15lL\x8fezN\xf3\xc2\x07\xdb2\x00\x04\
\xa0%}\xf6\x1eB@M.1\xd8\x98\x1e\xcb\x86\x5c\
\xdbdN\xa4M\x11\x80H\xd9\xc2W\x08\x14&\x80\x00\
\x14\x06\xcar\x10\x88D\x00\x01\x88\x94-|\x85@a\
\x02\x08@a\xa0,\x97\x9b@\xb4\xe8\x11\x80h\x19\xc3\
_\x08\x14$\x80\x00\x14\x84\xc9R\x10\x88F\x00\x01\x88\
\x961\xfc\x85@A\x02\x08@A\x98,\x95\x9b@\xc4\
\xe8\x11\x80\x88Y\xc3g\x08\x14\x22\x80\x00\x14\x02\xc92\
\x10\x88H\x00\x01\x88\x985|\x86@!\x02\x08@!\
\x90,\x93\x9b@\xd4\xe8\x11\x80\xa8\x99\xc3o\x08\x14 \
\x80\x00\x14\x80\xc8\x12\x10\x88J\x00\x01\x88\x9a9\xfc\x86\
@\x01\x02\x08@\x01\x88,\x91\x9b@\xe4\xe8\x11\x80\xc8\
\xd9\xc3w\x08\xcc$\x80\x00\xcc\x04\xc8\xe5\x10\x88L\x00\
\x01\x88\x9c=|\x87\xc0L\x02\x08\xc0L\x80\x5c\x9e\x9b\
@\xf4\xe8\x11\x80\xe8\x19\xc4\x7f\x08\xcc \x80\x00\xcc\x80\
\xc7\xa5\x10\x88N\x00\x01\x88\x9eA\xfc\x87\xc0\x0c\x02\x08\
\xc0\x0cx\x5c\x9a\x9b\xc0\x12\xa2G\x00\x96\x90Eb\x80\
\xc0D\x02\x08\xc0Dp\x5c\x06\x81%\x10@\x00\x96\x90\
Eb\x80\xc0D\x02\x08\xc0Dp\x5c\x96\x9b\xc0R\xa2\
G\x00\x96\x92I\xe2\x80\xc0\x04\x02\x08\xc0\x04h\x5c\x02\
\x81\xa5\x10@\x00\x96\x92I\xe2\x80\xc0\x04\x02^\x02p\
\xc7\x04_\x8e]r\xefc\x13x\x1e\x025\x08\x0c\xd8\
\xc3\xa3V=zj\xe5%\x00\xff\x1a\x00i\xec\x94G\
\x8c\xbd\x80\xf9\x10hD\xc0\xa3V=z\xcaM\x00\xfe\
\xe6\x00\xfe\x22[\xf3\x01f\x0c\x08\xf4L@5\xaaZ\
-\xed\xa3GO\xb9\x09\xc0\x9fJG\xbf^\xef\x85\xeb\
#\x07\x08\xf4J\xc0\xabF]z\xca\xebK\x80\xdf;\
e\xe7uN\xeb\xb2,\x04\x06\x11\x180\xc9\xabF]\
z\xcaK\x00~=\x00\xd4\x94)\x97\xd8Eo4\xcb\
8\xee\x9b1\xe8`1\xab6U\xa3\x1en\xdf\xe6\xb1\
\xa8\x97\x00\xe8\xe5\xca_=\x1c\xb65?b\xf6$3\
\x06\x04z\x22\xa0\x9aTmz\xf8\xa4^\xfa\x9d\xc7\xc2\
^\x02 _\x7f\xaa\x1b\x07;\xcf\xd6\xfc\xa6\x99\x80\xdb\
\x81\x01\x81\xe6\x04T\x8b\xaaI\xd5\xa6\x873^\xbd\xe4\
\xf6M@A\xf8\xa1n\x9c\xec\xa1\xb6\xee\x8dfz\xc9\
e\x07\x06\x04\xfc\x09\xec\xd9A5\xa8ZTM\xee\x99\
2\xfb\xb4[/y\xbe\x02\xb8nv\xd8\x87\x17\x90\xda\
~\xdc\xa6\xfc\xdc\xec\xd5f\xfa\xf1\x8b\x1d\x16;\xfe\xbd\
\xd8\xc8\xe2\x05\xa6ZS\xcd\xa9\xf6T\x83\xaaE\xcf(\
\xdcz\xc9S\x00\xf45\xcbO<\xa9\xac\xd7\xd67]\
>k\xf7\xffnv\xb3\xd9w\xcc\xaeml\x97\xd9\xfe\
\xa5\x87\xd6l\x1dW\xf6\xfdU[\xaa1\xd5\x9ajN\
\xb5W:\xcf\xdb\xeb\xa9\x87\xd4K\xdb\xe7\x8b<\xf6\x14\
\x009\xf8\x15\xddT4\xbd\x01\xe39\xb6\xdf\x8b\x1a\xdb\
\x05\xb6\x7f\xe9\xa15[\xc7\x95}\x7f\xd5\x96j\xact\
n\x0f\xad\xe7\xdaC\xde\x02\xf0\x05\x8b\xec\x9ff\x0c\x08\
\x84&\xd0\xc8y\xf5\x8ez\xc8m{o\x01\xf8\x9fy\
\xae\xaf\x91\xec\xc0\x80\x00\x04F\x12P\xef\xa8\x87F^\
6|\xba\xb7\x00\xc8\x93\x0f\xdb\xcd\x7f\xcc\x18\x10\x80\xc0\
p\x02\xea\x19\xf5\xce\xf0+&\xcc\xac!\x00z\x13\xc3\
{'\xf8\xc6%\x10\xc8L@=\xa3\xdeqePC\
\x00\x14\xc0\xfb\xed\xe6Wf\x0c\x08\x84#\xd0\xc0a\xf5\
\x8az\xc6}\xebZ\x02\xa0@\xde\xae\x1b\x0c\x02\x108\
J\xa0Z\xaf\xd4\x14\x80\xeb-\xec\x0f\x9a1 \x00\x81\
\xfd\x04\xd4#\xea\x95\xfd3\x0a>SS\x00\xe4\xf6;\
\xed\xe6{f\x0c\x08@\xe0\x5c\x02\xea\x0d\xf5\xc8\xb9\xcf\
8\x9d\xa9-\x00\x0a\xe3evs\xab\x19\x03\x02\xdd\x13\
\xa8\xe8\xa0zB\xbdQq\xcb\x95\xeb/\x03\xed\x0b\xe4\
v{\xe2*3\x1d\xed\xc0\x80@z\x02\xea\x85&=\
\xd1\xe2\x15\x80\xb2\xfd\x0b\xbb\xd1\xdb*\x15\xb8\xdde@\
 -\x01\xf5\x80zA=Q\x1dB+\x01P\xa07\
\xd9\xcd\xb3\xcc\xf4\xd2\xc7\x0e\x0c\x08\xa4#\xa0\xdaW\x0f\
\xa8\x17\x9a\x04\xdfR\x00\x14\xb0T\xef\xa9vG\xdf\xfc\
\xb0\x03\x03\x02\xfd\x10p\xf6D5\xaf\xdaW\x0f8o\
\xb5\x7f\xf9\xd6\x02 \xcf\xf4\x12\xe8\x0a\xbb\xa3\x1f\x7f\xd8\
\x81\x01\x81\xc5\x13P\xad\xab\xe6U\xfbM\x83\xedA\x00\
6\x00\xf4\xe3\x8f+\xed\x81\xde\x05e\x07\x06\x04\x16G\
@\xb5\xad\x1aW\xadw\x11\x5cO\x02  z\x03\xc4\
\xe3\xed\xce\xbb\xcd\xf4\xcb\x10v`@ <\x01\xd5\xb2\
jZ\xb5\xad\x1a\xef&\xa0\xde\x04`\x03F\xef\x83\xd6\
\x9fW\xd2Q\xbf\x13\xbd9\x12F\x1c\x9c\x00\x00\x01\xa7\
IDAT\xcf\x11\x02U\x08\x14\xdaD\xb5\xab\x1a\xde\
\xd4r\xa1e\xcb-\xd3\xab\x00(B\xfd&\x94T\xf3\
|{\xf0\x063}4\x92\x1d\x18\x10\xe8\x9e\x80jU\
5\xab\xdaU\x0d\xab\x96\xbbt\xbag\x01\xd8\x00\xd3\x07\
\x22|\xca\x1e\x5cj\xf6h\xb3\xb7\x98}\xdb\xac[\xa8\
\xe6\x1b#\x17\x01\xd5\xa2jR\xb5\xa9\x1aU\xad\xaaf\
U\xbb]\x93\x88 \x00'\x01\xea\xc3\x11?f'\x9e\
o\xf6\x10\xb3\x87\x9b=\xd3L\x7f\x8e\xe9\x94\x1d\xf5\xdc\
\xe7\xed\xf8\xa5\x8e\xedk\xe6\xdb\x0df\xb7\x98\xfdfm\
\xba\xafsz\xaeg\xdf\xb3\xfb\xa6\xdaR\x8d\xa9\xd6T\
s\xaa=\xd5\xa0jQ5\xa9\xe7T\xa3\x96\xd6\x18#\
\x9a\x00lS\xd5_ \xd2g\xa6\x7f\xc6\x9e\xb8\xc6L\
\x0a\xac\x8fk~\x85\xdd\xef\xd5^b\xbe=\xdd\xecb\
\xb3\x0b\xd7\xa6\xfb:\xa7\xe7z\xf5;\x8d_\x96\x93}\
\xb1\xaa\xb6Tc\xaa5\xd5\x9cjO5h\x97\xc4\x1c\
\xd1\x05 &u\xbc\x86@'\x04\x10\x80N\x12\x81\x1b\
\x10hA\x00\x01hA\x9d=!\xd0\x09\x01\x04\xa0\x93\
D\xe0F\x1f\x04\xb2y\x81\x00d\xcb8\xf1B\xe0\x04\
\x01\x04\xe0\x04\x0c\xeeB \x1b\x01\x04 [\xc6\x89\x17\
\x02'\x08 \x00'`p77\x81\x8c\xd1#\x00\x19\
\xb3N\xcc\x10X\x13@\x00\xd6 8@ #\x01\x04\
 c\xd6\x89\x19\x02k\x02\x08\xc0\x1a\x04\x87\xdc\x04\xb2\
F\x8f\x00d\xcd<qC\xc0\x08 \x00\x06\x81\x01\x81\
\xac\x04\x10\x80\xac\x99'n\x08\x18\x01\x04\xc0 0r\
\x13\xc8\x1c=\x02\x909\xfb\xc4\x9e\x9e\x00\x02\x90\xbe\x04\
\x00\x90\x99\x00\x02\x909\xfb\xc4\x9e\x9e\x00\x02\x90\xbe\x04\
r\x03\xc8\x1e\xfd\x9d\x00\x00\x00\xff\xff\xc5\xe9\xf7l\x00\
\x00\x00\x06IDAT\x03\x00\x05:\xb8.X\x8a\xd2\
e\x00\x00\x00\x00IEND\xaeB`\x82\
\x00\x00%\xed\
\x89\
PNG\x0d\x0a\x1a\x0a\x00\x00\x00\x0dIHDR\x00\
\x00\x01\x00\x00\x00\x01\x00\x08\x06\x00\x00\x00\x5cr\xa8f\
\x00\x00\x10\x00IDATx\x01\xec\x9d\x09\x905U\
u\xc7\xc7\xc4-\xa5q7\xa5q\x8d[4\x9a\x88(\
J\xa2\x89\xe2R\x1aq\x89\xa8\x10\x17\x02\xaeqe\x11\
\xac\x80\x11\x08`\x84\x94(\x9bQ\xa3\xa8\x10P\x03(\
\x06\x15\x02\x05\x08$\x9a\x80 b\x22\xd1\x08\x18\x04\x8d\
T\x10E\x22\x15q\x01\xff\xbfa\xe6\xfb\xe6\xcd\xbc\xd7\
\xddw9\xb7ow\x9f\xa9s\xde\xed\xd7}\xefY\xfe\
\xf7\x9c\xf3\xde\xbc\xee\xbe\xfd+K\xfe\xe7\x088\x02\x93\
E\xc0\x0b\xc0d\xa7\xde\x1dw\x04\x96\x96\xbc\x00x\x14\
8\x02\x13F\xc0\x0b\xc0\x84'\xdf]\x9f6\x02x\xef\
\x05\x00\x14\x9c\x1d\x81\x89\x22\xe0\x05`\xa2\x13\xefn;\
\x02 \xe0\x05\x00\x14\x9c\x1d\x81\x89\x22\xe0\x05`\xa2\x13\
\xefnO\x1b\x81U\xef\xbd\x00\xac\x22\xe1\xad#0A\
\x04\xbc\x00Lp\xd2\xddeG`\x15\x01/\x00\xabH\
\x8c\xb3\xbd\xad\xdc\xba\x97\xf8\xb7\xc5\x8f\x13?Y\xfcL\
\xf1\xf3\xc4\xdb\x89_\xb4\xc2l\xb3\x8fc\xf4\xa1/c\
\x18\x8b\x0cus\x1a#\x02^\x00\x86;\xab\xb7\x93\xe9\
\x8f\x14\x93\xb8\xbb\xa8}\xb7\xf8x\xf1\xbf\x88/\x15\xff\
H|\xa3\xf8{\xe2o\x88/\x10\x9f#>M|\xb2\
\xf8S\xe2\x13W\x98m\xf6q\x8c>\xf4e\x0cc\x91\
\x81,d\x22\x1b\x1d\xe8B'\xba\xb1\x01[$\xcai\
\x08\x08\xac\xb5\xd1\x0b\xc0Z4\xea\xdd~\x84L{\x89\
\xf8\x9d\xe2\xcf\x88I\xc6\x9f\xa8\xfd\x9a\x98\xc4=\x5c\xed\
[\xc4\xdb\x8b\x9f$~\x88\xf8N\xe2\x5c\x84,d\x22\
\x1b\x1d\xe8B'\xba\xb1\x01[\xb0\x09\xdb\xb0\x11[\xb1\
9\x97~\x97c\x84\x80\x17\x00#`\x13\xc4\xdeCc\
\xf9d%\x91\xce\xd26\x9f\xbe\xff\xa9\xf6\xe3\xe2\xbd\xc5\
\xcf\x15\x93\x8cj\xaa\x22l\xc26l\xc4Vl\xc6v\
|\xc0\x17|\xc2\xb7\xaa\x8c\x9e\xba1^\x00\xfa\x8f\x80\
;\xc8\x04\x92\xe3P\xb5\x17\x89\xaf\x11\xf3\xc9J\x22=\
U\xdb|\xfa\xaa\x19$a;>\xe0\x0b>\xe1\x1b>\
\xe2+>\xe3\xfb \x1d\x1b\x8b\xd1^\x00\xfa\x99I\xbe\
\x1e\xef!\xd5g\x88\x7f,&9vS\xfb\x18\xf1\xd8\
\x09\x1f\xf1\x15\x9f\xf1\x1d\x0c\xc0\x02L\xc6\xee{\xef\xfe\
\xad7\xc0\x0b\xc0zD\xec\xdeo)\xd1\x07\x88\xbf*\
\xe6\xeb\xf1!j\x9f.\x9e:\x81\x01X\x80\x09\xd8\x80\
\x11XM\x1d\x97\x22\xfe{\x01\xb0\x85\xf9\xa1\x12\xffv\
1\x81\xfde\xb5\xfb\x88\x7fO\xec4\x1f\x01\xb0\x01#\
\xb0\x023\xb0\x03\xc3\xf9\xbd}o2\x02^\x00\x92!\
\xdc \x00Lw\xd2^\xbe\xda~S\xed\x81b\x02[\
\x8dS\x00\x02`\x06v`\x08\x96`\x0a\xb6\x01\x22\xbc\
k\x1b\x02\x0eh\x1bB\xdd\x8f\x13\xb0\xfc\xb8u\xad\x86\
\x1c-\xe6\xab\xad\x1a\xa7\x0c\x08\x80%\x98\x82-\x18\x83\
u\x06\xb1\xd3\x121\xcf[/\x00\xf3P\x09\xdb\xc7\xaf\
\xd9\x9f\xd3\x10\xbe\xb2\xf2\xe3\xd6]\xb4\xedd\x83\x00\xd8\
\x821X\x839\xd8\xdbh\x9a\x88T/\x00\xf1\x13\xfd\
j\x0d\xe5\x94\x16\xbffo\xabm\xa7\xb2\x08\x809\xd8\
3\x07\xccEY\xed#\xd1\xe6\x05 |\x22w\xd5\x90\
o\x89?$\xe6\x94\x96\x1a\xa7\x1e\x11`\x0e\x98\x0b\xe6\
\x84\xb9\xe9\xd1\x94\xe1\xa9\xf6\x02\xd0}\xce\x08\xae+\xd5\
\xfd0\xf1o\x89\x9d\xeaB\x809an\x98#\xe6\xaa\
.\xebz\xb6f\x91z/\x00\x8b\x90\xd9\xbc\x9f\xaf\x97\
\x97\xe9-\xc1u?\xb5Nu#\xc0\x1c1W\xcc\x19\
sW\xb7\xb5=[\xe7\x05`\xf1\x04\xf0\x03\xd3\x97t\
\x98\xaf\x97\x0fV\xeb4,\x04\x983\xe6\x8e9d.\
\x87e}!k\xbd\x00l\x04\x9aSL'i7?\
0m\xa5\xd6i\xd8\x080\x87\xcc%s\xca\xdc\x0e\xdb\
\x9b\xcc\xd6{\x01\xd8\x0c(X\x1c\xa4\xb7\x9cbz\x81\
Z\xa7q!\xc0\x9c2\xb7\xcc1s=.\xef\x1a\xbc\
i:\xe4@\xdc\x82\xce\x8b\xd5p\xc5\xd9^j\x9d\xc6\
\x8d\x00s\xcc\x5c3\xe7\xe3\xf6\xb4\x83wS/\x00,\
yu\xacp:A\xcc\xff\x8cj\x9c&\x80\x00s\xcd\
\x9c3\xf7\xc4\xc0\x04\x5c\x9e\xef\xe2\x94\x0b\x00\xd7\x96_\
\x22X^.v\x9a&\x02\xcc=1@,L\x12\x81\
)\x16\x80\xbbi\xa6\xa9\xfc\x5c[\xce\xb6\xde:M\x18\
\x01b\x80X &\xd8\x1e\x15\x14m\xceL\xad\x00p\
:\xe8b\x81B\xe5W3*\xfa?y\xc3\x8f\x5c\xfc\
\xe2\xfd^m\xb3\x0a\xcf+\xd4>G\xfc\xfbb\x16\xdc\
\xb8\xaf\xda\xbb\x8a\x7fM|k\xf1\xadV\x98m\xf6q\
\x8c>\xf4e\x0cc\x91\x81,d\x22\x1b\x1d\xe8\xd2\xd0\
Q\x111Al\x10#\xa3r\xac\xc9\x99)\x15\x00~\
\xfd%\x80\xb9P\xa4\x09\x93\xda\x8f\xfdB\x06\xb2j\xef\
Qj\xb9\xe2\x8d;\xe5HZ\x96\xdf\xdaB\xfb\xfeD\
\xfcf\xf1\xc1b>\xd9NQ{\x9e\x98U~\xbf\xab\
\xf6:1\x8bx\x22G\x9b\xcb\xc46\xfb8F\x1f\xfa\
2\x86\xb1\xc8@\x162\x91\x8d\x0et\xa1\x13\xdd\xd8\x80\
-\xd8\x84\x9ce\x81\x03}!6\x88\x11be\xa0.\
\x84\x99=\x85\x02\xc0%\xa2\xdcO\xce\xaf\xbfa\xe8\xd4\
\xd1\xfbj\x99\xf1I\xf1\xeeb>\x95Y\x82\xfb\xf1\xda\
~\x8d\xf8\x081\x8bn\x92\xb4\xda,J\xe8D76\
`\x0b6a\x1b6b+6c{Q\xa32)#\
V\x88\x19b'\x93\xc8:\xc5\x8c\xbd\x00\xf0u\x8e+\
\xc1\xf8\xa4\xaas\x06\xe6[u\xbav\xef)\xe6F\x97\
{\xab\xe5\x94\x15\x97\xb7\xf2\xa9\x5c\xf3\xa7,\xb6a#\
\xb6b3\xb6\xe3\x03\xbe\xe0\x93\x5c\x19\x0c\x113\xc4\x0e\
14\x18\xa3\xd7\x1a\xdae{\xcc\x05\xe0/\x04\x00_\
\xe7\x86\xb0\x145\xffS\x1f'{w\x10\xdfQ\xfc,\
1\x0f\xdf\xe0\x7fRm\x0e\x9a\xf0\x01_\xf0\x09\xdf\xf0\
\x11_\xf1\xb9v\xc7\x88\x1db\x88X\xaa\xdd\xd6(\xfb\
\xc6Z\x00\xf8\x9f\x94\xff[\xa3@)8\x88\xa7\xec\xf0\
x.\xfe\xa7\xdeQz97}\x83\xda\xb1\x12\xbe\xe1\
#\xbe\xe23\xbe\x83A\xed\xfe\x12K\xc4T\xedv\x06\
\xdb7\xb6\x02\xc0E\x1d\xfc_\xfa\xaa`$\xca\x0d8\
_\xaa\xde$\xe6\x17\xf7?U\xcbc\xb9\xd4L\x92\xf0\
\x1d\x0c\xc0\x02L\xc0\xa6V \x88)b\x8b\x18\xab\xd5\
\xc6`\xbb\xc6T\x00XJ\xfa\x5c!\xc0\x83(\xd4T\
G\x1f\x91E<Zkk\xb5\x7f+\xe6\x17w5N\
B\x00,\xc0\x04l\xc0\x08\xac\xb4\xbb:\x22\xb6\x881\
b\xad:\xe3\xd6\x1a\xd4u{,\x05\x80\xff/\xcf\x96\
\xd3\x0f\x13\xd7D<\x09g\x7f\x19\xc4\x8fa|\x82|\
Q\xdbN\xcd\x08\x80\x11X\x81\x19\xd8\x81a\xf3\x88\xb2\
G\x891b\x8d\x98+\xab\xd9@\xdb\x18\x0a\x00\x0f\xa2\
\xfc'a\xc3\xff\x94j\xaa\xa0o\xcb\x0aN\x85\x11\xc4\
\x7f\xa5\xed\xa1\x9e\x0e\x93\xe9\xbd\x11\x98\x81\x1d\x18\x82\xe5\
\x15\xbdY\xb2Q1\xb1F\xcc\x11{\x1b\x8f\x0eh\xcf\
\xd0\x0b\xc0k\x855\x0f\xa2TS\x05]%+\xb80\
\xe6\x81j9\x15\xc6i1m:% \x00\x86`\xc9\
9y\xb0\x05\xe3\x04qY\x87\x12{\xc4`V\xa1%\
\x85\x0d\xb9\x00\x10\x0c\x7fW\x12\xac\x06]\x9c\xd2\xe2r\
\xd9\xfb\xab\x0f\x17\xc6\xa8q2@\x00l\xc1\x18\xac\xc1\
\xdc@E\xb0Hb\x90X\x0c\x1eh5 D\xeeP\
\x0b\xc0\x1er\x92O\x055\xbd\xd3\xe1\xb2\x80O'N\
\x15i\xd3\xa9\x00\x02`\x0d\xe6`_@]\xab\x0ab\
\x91\x98l\xedX[\x87!\x16\x00\x80\xe6a\x92}c\
y\xaa\x0cx\x9c\x98\x07U\xf0\xc4\x1am:\x15D\x00\
\xcc\xc1\x9e9`.\x0a\xaa\x9e\xab\x8a\x98$6\xe7\x1e\
\xacu\xe7\xd0\x0a\x00_\xb5\x00\xbaO<\xf9q\x8a;\
\xe4x0\x05\x0f\xb1\xec\xd3\x16\xd7\xbd\xb4\xc4\x1c0\x17\
\xcc\x09s\xd3'&\xc4&1\xda\xa7\x0dA\xba\x87T\
\x00^+\xcf\xf8\xaa\xa5\xa67\xe2j0n\x95\xe5\x0e\
\xb9\xde\x8cp\xc5s\x11`N\x98\x1b\xe6hn\x87B\
;\x89Qb\xb5\x90\xbaY5\xa1\xef\x86R\x008\xdd\
\xc2\x8f-\xa1\xfe\xe5\xea\xcf/\xcf\x5c\xb6\xca]o\x5c\
\xb4\x92K\xae\xcb\xc9\x8b\x00s\xc3\x1c1W\xccY^\
\xe9\xdd\xa5\x11\xab\xc4l\xf7\x11=\xf5\x1cB\x01\xe0\x82\
\x0bN\xb7\xf4\x04\xd1\x127\xae\xb0\x9c4\x97\xad\xf6e\
\x83\xeb\x0dC\x80\xb9b\xce\x98\xbb\xb0\x91\xf9z\x13\xb3\
\xc4n>\x89\x06\x92j/\x00\x5cr\xd9\xe7\xcd\x22\xaf\
\x17\xe6\xdc\xb8\xc2'\x8b6\x9d\x06\x84\x00s\xc6\xdc1\
\x87}\x99M\xec\x12\xc3}\xe9o\xd5[s\x01\xe0\xa6\
\x8bO\xc8\x03\xae\xbaRS\x94x\xe2,\xbf.\x7f\xa0\
\xa8VWf\x81\x00s\xc8\x5c2\xa7\x16\xf2\x9bd\x12\
\xbb\xc40\xb1\xdc\xd4/\xcb\xb1\x18!5\x17\x80\x8f\xc9\
!\xae\xbbVS\x94\x8e\x916V\xb7\xe1\xd7em:\
\x8d\x00\x01\xe6\x929enK\xbbC\x0c\x13\xcb\xa5\xf5\
v\xd2Wk\x01\xe0\x97\x5c\xee\xbc\xea\xe4D\xc6N\x5c\
a\xb6\xb3\xe4q\xf9\xa9\x1a\xa7\x11!\xc0\x9c2\xb7\xcc\
qi\xb7\x88eb\xba\xb4\xdeV}5\x16\x00V_\
\xe1n\xb0V\xe33v\xf8\x99d\xb1R\x0dW\x98i\
\xd3i\xc4\x080\xc7\xcc5s^\xd2Mb\x9a\xd8.\
\xa9\xb3UWm\x05\x80\xf5\xd7\x98\xa0V\xc33v\xe0\
\xce\xbd?\x92<V\xaaQ\xe34\x01\x04\x98k\xe6\xbc\
\xf4\x1d\x86\xc461\x9e\x1d\xe2X\x815\x15\x00\xae\xed\
\xfep\xac#\x91\xe3X\xca\xfa)\x1a\xcbB\x96j\x9c\
&\x84\x00s\xbe\x8d\xfc%\x06\xd4\x14#b\x9cX/\
\xa6\xb0IQM\x05\xe0\x832\x94E\x18\xd5\x14\xa13\
\xa5\x85\x95_K\x7f\x0aH\xadS%\x080\xf7O\x93\
-\xc4\x82\x9a\x22D\x8c\x13\xebE\x94\xb5)\xa9\xa5\x00\
\xf0 \x06\x92\xb1\xcd\xde\x5c\xc7Y\xe9\xf5\x19\x12v\xbd\
\xd8i\xda\x08p[1\xb1@L\x94B\x82X'\xe6\
K\xe9[\xa8\xa7\x86\x02\xc0\xffD<\x88a\xa1\x91\x99\
\x0f\xf0\xc0\x0a\x9ep\x93Y\xac\x8b\x1b8\x02\xc4\x04\xb1\
Q\xca\x0db\x9e\xd8O\xd6\x97\x22\xa0\xef\x02p7\x19\
\xcf3\xe7\xd4\x14!&\x98\x07V\x14Q\xe6J\x06\x87\
\x00\xb1A\x8c\x942\x9c\xd8'\x07J\xe9\xdb\xa0\xa7\xef\
\x02\xc0\x82\x0e<\x8fm\x83a\x06;\xf8\x8a\xc7\x04\x1b\
\x88v\x91#B\x80\x18!VJ\xb8D\xec\x93\x03%\
t\xcd\xd5\xd1g\x01\xd8I\x16\xf1DV5\xe6\xc4\x8f\
<|\xc53W\xe4\x0aF\x81\x00\xb1B\xcc\x94p\x86\
\x1c \x17J\xe8\xda\xa0\xa3\xaf\x02\xc0\xb5\xd1\xef\xd9`\
\x8d\xcd\x0eN\xf3lg#\xda\xa5\x8e\x18\x81\x17\xca7\
bG\x8d9\x91\x0b\xe4D\xb0\xa2\xd4\x01}\x15\x80w\
\xc9\xf0\x12\xff\xfbp\x9ag{\xe9\xe2\x97^5N\x8e\
@g\x048CD\xecp\xa1X\xe7A\x91\x1d\xc9\x05\
r\x22rx\xfc\xb0>\x0a\x00\xffc\xf1\xb5'\xde\xea\
n#\xb9\xd4\x93E\x19(\x02\xddFx/G`\x16\
\x01b\x87G\x97\x11K\xb3G\xf2\xbf#'\xc8\x8d\xfc\
\x92\x1b$\x96.\x00\xe8+u\xfe\x13@\xb9\xda\xab\xc1\
}?\xe4\x08\xb4\x22@\x0c\x11K\xad\x1d3t 7\
\xc8\x91\x0c\xa2\xba\x89(\xaaL&\xfd\xb5\xf8\xc1bk\
\xe2\x8e/\xae\xf7\xb6\xd6\xe3\xf2\xa7\x81\x00\xb1DLY\
{Kn\x90#\x9d\xf4\xe4\xe8T\xb2\x00\xb0D\x13\x17\
?\xe4\xb0\xbbI\x06\xf7|s\xd3ES\x1f?\xe6\x08\
\x84\x22@L\x11[\xa1\xe3B\xfb\x93#\xe4J\xe8\xb8\
\xa8\xfe%\x0b\x00\xcfy\x8b22`\x10\xab\xbep\xdb\
e\xc0\x10\xef\xea\x08tF\x80\xd8\x22\xc6:\x0f\x88\xec\
X\x22W\x96M+U\x00\xb8\xe4\xf1\x05\xcb\x1am_\
X\x8e\x99\x85\x1fl\xb5\xb8\xf4\xa9\x22@l\x11c\xd6\
\xfe\x93+\xe4\x8c\xb5\x9e\xa5R\x05\xe0\xed\xe6\x9e,-\
\xb1\xf8#K?\x15P\xe5*&\x8c\x001F\xacY\
C\xd0\x983\xb9\x94\x97(\x00\xaf\x96\xb1[\x89-\x89\
\xe5\x9fY\xfc\xd1R\x87\xcbv\x04V\x11 \xd6\x88\xb9\
\xd5\xf7\x16-9C\xeeX\xc8\xde$\xb3D\x01\xe0G\
\x8dM\x0a\x0d6x\x00\xc4\x9b\x0d\xe4\xbaHG\xa0\x09\
\x01b\x8e\xd8k\xea\x93z\xcc:w\xcc\xff\x05\xe09\
i\x9c\xdaH\x05\xa2i\xfc\xee:\xc8\x1a\xf0j\x9c\x02\
\x11`5$8p\x98w\x17\x02\xc4\x1c\xb1\xa7M3\
\x22w\xc8!3\x05\xd6\xdf\x00\xac\x9f\x96\xcaJ\xab<\
\x05\xc6\x0c\xa0\x91\x09&\xd9\xcf\x96O\xf0\xcd+\xed\xda\
m~}\x86u\xc8\xa9\x03\x02\xc4\x1e1\xd8\xa1kt\
\x97\x0d9\x14-i\xce@\xcb\x02@\xe5\xe2v\xc79\
j\xb3\xec\xbaZR\xde*v\xea\x86\x00\x89M\xb2S\
\x04\xe0\xf5\xa3\xd8\xb7\x9fv\xc2\xf4\xd5\xa6S\x07\x04\x88\
Ab\xb1C\xd7\xa8.\xe4\x10\xb9\x145\xb8m\x90u\
\x01h\xd3\x9fr\x9c+\xb3\xf8\x1a\x96\x22c\x0acI\
l\x12\x9f\xc4\xee\xea/}\xf9\x86\xe0\x85\xa0\x1d1b\
\x90Xl\xef\x19\xdfcp\x05\x80_/-W>=\
UX\x1e-vjG\x80\xe4\xa7\x08\xb4\xf7\xdc\xd8\x83\
B\xe0E`#.\xeb\xf7\x10\x8b\xc4\xe4\xfa\xfd\xb9\xde\
\x93K\xe4T.y\x9b\xe4X}\x03x\xc3&\x0d6\
\x1b\xfb\xda\x88\x1d\x9d\xd4\x1c\xc9\xebE\xa0[XX\xc7\
\xe4rNu3\xa5{/\x8b\x02\xc0\x15L\x8f\xe9n\
BpO\x96P\xe2b\x8c\xe0\x81\x13\x1b@\xf2\x93\xbc\
9\xdcF\x0e\xf2r\xc8\x1a\xab\x0cb\x92\xd8\xb4\xf2\x8f\
\x9c\x22\xb7\xb2\xca\xb7(\x00\x96\x97J\xb2\xb0\xc7\x81Y\
\x11\x18\xaf0\x926\xa7w\xc8\xf3\x22\xd0\x8c(\xb1I\
\x8c6\xf7\x8a?\x9a=\xb7r\x17\x00\xeeb\xda6\xde\
\xbf\xd6\x91\xefT\x8fk\xc5N\xfd \xe0E\xa0\x19w\
b\x93\x18m\xee\x15\x7f\x94\xdc\x22\xc7\xe2%\xac\x1b\x99\
\xbb\x00\xbcb\x9d\xfc\x9co\xb9\xea\x8a[2s\xca\x1c\
\xab,\xcbOj/\x02\xcdQC\x8c\x12\xab\xcd\xbd\x22\
\x8e\xae\x0c\xc9\x9ac9\x0b\x00\xb2v^1\xd2\xa29\
\xc4B\xa8\xcb\x8cB\xc0\x8b@3l\x96\xb1J\x8e\x91\
k\xcd\x16t<\x9aM\x90\xf4\xed(\xbe\x8b\xd8\x82X\
\x9b\xed\x08\x0b\xc1#\x95\xf9\xe4\x02~y\x11X\x0c2\
\xb1j\xb5\x98(9F\xae-\xd6\x1ep$g\x01\xb0\
\x5c7\xcd\xf2\xd7\xd5\x00\xb8\x06\xd3u\xffB\x96z\x11\
X\x0c\xf4a\x8b\x0f%\x1f\xc9\x96k\xb9\x0a\xc0C\xe5\
\x12\x0f<T\x93\x9d\xae\x91\xc4#\xc5Nu\x22\xe0E\
`\xfe\xbc\x10\xb3\xc4\xee\xfc\xa3\x81{\xd7u'\xd7\xc8\
\xb9u\xbb\xc3\xdf\xe6*\x00;\x84\xab\xee<\xe2}\xea\
\xc9J,j\x9c:\x22pN\xc7~\xb9\xbay\x11\xd8\
\x88$1K\xecn<\x92gO\x96\x9c\xcbU\x00,\
\xd73g\xf1\x85<\x90MK\x8a\x17\x81\xfe\xe7\xdb2\
v\xb3\xe4\x5c\x8e\x02\xb0\xa5p\xceznR\xf2V\xe9\
#\xda\xb0\xbc\xd3J\xe2GK\xa5~\x07X\x0b\xa0\x7f\
\x13X\x8b\xc6\xd2\x12\xb1K\x0c\xcf\xee\xcd\xf3\x8e\x9c#\
\xf7\x92\xa4\xe5(\x00<H1\xc9\x88\x86\xc1V\xe05\
\xa8\x1c\xcd!\xbe\x01x\x11\xe8\x7f:\x93c\xb8\xc1\x85\
\xe4\xdc\xcbQ\x00\x9e\xdf``\xca\xa1\xf35\xf8\x8bb\
\xa7x\x04\xb8 \x88B\x10/!n\xa4\x7f\x13\xd8\x8c\
\x1b1L,o\xde\x93o+9\xf7R\x0b\xc0#\xe4\
\x0b_E\xd4d\xa7c\xb3K\x9c\xa6\xc0m\xe4\xb6\x17\
\x01\x81\xd0#Y\xc52\xb9G\x0eF\xbb\x96Z\x00\x9e\
\x1d\xad\xb9}\xe0\xc7\xda\xbbx\x8f\x8e\x08x\x11\xe8\x08\
\x94Q7\xcbXN\xca\xc1\xd4\x02\xf0,#\xc0\x8e\x97\
\x5cVZQ\xe3\x94\x09\x01/\x02\x99\x80\x8c\x10C,\
\x13\xd3\xc1C;\x0cH\xca\xc1\x94\x02p\x07\x19\xc7\x05\
\x09j\xb2\xd3\x89\xd9%\xba@\x10\xf0\x22\x00\x0a\xfd\xb0\
UL\x93\x83\xe4b\x94W)\x05\xe0iQ\x1a\xdb\x07\
q?5\xab\xad\xb6\xf7\xf4\x1e1\x08x\x11\x88A-\
}\x0c1Ml\xa7K\xda(!:\x17S\x0a\x00\x81\
\xb4\xd1\x94\xf4='\xa7\x8bp\x09-\x080w\xfe\xc3\
`\x0bH\x06\x87\xadb\x9b\xf9\x8c27\xa5\x00X\xdd\
q\xf6\xd9(O|P(\x02\x04\x8d\x17\x81P\xd4\xd2\
\xfa\x07\xc5v\x80\xaa\xe8\x5c\x8c-\x00\xf7\x90q\xacQ\
\xa6&;\x9d\x92]\xa2\x0b\x5c\x84\x80\x17\x81E\xc8\xd8\
\xec\xb7\x8amr\x91\x9c\x0c\xb6:\xb6\x00\xfcA\xb0\xa6\
n\x03NW\xb7\x1b\xc4N\xe5\x10\xf0\x22P\x0ekb\
\x9b\x18\xb7\xd0\x18\x95\x93\xb1\x05`k\x0b\x0f$\xf3\x0c\
\xb1Sy\x04\xbc\x08\x94\xc3\xdc*\xc6\xa3r2\xb6\x00\
<\xc1\x08\xaf\xb3\x8c\xe4\xba\xd8v\x04\xbc\x08\xb4c\x94\
\xa3G\xa7\x18\x8fP\x14\x95\x93\xb1\x05\xe0q\x11\x06\xb6\
\x0d\xe1\xce\xa9\x8b\xdb:\xf9qS\x04\xbc\x08\x98\xc2\xbb\
,\x9c\x18'\xd6\x97\xdfd|\x89\xca\xc9\x98\x02\xc0\xb5\
\xc7w\xcah\xf8\xaa\xa8/\xacnx\xdb+\x02^\x04\
\xec\xe1\xb7\x88ur\x92\xdc\x0e\x00t\xc4\x00\x00\x10\x00\
IDAT\x0c\xb2>\xa6\x00l\x11\xa4\xa1{g\xee\
\x9a\xea\xde\xdb{Z\x22\xe0E\xc0\x12\xdd\xa5%\xabX\
\x0f\xce\xcd\x98\x02\xf0\xbbF\xd8\x9cg$\xd7\xc5\xc6!\
\xe0E \x0e\xb7.\xa3\x1ac\xbd\x8b\x80\x05}\x82s\
3\xa6\x00<j\x81\xf2\x94\xdd\xac\x9fvA\x8a\x00\x1f\
k\x82\x80\x17\x01\x13X\x97\x88ub>\xb7\xf4\xe0\xdc\
\x8c)\x00\xc1\xffgt\xf0\xf2\x22\xf5\xb1\x00Db\x9d\
\x12\x11\xf0\x22\x90\x08\xe0\x9c\xe1\xc4:1?\xe7P\xd2\
\xae\xe0\xdc\x0c-\x00\xb7\x93y\x0f\x11\xe7\xa6\xaf\xe6\x16\
\xe8\xf2\xb2\x22\xe0E +\x9c\xcb\xc2,b\x9e\xdc$\
G\x97\x15ty\x09-\x00(\xe8\x227\xb4\xcf\x7f\x84\
\x0e\xf0\xfe\xc5\x11\xf0\x22\x90\x17\xf2\xb91\x9fAEP\
\x8e\x86\x16\x80\x07g0p\x9e\x88K\xe6\xed\xf4}\xd5\
!\xe0E \xdf\x94X\xc5|P\x8e\x86\x16\x80\x07\xe6\
\xf3\x7fF\xd27f\xde\xf9\x9b\x9a\x11\xf0\x22\x90gv\
\xacb>(GC\x0b\xc0\x03\xf2\xf8>#\x85E\x12\
\xbe;\xb3\xc7\xdf\xd4\x8e\x80\x17\x81\xf4\x19\x22\xe6\x89\xfd\
tI\xb3\x12\x82r4\xb4\x00\xdcwVW\x96w\xdf\
\xca\x22\xc5\x85\x94F\xc0\x8b@:\xe23\xb1\x9f.n\
YBP\x8e\x86\x16\x80\xdf\x5cV\x91\xf7\xe5\x8a\xbc\xe2\
\x5cZA\x04\xbc\x08\xa4\x81m\x11\xfbA9\x1aZ\x00\
\xee\x95\xe6\xef\xdc\xd1W\xcd\xdd;\xac\x9d\xb7\x92\xb9$\
\xc3^j\xdf/>z@\xcc\xc3CR\xf8\xdb\xf2\xf5\
\x1aqi\x1a\xc3\xc3G,b?(GC\x0b\xc0o\
\x18\xcc2\xff\x0b\x19\x88-\x22\x92s\xae\x07H\xd3\xb5\
\xe2\xcf\x8b\x0f\x12\xbfN\xbc\xd3\x80\x98DJa|\xbd\
\xa7\xfc\xed\x83\xb0\x1b\xfc\xfb\xd0\x9dC\xa7E\xec\x07\xe5\
hH\x01\xb8\xad<\xe6\x8e#5Y\xc9\xe2\xd6\xc8\xac\
\x06.\x10\xc6J\xac\x9c\xca\xd9G\xc7\xef*v\xea\x07\
\x01\xf0?\xa6\x1f\xd5\xc9Z7\xc5~\xb2\xa4\xcd\x02\xc8\
Qru\xf3\x9e\x86\xad\x90\x02p\xb7\x069)\x87\xfa\
\xf8\xfa\x98b/c\xb7\xd3\xcb\x99\xe2\xa0s\xae\xea\xef\
d\x83\xc0\x9fI,\x85@\xcd\xa0\xc8*\xf6;\xe7j\
H\x01\xb8\xb3\x11\xb4|}6\x12m\x22\xf6\xb1\x92\xca\
\x1a\xefj\x9c*B\x80\x7f\x05\x98\x9b\x8aLj5\xc5\
*\xf6;\xe7jH\x01\xf8\xf5Vw\xe2:\xf0\xd8\xa4\
\xb8\x91\xfd\x8c:\xac\x1f\xb5\xae\xb5\x03\x02'u\xe8S\
S\x17\xab\xd8\xef\x9c\xab!\x05 \xfa\xf1C-\x88[\
\x5c\x0c\xd1\xa22\xfa\xf0K5\xf2Ib\xa7:\x11\xb8\
\xbf\xcc:P<\x14Z\x8e}\x03c;\xe7jH\x01\
\xb8\xbd\x81\xa1\x88d\xa9d\xda!\xf0\xceC0r\xe2\
6\xbeq@\xfe[\xc5~\xe7\x5c\x0d)\x00\x9c\xf2\xb2\
\xc0\xf6'\x16B\x0dd\xf2\xb5\xea\x19\x06r]d^\
\x048#\xc3\x5c\xe5\x95j#\xcd*\xf6;\xe7jH\
\x01\xb8\xb5\x0d\x06K?3\x92\x9b[l\xf0rK\xb9\
\x0dpy\x9d\x11\x18\xca\x5cY\xc5~\xe7\x5c\x0d)\x00\
!};\xcf\x94:\xb2:\x8a\x9a\xea)\xe8\x0a\xab\xea\
\xbd\x19\xb7\x81\x5c\xa31\x04\x0f\x7fadd\xe7\x5c\xed\
\xdc\xd1\xc8P\x17\xeb\x088\x02=\x22\x10R\x00n2\
\xb2\xf3W\x8d\xe4\xe6\x16kq\xd5Vn\x1b]\xde-\
\x08X=}\xe7\x16\xe9\xf9^\xadb\xbfs\xae\x86\x14\
\x80\x9f\xe7\xf3{F\xd2mf\xde\xd5\xfb\xc6j\x09\xa7\
z=\x1e\xaeeC\x99+\xab\xd8\xef\x9c\xab!\x05\xe0\
F\xa3x\xe8|\xca\xc2H\x7fW\xb1\x9c\xb3\xb5z\xb0\
cW\x1b\xbc_;\x02\xdcc\xcf\x5c\xb5\xf7\xec\xb9\x87\
\xd4[\xc5~\xe7\x5c\x0d)\x00V\xa7,:_\xb4 \
\xc0\xfa&n\xf3\xed\xdb\x06\xd7\xdf\x8c\x00\xcf\xdek\xee\
Q\xcfQ\xab\xd8\xef\x9c\xab!\x05\xc0\xea\xa2\x85\xa1\x9c\
\xb3%l>\xae\x17\x8b\xe7\xbaI\xacS\x06\x04\xae\x94\
\x8c\x17\x8a\x87BV\xb1\xdf9WC\x0a\x80\xd5\xd7\xaa\
\xbb\x0ce\xb6V\xec\xdcm\xa5\xf5\xa6>\x04\xb8K\xb3\
>\xab\x16[d\x15\xfb\x9ds5\xa4\x00\xfch\xb1\x1f\
IG\xee\x9e4\xba\xfc\xe0/K\xe5\x90>ed\xee\
$\xe8\x04y\xc9\xdc\xa8\xa9\x9fV,\xb4\x8a\xfd\xce\xb9\
\x1aR\x00~\xb0bt\xee\xa6\xaf\xd5dR\xfc\xe0\xae\
\xb3\xa7K\xc0\xe5b\xa7\xfe\x11\xf8{\x99\xb0\x83xh\
d\x15\xfb\x9ds5\xa4\x00\xfcT\xe8^/\xceMC\
\xbd\xc2\x8es\xcd\x8f\x14\x18\xdc}\xf6C\xb5N\xfd \
\x00\xfe,K\xd6\x8f\xf64\xad\x16\xb1O\x8e\x92\xab\x9d\
,\x0b)\x00\x08\xfc_^2\xf3}2\xcb+)\x8e\
\xd3-\xfbJ!_\xe5\x9e\xaavo\xf1\x07\xc4,Q\
5\x14>Q\xf6\xa60~Z\xadl#\xd3\x1ai\x7f\
\x1d\x05\x7f5\x83$\x8b\xd8\x0f\xca\xd1\xd0\x02`q5\
\xdc\xfd\x069u\xb3F\xdf\xac\xb7g\x8b\x0f\x16\xbf^\
\xccm\xc3C\xe1\xedeo\x0a\xf3 \x0a\xab\xaf\xb22\
m!\x91\xfc\xacf\xbc\xb0C\xad\x07\xd6\xd8e\x11\xfb\
A9\x1aZ\x00\xfeg\x8d\xf1\xb96\x83\x1ee\x94K\
\xa9\xcb\xc9\x82\x00E\xef)Y$\x85\x09\x19C\xf2\xe3\
\xb1E\xec\x07\xe5hh\x01\xf8\x0eVg\xe6\x07e\x96\
\xe7\xe2\xca \xe0\xc9\x9f\x8e\xb3E\xec\x07\xe5hh\x01\
\xe0!\x10\xe9n\xcfJ\xe0b\x08\x8b\xff\x85f\xb5\xf8\
\xbb\x9c\x08x\xf2\xa7\xa3I\xcc\x13\xfb\xe9\x92f%\x04\
\xe5hh\x01\xb0x\x94\x11\xe6?\x9c\x17\xe7A \xe0\
\xc9\x9f0Mk\x86Z\xc5|P\x8e\x86\x16\x00\xab\xf3\
\xde\x9cN[\x83\x8doV\x8a\x80'\x7f\xbe\x89\xb1\x8a\
\xf9\xa0\x1c\x0d-\x00\x97\xe5\xf3\x7fF\xd2P\x96p\x9a\
1zbo<\xf9\xf3N\xb8U\xcc\x07\xe5hh\x01\
\xe0\xbcw\x90\x82\x8e\x98=\xbac?\xef\xd6\x0f\x02\x9e\
\xfc\xf9q\xb7\x88yr\x93\x1c\xedlmh\x01@\xf0\
\xd7y\xc9\xcc[J\x9e\xd5\xea(\x12\xed\x94\x80\x80'\
\x7f\x02xk\x87\xae\xd9&\xd6\x89\xf95\xbb\xb2l\x06\
\xe7fL\x01\xf8Z\x16Sg\x85\x00\xc8V\xb3\xbb\xfc\
]\x05\x08x\xf2\xdbL\x02\xb1N\xcc\xe7\x96\x1e\x9c\x9b\
1\x05\xc0j\xb9\xa5\xads\xa3\xe1\xf2\x92\x10\xf0\xe4O\
\x82\xafq\xb0U\xac\x07\xe7fL\x01\xb0Zq\xe5\x89\
\x8d\x90\xf9\xc1\x92\x08x\xf2\xdb\xa2m\x15\xeb\xc1\xb9\x19\
S\x00\xf8?\x83;\x8erC\xe4\xcf\xdc\xcb\x8dh\x9c\
<O\xfe8\xdc\x1aG\xad;h\x11\xeb\xe4$\xb9\xb9\
NU\xf3\xdb\x98\x02\x80\xc4\x0by\xc9\xcc\xdc\x1a\xb9E\
f\x99..\x0c\x01O\xfe0\xbcbz\x13\xe3\xc4z\
\xcc\xd8\xa61Q9\x19[\x00\xceo\xb2$\xe1\xd8P\
\x9e\xe8\x92\xe0b\xb5C=\xf9\xcbL\x8dU\x8cG\xe5\
dl\x018\xcf\x08+\x7f\xf8\xa6\x11\xb0-b=\xf9\
[\x00\xcax\xd8*\xc6\xa3r2\xb6\x00\xfckF@\
\xd6\x8az\xa6\xdeX-\x95,\xd1Ns\x10\xf0\xe4\x9f\
\x03J\xce]kd\x11\xdb\xc4\xf8\x9a]\xd96\xa3r\
2\xb6\x00|_f\x7fElA\xdbZ\x08u\x99s\
\x11\xf0\xe4\x9f\x0b\x8b\xd9N\xab\xd8&\x17\xc9\xc9`\xc3\
c\x0b\x00\x8a\xce\xe5\xc5\x80\x9fk \xd3EnD\xc0\
\x93\x7f#&\xd6{\xacb;:\x17S\x0a\x00\x01d\
\x01\xd8\xf3-\x84\xba\xcc\x19\x04\x98;_\xc9g\x06\x92\
\x22o\xacb\x9b\xf9\x8cr \xa5\x00\xb0*n\x94\xd2\
\x96A,\x92\xe0\xeb\xee\xb7\x80\x94p\x98`\xf1\xe4O\
\x000d\xe8\x9a\xbe\xc44\xb1\xbdfW\xb6\xcd\xe8\x5c\
L)\x00<~\xe8\xccl.\xcc\x0az\xf1\xec[\x7f\
\x97\x09\x01O\xfeL@F\x88\xb1\x8air\x90\x5c\x8c\
0ii)\xa5\x00\xa0\xf04^\x0c\x98\x87<X=\
6\xc9\xc0\xdcA\x88\xf4\xe4\xefo\x9a\x88eb\xda\xc2\
\x82\xa4\x1cL-\x00\xa7Zx\xb4\x22\xf3e+\xad7\
\xe9\x08x\xf2\xa7c\x98\x22\xc12\x96\x93r0\xb5\x00\
p\xed\xf1\xbf\xa7 \xd30v\xc7\x86c~\xa8;\x02\
\x9e\xfc\xdd\xb1\xca\xdas\x8d0\xabX&\xf7\xc8\xc15\
\xaa\xc26S\x0b\x00\xdaN\xe6\xc5\x80\x9f \x99Vw\
MI\xf4$\x88\x07g\xf8\x0f~\xfdN51L,\
[X\x91\x9c{9\x0a\xc0?Zx\xb6\x22\xf3\x95+\
\xad7\xe1\x08\x90\xf8\xfb\x85\x0fK\x1e1\x96\x87v$\
\x03\xb1\x22\xc02\x86\x93s/G\x01\xb8H\x8e\xf2U\
DMv\x02<\x8b;\xa7\xb2\x1bZ\xa1@\x0a@i\
\xb3<\xf9g\x11'v\x89\xe1\xd9\xbdy\xde\x91s\xe4\
^\x92\xb4\x1c\x05\x00\x03x\xb8$\xad\x05\xbf\xceB\xe8\
\x04d\x96\xfe\xf4\xf7\xe4_\x13T+\x9b\x96\xb1\x9b%\
\xe7r\x15\x80\xe3W\x1c\xb6h\xde \xa1\x16\xeb\xa7I\
\xech\xa9\xf4\xa7\xbf'\xff\xc6P\x22f\x89\xdd\x8dG\
\xf2\xec\xc9\x92s\xb9\x0a\xc0\xa5\xf2\x89\x0b\x12\xd4d\xa7\
{J\xe2\x9b\xc5N\xdd\x11(Y\x00<\xf9\xe7\xcf\x0b\
1K\xec\xce?\x9a\xb6\x97\x5c#\xe7\xd2\xa4ht\xae\
\x02 QK\xc7\xf1b\xc4\xbb\x19\xc9u\xb1i\x08x\
\xf2/\xc6o\xd7\xc5\x87\x92\x8fd\xcb\xb5\x9c\x05\xe0X\
\xb9u\x9d\xd8\x82\x1e \xa1\xbb\x88\x9d\xeaA\xc0\x93\x7f\
\xc1\x5ch7\xb1\xfa@\xb5\x16D\x8e\x91kYd\xe7\
,\x007\xc9\xa2\xa3\xc5V\xb4\xa7\x95\xe0\x11\xca=\xc7\
\xd8'O\xfef\x80-c\x95\x1c#\xd7\x9a-\xe8x\
4g\x01@\xe5Gy1\xe2\xfbI\xee^b\xa7~\
\x11\xf0\xe4o\xc6\x9f\x18%V\x9b{\xc5\x1f\xcd\x9ac\
\xb9\x0b\x00\xe7&O\x89\xf7\xadu\xe4\xdb\xd4\xe3\xeeb\
\xa7f\x04\xac\xbe\x01x\xf27\xe3Nl\x12\xa3\xcd\xbd\
\xe2\x8f\x92[\xe4X\xbc\x84u#s\x17\x00\xc4\x7f\x90\
\x17#\xe6~\xea}\x8cd\x8fM\xec6\x99\x1d\xf2\xe4\
o\x07t\x1fu!F\xd5\x98P\xf6\xdc\xb2(\x00\x9f\
\x91\xeb\xacQ\xa6\xc6\x84\xf8u\xf5\xb1&\x92\xc7%\x94\
o\x01p\x0e\xaf<\xf9\xdbQ$&\x89\xcd\xf6\x9eq\
=\xc8)r+n\xf4\x82Q\x16\x05\x00U\xef\xe3\xc5\
\x90\x0f0\x94=&\xd19\xbe\x05x\xf2w\x8b\x08\xeb\
\x984\xc9)\xab\x02p\x940\xfbo\xb1\x15=[\x82\
w\x16;\xb5#\x10[\x04\xf8\xf6\xc0X\xee(l\xd7\
2\xed\x1e\xc4\x221i\x85\x02\xb9DNe\x97oU\
\x000\xf4p^\x0c\xf9 \xc9f\xa5\x155N\x0d\x08\
\x90\xc8\xb7\xd2q>\xc9\xd5t\x22\xfa\x92\xfc\x8c\xed4\
`\xc2\x9d\x88Abq\xc9\x10\x03\xb3\x5c\xb2.\x00W\
\x19\x82\xc2\x9dV\xef2\x94?6\xd1|\x92\x93\xd8\xf0\
\xbc\xc4f\x1fL\xe2\xd3wl\xfe[\xf9C\x0c\x12\x8b\
V\xf2\xc9\xa1A\x16\x00\x00y7/\x86\xfcj\xc9f\
\xb5U5N\x1d\x10 \xb1a\x92\x9co\x05\xb4\xf0\xda\
m\x8a@\x07Q\xdeE\x08\x10{\xc4\xa06\xcd\xc84\
\x87,\xbf\x01\x80\x08\x95\xebr6\x0c\xf9P\xc9\xe6k\
\x98\x1a\xa7@\x04Hv8p\x98w\x17\x02\xc4\x1c\xb1\
\xa7M3\x22w\xc8!3\x05\xd6\x05\x00\xc3\x0f\xe6\xc5\
\x90\xb9\xea\xeaHC\xf9.\xda\x11\x98\x87\x001G\xec\
-\x1f3z\xb1\xce\x9d\xe4e\xc1\xbb\xf8\xcd\xaf\x97\x17\
t\xe9\x98\xd0\xe7\xe5\x1ak\xb9\xf8\x82\xc4;9\x02\x9b\
\x10 \xd6\x88\xb9M;\x0c6\xc8\x19r\xc7@\xf4f\
\x91%\xbe\x01\xa0\xed\x1d\xbc\x18\xf3\xfb%\x9f\x8b1\xd4\
89\x02f\x08\x10c\xc4\x9a\x99\x82\x15\xc1%r\xa6\
\xc87\x00\xfc\xe1\x0a\xa6O\xb3a\xcc\x5c*\xc9J,\
\xc6j\x5c\xfcD\x11 \xb6\x881k\xf7\xc9\x15r\xc6\
ZO\xb1\x02\x80#\xfc\xfaLk\xc9[J\xf8\x87\xc5\
N\x8e\x80\x05\x02\xc4\x1616#\xdb\xe0M\x89\x5cY\
6\xbb\xd4\xbf\x00(\xe3.&\xf3\x1f5\xa4h'1\
\xb7d\xaaqr\x04\xb2!@L\x11[\xd9\x04.\x10\
D\x8e\x90+\x0b\x0e\xe7\xdd]\xb2\x00`\xf9_\xea\x85\
S\x1bjL\x89+\xb3\xb67\xd5\xe0\xc2\xa7\x84\x00\xb1\
DLY\xfbLn\x90#\xd6z6\xc9/]\x00X\
\xc9d\xefM\xdam7X7mk[\x15.}\x02\
\x08\x10C\xc4R\x09W\xc9\x0dr\xa4\x84\xaee\x1d\xa5\
\x0b\x00JY\xcf\xbc\x04\xa0\xb7\x91\xb2\x7f\x10[\xad\xcd\
&\xd1N#G\x80\xd8\xf9\x84|$\x96\xd4l\xa4\x8c\
{\xc8\x09r#\xa3\xc8vQ}\x14\x00\xacz\xab^\
~ \xb6&\x16\x13=AJ\xee$vr\x04B\x10\
`a\x0fb\x87\x22\x102.\xa6/\xb9@N\xc4\x8c\
M\x1a\xd3W\x01\xb8ZV\xbfE\x5c\x82\xb6\x92\x92O\
\x89\x9d\x1c\x81\x10\x04NRgbG\x8d9\x91\x0b\xe4\
\x84\xb9\xa2\xf5\x0a\xfa*\x00\xd8q\x8c^\xf8\xda\xa3\xc6\
\x9c\x9e.\x0d\xc9\x0fR\x94\x0c\xa7i @\xac\x103\
%\xbc%\x07\xc8\x85\x12\xba6\xe8\xe8\xb3\x00`\x0cK\
(q\xbb#\xdb\xd6\xfc|)(\xfe?\x96t:\x0d\
\x0b\x01b\x84Xi\xb5:C\x07b\x9f\x1c\xc8 *\
ND\xdf\x05\x80\xff}\xde\x14gz\xd4\xa8\x17i\x14\
\x13\xac\xc6\xc9\x11\xd8\x80\x00\xb1A\x8cl8`\xb4\x83\
\xd8'\x07\x8c\xc4\xb7\x8b\xed\xbb\x00`!\x97<r\xf1\
\x03\xdb%\x98\x09\xe6+^\x09]\xaec8\x08\x10\x13\
\xc4F)\x8b\x89yb\xbf\x94\xbe\xb9zj(\x00\x18\
\xc6\xf9O\x1ex\xc8v\x09\xe6+\xde\x19R\xc4/\xbd\
j\x9c&\x8c\x00g\x88\x88\x05b\xa2\x14\x0c\xc4:1\
_J\xdfB=\xb5\x14\x00\x0c|\xad^\xbe/.E\
\xfc\xc8s\x96\x94\x958\xcd#5N\x15\x22\xc0\xdc\x93\
\x8c\xc4B\x90y\x09\x9d\x89qb=AD\xbe\xa15\
\x15\x00V>}U>\xd7:I\xe24\xcf\xd9\xea\xc9\
\xd5^j\x9c&\x84\x00s\xcejH\xc4@I\xb7\x89\
qb\xbd\xa4\xce\x85\xbaj*\x00\x18\xc9\xffD\xdct\
\xc1v)\xe6S\xe0\x9f\xa5\x8c\xeb\xbd\xd58M\x00\x01\
\xe6\x9a9\xe7B\xb1\x92\xee\x12\xdb\xc4xI\x9d\x8d\xba\
j+\x00\x18\xfb7z\xe1\xb6K5\xc5\x88K=\x8f\
\x976&H\x8d\xd3\x88\x11`\x8e\x99k\xe6\xbc\xa4\x9b\
\xc44\xb1]Rg\xab\xae\x1a\x0b\x00F\xb3\xd2\xea\xe7\
\xd9(\xcc\xdc\xf1\xc5\xe3\x97Y\xf8\xa1\xb0jWg\x8c\
\x00s\xca\xdc2\xc7I\xaa\x22\x06\x13\xcb\xc4t\xc4P\
\xdb!\xb5\x16\x00\xbc~\x99^\xbe).M\xdc\xf3\xfd\
%)e\xe9'5N#@\x80\xb9dN\x99\xdb\xd2\
\xee\x10\xc3\xc4ri\xbd\x9d\xf4\xd5\x5c\x00\xb86\xfa%\
\xf2\xe2zqib\xd5\x97\x0b\xa5\x94\xc5\x1f\xd58\x0d\
\x18\x01\xe6\x90\xb9dNK\xbbA\xec\x12\xc3\xc4ri\
\xdd\x9d\xf4\xd5\x5c\x00p\xe0\x22\xbd\xec \xee\x8bX\xfc\
\xf1X)g\x0dx5N\x03B\x809c\xee\x98\xc3\
\xbe\xcc&v\x89\xe1\xbe\xf4\xb7\xea\xad\xbd\x00\xe0\xc0i\
zy\xa9\xb8/b\xf9g\x96h\xe2)0}\xd9\xe0\
z\xc3\x10`\xae\x983\xe6.ldK\xef\x80\xc3\xc4\
,\xb1\x1b0\xa4|\xd7!\x14\x00PaQ\x86?g\
\xa3'\xe6\x01\x10\x9f\x94\xee\x0f\x89\xf9dQ\xe3T!\
\x02\xcc\x0ds\xc4\x5c1g}\x99H\xac\x12\xb3}\xe9\
\xef\xacw(\x05\x00\x87X\x8ey76zd~\xc9\
\xfd\xba\xf4\xef,v\xaa\x0b\x01\xe6\x84\xb9a\x8e\xfa\xb4\
\x8c\x18%V\xfb\xb4\xa1\xb3\xee!\x15\x00\x9c\xe29i\
{\xb2\xd1#\xf3$\xd8\x8fJ\xff)b~]V\xe3\
\xd4#\x02\xcc\x01s\xc1\x9c07=\x9a\xb2Dl\x12\
\xa3}\xda\x10\xa4{h\x05\x00\xe7xZ*@\xb3\xdd\
'?[\xca\xf9u\xf90\xb5w\x17;\x95E\x00\xcc\
\xc1\x9e9`.\xcc\xb5\xb7( &\x89\xcd\x96nu\
\x1d\x1eb\x01\x00A\x80\xe6\xab\x16\xdb}3\x0b:p\
m7W\x98\xf5m\xcbT\xf4\x835\x98\x83}\x0d>\
\x13\x8b\xc4d\x0d\xb6\x04\xd90\xd4\x02\x80\x93|\xd5\xe2\
\xc7\x16\xb6\xfbfn+\xe6\x0a\xb3+e\xc8.b'\
\x1b\x04\xc0\x16\x8c\xc1\x1a\xccm\xb4\x84I%\x06\x89\xc5\
\xb0Q\x95\xf4\x1er\x01\x00B~l\xe1t\x0b\xdb5\
0\xbf<\x13\x0c|:\xf1\xa9\xc0\xe5\xa75\xd85d\
\x1b\xc0\x10,\xaf\x90\x13`\x0b\xc6\xda\xac\x82\x88=b\
\xb0\x0acb\x8c\x18z\x01\xc0gN\xb7\xfc\xb16\xb8\
\xeaJM\x15\xc4\x1d\x86\x87\xca\x92\xef\x89y\xce[\xdf\
?N\xc9\x8c\xc1\x11\x98\x81\x1d\x18\x82e\xe9;\xf7f\
\x00[\xf7\x86X#\xe6\x88\xbdu\x87\x86\xf5v\x0c\x05\
\x00\xc4\xb9\xe0b\x1bmp\xdd\xb5\x9aj\xe8\x9e\xb2d\
?1A\xcc\xdd`O\xd4\xb6S3\x02`\x04V`\
\x06v`\xd8<\xa2\xecQb\x8cX#\xe6\xcaj6\
\xd06\x96\x02\x004\x5cr\xf9dmp\xe7\x95\x9a\xea\
\xe8\x95\xb2\xe8\x0b\xe2\xf3\xc4o\x14s\xd1\x8a\x1a'!\
\x00\x16`\x026`\x04V\xda]\x1d\x11[\xc4\x18\xb1\
V\x9dq1\x06\x8d\xa9\x00\xe0?7]<M\x1b|\
\x82\xa8\xa9\x92\xd2r\x95^\x00\x00\x05\x8aIDAT\
\x9e \xab\xde+\xfe\xa1\x98G\x97q\xd9\xaa6'I\
\xf8\x0e\x06`\x01&`S+\x10\xc4\x14\xb1E\x8c\xd5\
jc\xb0]c+\x00\xab\x00p5\x18\xa7\x8aV\xdf\
\xd7\xdar\xb3\x08\x97\xad\xf2?%7\xae\xb0R\xcd\x1d\
j56\x83]\xf8\x86\x8f\xf8\x8a\xcf\xf8\x0e\x06\x19D\
\xdb\x89\x90db\x89\x98\xd2\xe6\xb8h\xac\x05\x80Yb\
\xf5\x15Vze\x11F\xde\xd7\xcc\x9c\xd2\xe2\xc6\x15V\
\xaa\xf9\xb1\x0c\xe5\xff\xcb=\xd4n!\x1e:\xe1\x03\xbe\
\xe0\x13\xbe\xe1#\xbe\xe2s\xed\xbe\x11;\xc4\x10\xb1T\
\xbb\xadQ\xf6\x8d\xb9\x00\x00\x08\xeb\xaf=^\x1b\xac\xfc\
\xaaf0\xf4LYz\x88\xf8+b~\x0c\xe3\x81\x15\
\x9c\x0ac!KN\x8biw\x95\x84m\xd8\x88\xad\xd8\
\x8c\xed\xf8\x80/\xf8T\xa5\xd1\x0b\x8c\x22f\x88\x1db\
hA\x97\xe1\xef\x1e{\x01`\x868'\xff\x0cm\xf0\
 \x065\x83#N\x87\xf1\xc0\x0aN\x85\xfd\x9b\xac\xbf\
Q\xcc\xea6\xdc\xf5\xc6\x851\xfc_z\x1f\xed+M\
\xe8D76`\x0b6a\x1b6b+6c{i\
\xbbr\xe8#V\x88\x19b'\x87\xbcjeL\xa1\x00\
\xac\x82\xcf\x83\x18\xf8:\xc7\xf3\xd8V\xf7\x0d\xb1\xe5S\
\x96\xa5\xac\xf9\x9f\x94\x0bc\xf8\xa4\xfa\x8e\x1c\xe1\x7f\xea\
\x8b\xd5\xf2\x84\x9b#\xd5\xf2\x7f+w\xc8m\xabm>\
\x95\x1f\xae\x96\xa4\xe5\x17\xf7\xdbk\x1b9j\x96\x89m\
\xf6q\x8c>\xf4e\x0cc\x91\x81,d\x22\x1b\x1d\xe8\
B'\xba\xb1\x01[\xb0\x099\xcb\x02\x07\xfaBl\x10\
#\xc4\xca\xb2\x0bc\x7f\x99R\x01`.\xf9:\xc7\xff\
\xa4\xc7\xf1fd\xcc\xff\xd4\x8f\x96O\x040\xcf\x9c\xe3\
rY\xee\x90\xfb\x9c\xf6\xf1\xa9\xcc\xad\xb2$-\xbf\xb8\
\xff\xbf\xf6\xfd\x5c|\xf3\x0a\xb3\xcd>\x8e\xd1\x87\xbe\x8c\
a,2\x90\x85Ld\xa3\x03]\x1a:*\x22&\x88\
\x0dbdT\x8e593\xb5\x02\x00\x16<\x8cqG\
m\xf0\xc9\xc6\xb66\x9d&\x8c\x001@,\x10\x13l\
O\x0a\x8a)\x16\x80\xd5\x09>F\x1b\x8f\x14S\xf9\xd5\
8M\x10\x01\xe6\x9e\x18 \x16&\xe8\xfe\xd2\xd2\x94\x0b\
\x00\x13\xceE\x1dT~\xceM_\xce\x0e\xe7I \xc0\
\x5c3\xe7\xcc=10\xd7\xe9)\xec\x9cz\x01X\x9d\
cNY=Lo\xf8\xf5W\x8d\xd3\x88\x11`\x8e\x99\
k\xe6|\xc4nvs\xcd\x0b\xc0f\x9cn\xd2&\xbf\
\xfe\xf2#\xd7\xa7\xb5\xed4.\x04\x98S\xe6\x969f\
\xae\xc7\xe5]\xa47^\x006\x02\xc7r\xd2\xdbi7\
\xbfx_\xa0\xd6i\xd8\x080\x87\xcc%s\xca\xdc\x0e\
\xdb\x9b\xcc\xd6{\x01X\x0c(\xa7\x83\xb8\x12\xec5\xea\
\xc2\xff\x8cj\x9c\x06\x84\x00s\xc6\xdc1\x87\xcce\x90\
\xe9S\xe9\xec\x05\xa0}\xa6\x8fR\x97\x87\x88\xb9\xbc\x95\
\x0bE\xb4\xe9T1\x02\xcc\x11s\xc5\x9c1w\x15\x9b\
\xda\xbfi^\x00\xba\xcf\x01W\xbc\xdd_\xdd\x09\xae\xd1\
_\x22*?\x87F\xcc\x09s\xc3\x1c1WC\xb3\xbf\
\x17{\xbd\x00\x84\xc3Np=H\xc3\xf8z\xc9\x8d.\
\xdat\xea\x11\x01\xe6\x80\xb9`N\x98\x9b\x1eM\x19\x9e\
j/\x00\xf1s\xc6\xd7K\x9e8\xcb\x0fL<\x98\x22\
^\x92\x8f\x8cA\x00\xcc\xc1\x9e9`.bd\xcc\x1d\
3\xa5\x9d^\x00\xd2g\x9b\x1f\x98\x9e#1\x9cb\xe2\
A\x15\xd7i\xdb\xc9\x06\x01\xb0\x05c\xb0\x06s\xb0\xb7\
\xd14\x11\xa9^\x00\xf2M4\xa7\x98v\x978\x9eX\
\xc3\xb5\xe5\xdc)\xa7\xb7N\x19\x10\x00K0\x05[0\
\x06\xeb\x0cb]\x84\x17\x80\xfc1\xc0E&\x5c[\xce\
\xfd\xe4\x5cq\xb6\x8fTx\xc0\x0a\x84@\x023\xb0\x03\
C\xb0\x04S\xb0\x0d\x14\xe3\xdd\x9b\x10\xf0\x02\xd0\x84N\
\xfa\xb1K%\xe2\x1db\xbe\xb2\xf2\x10\xcb\x03\xb5M`\
\xabq\x9a\x83\x00\xd8\x80\x11X\x81\x19\xd8\x81\xe1\x9c\xae\
6\xbb\xa6&\xd5\x0b@\xb9\x19g)\xe9}\xa5\x8e\xc0\
\xfe\x1d\xb5<L\x92\xaf\xb6\xda\x9c4\x81\x01X\x80\x09\
\xd8\x80\x11XM\x1a\x94R\xce{\x01(\x85\xf4\xac\x1e\
\x16\xdc\xe0a\x92|\xb5\xbd\xa3\x0e\xf1k6?nq\
JKoGM\xf8\x88\xaf\xf8\x8c\xef`\x00\x16`2\
j\xc7kt\xce\x0b@\xff\xb3r\x83L\xe0\xd7l~\
\xdc\xe2\x94\x16O\xc2!9X\x85\x87\x07Q\xb0\xfc\x96\
\xba\x0c\x92\xb0\x1d\x1f\xf0\x05\x9f\xf0\x0d\x1f\xf1\x15\x9f\xf1\
}\x90\x8e\x8d\xc5h/\x00\xf5\xcd$KQ\x93\x1co\
\x93i,\xbayg\xb5|=\xe6A\x94$\xd2g\xf5\
\xfe2qm\x84M\xd8\x86\x8d\xd8\x8a\xcd\xd8\x8e\x0f\xf8\
\x82O\xf8V\x9b\xdd\x9b\xec\x99\xe2\x86\x17\x80a\xcc:\
_\x8fy\x10%\x89\xf4<\x99\xfcP1\x8bx>J\
-\x9f\xac\xbb\xaa}\x8f\xf8\x041\x8f\xd6\x22\x19\xf9\xf4\
\xd5\xdb,\x84,d\x22\x1b\x1d\xe8B'\xba\xb1\x01[\
\xb0\x09\xdb\xb0\x11[\xb19\x8br\x17b\x87\x80\x17\x00\
;l\xad%\xb3\x04\xf7%R\xc2'\xeb\x11jy\xf8\
\x06O\xd9\xf9Cm\x93\x8c|\xfa\xdeN\xdb\xf7\x16\xb3\
\xca/\xab\xf6>E\xdb\xcf\x12\x93\xb8<\x96\xeb\xc5\xda\
\x86\xd9f\x1f\xc7\xe8C_\xc60\x16\x19\xc8B&\xb2\
\xd1\x81.t\xa2\x1b\x1b\xb0E\xa2\x9c\x86\x86\x80\x17\x80\
\xa1\xcdX\x98\xbd?Uw\x96\xbc\xfa/\xb5\x17\x8a\xcf\
\x15\x9f.&qOR\xcb\xa3\xb9`\xb6\xd9\xc71\xfa\
\xd0\x971\x8cE\x86\xba:\x8d\x11\x01/\x00c\x9cU\
\xf7)\x18\x81\xa9\x0e\xf0\x020\xd5\x99w\xbf\x1d\x01!\
\xe0\x05@ 89\x02SE\xc0\x0b\xc0Tg\xde\xfd\
v\x04\x84\x80\x17\x00\x81\xe04m\x04\xa6\xec\xbd\x17\x80\
)\xcf\xbe\xfb>y\x04\xbc\x00L>\x04\x1c\x80)#\
\xe0\x05`\xca\xb3\xef\xbeO\x1e\x01/\x00\x93\x0f\x81i\
\x030u\xef\x7f\x09\x00\x00\xff\xff2\xf6\x13*\x00\x00\
\x00\x06IDAT\x03\x00\xbf}\x93L\x8a\x5c\x1a\xc3\
\x00\x00\x00\x00IEND\xaeB`\x82\
\x00\x00\x12w\
\x89\
PNG\x0d\x0a\x1a\x0a\x00\x00\x00\x0dIHDR\x00\
\x00\x01\x00\x00\x00\x01\x00\x08\x06\x00\x00\x00\x5cr\xa8f\
\x00\x00\x10\x00IDATx\x01\xec\x9d{\xa8|U\
\x15\xc7O\x05\x95\x19*aB\x0f\x12\x22\xd1\xa2\x87A\
\x18a\xbe\xe8\xa1\xfe\xa1\x09\x96D\xd2S3{S\x10\
\x85=\xd4\xca($\xa2T\x92\xd2^\xf4\x00\xb5(\x0d\
TLzh\x85B\x91\x16T\x14\x82\x92D\x1a\x95E\
\xa4\x7f\x88}\xbf\xdc;\xcc\xbd\xbf;\x8f33{\xed\
\xb3\xf7\xd9\x9f\xcb^\xb3g\xe6\xec\xb3\xf7Z\x9f\xbd\xd6\
\xf7\xce\xcc\x9d\x99\xfb\xe8\x8e\x1f\x08@\xa0Y\x02\x08@\
\xb3[O\xe0\x10\xe8:\x04\x80,\x80@\xc3\x04\x10\x80\
\x867\x9f\xd0\xdb&\xe0\xe8\x11\x00S\xc0 \xd0(\x01\
\x04\xa0\xd1\x8d'l\x08\x98\x00\x02`\x0a\x18\x04\x1a%\
\x80\x004\xba\xf1\x84\xdd6\x81I\xf4\x08\xc0\x84\x04=\
\x04\x1a$\x80\x004\xb8\xe9\x84\x0c\x81\x09\x01\x04`B\
\x82\x1e\x02\x0d\x12@\x00\x1a\xdctBn\x9b\xc0\xce\xe8\
\x11\x80\x9d4\xb8\x0e\x81\xc6\x08 \x00\x8dm8\xe1B\
`'\x01\x04`'\x0d\xaeC\xa01\x02\x08@c\x1b\
N\xb8m\x13\xd87z\x04`_\x22\xdc\x86@C\x04\
\x10\x80\x866\x9bP!\xb0/\x01\x04`_\x22\xdc\x86\
@C\x04\x10\x80\x866\x9bP\xdb&0+z\x04`\
\x16\x15\xee\x83@#\x04j\x17\x80\xa7i\x9f^&{\
\xab\xec\x02\xd9\x17dW\xca\xbe\x86u0\xe8\x923p\
n9\xc7\x9ck\xce9\xe7\x9es\xb0\xab\xf5\xa76\x01\
x\x96@\xbf[\xf6}\xd9\xfd\xb2\xbf\xc8~$\xfb\x92\
\xec|\x99\x8f\xbdE\xfd\x1b\xb1\x0e\x06]r\x06\xce-\
\xe7\x98s\xcd9\xe7\xdcs\x0e:\x17\x9d\x93>\xe6\x1c\
U\xfa\xd5\xd1j\x10\x80\xc7\x09\xe5\xb9\xb2[d\x7f\x92\
Y\x81_\xa5\xfe`\x19\x0d\x02%\x10p.:'\x9d\
\x9b\xceQ\xe7\xaas\xd6\xb9[\x82\x7f\xdd<'J\x16\
\x00C\xbdH\x8e\xdf'\xfb\xa2\xec\xa52\x1a\x04j \
\xe0\x5cu\xce:w\x9d\xc3\xce\xe5\x22\xfd.U\x00\xce\
\x13\xad{d\xee\x0fPO\x83@\x8d\x04\x9c\xbb\xce\xe1\
I.\x17\x17Ci\x02p\x92\x08\xfdVf\xd5\xdcO\
=\x0d\x02c \xe0\x5cvN;\xb7\x9d\xe3\xc5\xc4T\
\x92\x00|ZT\xae\x97=WF\x83\xc0\x18\x098\xb7\
\x9d\xe3\xce\xf5l\xf1-Z\xa8\x04\x018D\x0e\xde \
\xfb\xa0\x8c\x06\x81\x16\x088\xd7\x9d\xf3\xce\xfdA\xe3\x1d\
Z\x00\x9e\xaf\xe8\x7f&;QF\x83@K\x04\x9c\xf3\
\xce}\xd7\xc0`q\x0f)\x00G)\xea\x9bd\x87\xcb\
h\x10h\x91\x80s\xdf5\xe0Z\x18$\xfe\xa1\x04\xc0\
\xaaw\x9d\x22\x1e\xfc!\x90|\xa0A`H\x02\xae\x01\
\xd7\x82k\x22\xb9\x1f\xcb&\x1cB\x00\x1c\xf0Ur\xcc\
\xbd:\x1a\x04\x9a'\xe0Z\x18\xa4&\x86\x10\x80oh\
\xbb\xfd\xd0G\x1d\x0d\x02\x10\xd8&\xe0\x9apml\xdf\
\xcc\xd3\xe5\x16\x00\xff\xf9\xc3/~\xe4\x89\x8eU P\
\x17\x01\xd7\x86k$\x9b\xd79\x05\xc0o\x80\xf0\x9f?\
\xb2\x05\xc7B\x10\xa8\x90\x80k\xc4\xb5\xb2\xb1\xeb}&\
\xc8)\x00\x17\xf7q\x881\x10\x80@\x97\xadVr\x09\
\x80\xdf\x0f\xedwA\xb1\xb7\x10\x80\xc0r\x02\xae\x15\xd7\
\xcc\xf2\x91\x1b\x8e\xc8!\x00\xfe$\xd4G6\xf4\x93\xd3\
!\xd0\x1a\x01\xd7\x8ck'4\xee\x1c\x02\xf0>E\xe0\
\x0fC\xa8\xa3A\x00\x02=\x09\xb8f\x5c;=\x87\xef\
\x1e\xd6\xf7V\xb4\x00\xf8\x0b\x11\xde\xd5\xd7\x19\xc6A\x00\
\x02\xbb\x08\xb8v\x5cC\xbb\xeeLy#Z\x00\xde,\
g\xfd\x99hu4\x08@`E\x02\xae\x1d\xd7\xd0\x8a\
\xa7\xf5\x1f\x1e-\x00g\xf6w%\xc9\xc8;4\x8b\xdf\
Vy\xb5z\xac\xeb`\x90\x96\x81s\xcb9\xa6\xf4\xca\
\xd6Bk(R\x00\xfc\xe5\x88\xfej\xa4hR\xb7k\
\x81\xb3e\x07\xc9\x8e\x94\x9d*;\x03\xeb`\xd0%g\
\xe0\xdcr\x8e9\xd7\x9cs\xce=\xa5Zhs\x0d\xb9\
\x96z/\xb2\xca\xc0H\x018y\x15G\xd6\x18\xfb\xb0\
\xce\xf1s\xa4\x17\xab\xf7\xd75?\xa0\x9e\x06\x81\x1c\x04\
\x9ck\xce9\xe7\x9es\xd0\xb9\x18\xb9nX-E\x0a\
\x80\xbf3=\x0a\xca_5\xf11\xb2\xcbd4\x08\x0c\
I\xc09\xe8\x5ctNF\xf9\x11VK\x91\x02pt\
\x10\x0d\xab\xed\xe9\x9a\xfb\x972\x1a\x04J \xe0\x5ct\
N:7#\xfc\x89\xaa\xa5.J\x00\xfc\x9c%\xeaM\
\x0c\xef\x15a\x03WG\x83@1\x04\x9c\x93\xce\xcd\x08\
\x87\x5cK\xbd\xfe\x03\xd1\xaa\x8bG\x09\xc0\xa1\xab:\xd2\
s\xbc_t\xf1C\xae\x9e\xc3\x19\x06\x81\xac\x04\x9c\x9b\
\xce\xd1\x88E\x8f\x88\x984J\x00\x9e\x19\xe1\xac\xe6\xf4\
\xbfcRG\x83@\xb1\x04\xa2r4\xa4\xa6\xa2\x04 \
\xe4\xe1\x8a\xb6\xfc\x1a\x19\x0d\x02%\x13\x88\xca\xd1\x90\x9a\
\x8a\x12\x80'\x05\xec\x90\xdf\x80\xe1?\xbf\x04L\xcd\x94\
\x10HF\xc09\xea\x5cM6\xe1\xf6DKkj{\
\xdcJ]\x94\x00\xec\xbf\x92\x17\xfd\x06\xfb\xdf+\xf5\x1b\
\xc9(\x08\x0cK \x22W#j*\xec\xaf\x00\x8f\x09\
\xe0\xff`\xc0\x9cL\x09\x81\x08\x02\x11\xb9\x1aQSa\
\x02\x10\x01\x959!\x00\x81\xc4\x04\xa2\x9e\x02$v\x93\
\xe9 \x00\x81E\x04\xd6=\x86\x00\xacK\x8e\xf3 0\
\x02\x02\x08\xc0\x086\x91\x10 \xb0.\x01\x04`]r\
\x9c\x07\x81\x11\x10@\x00F\xb0\x89\x84\xd06\x81M\xa2\
G\x006\xa1\xc7\xb9\x10\xa8\x9c\x00\x02P\xf9\x06\xe2>\
\x046!\x80\x00lB\x8fs!P9\x01\x04\xa0\xf2\
\x0d\xc4\xfd\xb6\x09l\x1a=\x020\x9f\xe0\xf1:d\xfb\
\xb1z\xdb#\xdb\xfd\x05\xeam>\xa6\xab4\x08\xd4K\
\x00\x01\x98\xbdw.p\x17\xbd\xcd\x85n\xf3H\xf7\xe7\
\xeb\x8a\xcd\xc7<N7i\x10\xa8\x93\x00\x02\xb0{\xdf\
\x5c\xe0.l\x17\xf8\xee#\xb3oy\x9c\x1f\x19 \x04\
\xb3\xf9po\xe1\x04\x10\x80\xe9\x06M\x8a\xdf\xfd\xf4\xde\
~\xd7,\x04\x88@?V\x8cJD \xc54\x08\xc0\
\x94\xa2\x8bxzk\xf5k>\x1f\x11X\x9d\x1bg\x0c\
H\x00\x01\xd8\x82\xef\xc2]\xe77\xff\xd6\xd9\xd3KD\
`\xca\x82k\x15\x10@\x00\xb66\xc9\x85\xbbum\xf3\
K\xcfeA\xd9|&f\x80@0\x01\x04\xa0\xeb\x22\
\x8a\x15\x11\xe8\xf8\x89$\x90jn\x04 \x15\xc9\xbd\xf3\
 \x02{\x99pOa\x04\x10\x80\xae;.pO\x10\
\x81@\xb8L\xbd9\x01\x04\xa0\xeb\x8e\xefb\x7f\x10\x81\
X\xbe\xcc\xbe\x01\x01\x04\xa0\xeb~\xd2\xc5\xff \x02\xf1\
\x8c\x9bY!e\xa0\x08@J\x9a\x8b\xe7B\x04\x16\xf3\
\xe1\xe8\x00\x04\x10\x80\xae\xbb0#wD #l\x96\
ZN\x00\x01X\xce(\xf5\x08D 5Q\xe6[\x9b\
\x00\x02\xb0\xf5\x1a@\x8e\xd7\x01vn\x12\x22\xb0\x93\x06\
\xd7{\x13H=\x10\x01\xd8\x22z\xc2V\x97\xf5\x12\x11\
\xc8\x8a\x9b\xc5f\x11@\x00\xa6T\x10\x81)\x0b\xae5\
B\x00\x01\x98n\xb4\x9f\x06\xe4|Ap\xb22\x8f\x04\
&$\xe8\xb3\x13@\x00v#\xf7\xe7\x02\x10\x81\xddL\
\xb8U\x08\x81\x087\x10\x80\xbdT\x11\x81\xbdL\xb8g\
\xa4\x04\x10\x80\xd9\x1b\x8b\x08\xcc\xe6\xc2\xbd##\x80\x00\
\xcc\xdfPD`>\x1b\x8e\x8c\x84\x00\x02\xb0x#\x11\
\x81\xc5|8\x9a\x89@\xd42\x08\xc0r\xb2\x88\xc0r\
F\x8c\xa8\x94\x00\x02\xd0o\xe3\x86\x14\x81\xe3\xfb\xb9\xc8\
(\x08\xacN\x00\x01\xe8\xcflH\x11\xe8\xef%#!\
\xb0\x02\x01\x04`\x05X\x1a:\x84\x08\xf8\x11\x80\xd7\xd5\
\xf2\xb4\x16\x09D\xc6\x8c\x00\xacN\xd7\xc5\x98\xfb\xcdB\
~\xb7\xe0\xea\x9er\x06\x04\x96\x10@\x00\x96\x00\x9as\
x\x08\x11\xf0#\x819\xeep7\x04\xd6#\x80\x00\xac\
\xc7\xcdg\x0d!\x02^\x17\x83@2\x02\x08\xc0f(\
s\x8a\x00O\x036\xdb\xab*\xcf\x8ev\x1a\x01\x88&\
\x9cn\xfe\x9f\xa6\x9b\x8a\x99 \xb0E\x00\x01\xd8\xe2\xb0\
\xee\xa5\x1f\x01\xf0\x9by]z\x9c78\x01\x04`\xfd\
-\xc8]\xfc\xfe\xbe\x82\xf5\xbd\xe5L\x08\xcc \x80\x00\
\xcc\x80\xd2\xe3\xae\xdc\xc5o\x97\x10\x00Sh\xc8r\x84\
\x8a\x00\xacNy\x88\xe2\xcf\xfd\xbe\x83\xd5\xa9pF\x95\
\x04\x10\x80\xd5\xb6m\x88\xe2\xb7\x87^\xd7=\x06\x81\xa4\
\x04\x10\x80\xfe8]\x84C\xbc\xe0\xc7o\xff\xfe{\xc4\
\xc8\x15\x09 \x00\xfd\x80\x0dY\xfc^\xbb\x9f\x97\x8c\x1a\
\x0d\x81\x5c\x81 \x00\xcbI\xbb\x00\x87\xfa\xcd\xef\xb5\x97\
{\xc8\x08\x08\xacI\x00\x01X\x0c\xce\x05H\xf1/f\
\xc4\xd1\x8a\x09 \x00\xf37\x8f\xe2\x9f\xcf\x86##!\
\x80\x00\xcc\xdeH\x8a\x7f6\x17\xee\xcd@ \xe7\x12\x08\
\xc0^\xda\x14\xff^&\xdc3R\x02\x08\xc0\xee\x8d\xa5\
\xf8w\xf3\xe0\xd6\xc8\x09 \x00\xd3\x0d\xa6\xf8\xa7,\xb8\
\xd6\x08\x01\x04`\xba\xd1\xbc\xda?e\xc1\xb5\x81\x08\xe4\
^\x16\x01\xd8\x22\xee\xdf\xfe[\xd7\xf2]\xfa\x1d~C\
\xac\x9b/BV*\x9e\x00\x02\xd0u\xfe\xae\xbd\xdc\xbf\
\xfd)\xfe\x8e\x9f\x12\x08 \x00[\x02\x90s/(\xfe\
\x9c\xb4Yk!\x01\x04`!\x9e\xe4\x07)\xfe\xe4H\
\xc73\xe1\x10\x91 \x00]w\x5c&\xf0\x14\x7f&\xd0\
,\xd3\x9f\x00\x02\x90\xe7)\x00\xc5\xdf?'\x19\x99\x91\
\x00\x02\xd0u\xd1_\xb5E\xf1w\xfc\x94J\x00\x01\x88\
\xdd\x19\x8a?\x96\xefhf\x1f*\x10\x04\xa0\xeb\x5c\xa4\
\x11\xfc=/\x7f\xe7\x8f \xcb\x9c\xc9\x08 \x00\xc9P\
\xee\x9a\x88\xe2\xdf\x85\x83\x1b\xa5\x12@\x00\xb6^\x03p\
\xc1\xa6\xda#\xcf\xc5o\xfeT4\x99'\x94\x00\x02\xb0\
\x85\xd7\x05\x9b\xe2\xc5@\x8a\x7f\x8b'\x97+\x10\x18r\
(\x020\xa5\xef\xe2\x9d\xdeZ\xfd\x9a\xcf\xb7\x90\xac~\
&g@` \x02\x08\xc0\x14\xbc\x1f\x01\x9c\xa0\x9b\xee\
\xd5\xad\xd4|\x1e\xc5\xbf\x122\x06\x97@\x00\x01\xd8\xbd\
\x0b.~\x17\xb3\x7f\x9b\xef>2\xfb\x96\xc7?J\x87\
\xdc\xab\xa3A\xa0.\x02\x08\xc0\xec\xfd\xf2os\x17\xb6\
\x85\xc06)p\xf76\x8b\xc4\xc4f\xcf\xc0\xbd\x10\xe8\
A`\xe8!\x08\xc0\xe2\x1d\xb0\x10\xd8\x5c\xec\x16\x04\xf7\
6\x8b\x80m\xf1\xd9\xf9\x8e\x9e\xa2\xa5\xae\x90\xfd^\xf6\
\x90\xec\x91\xca\xec^\xf9{\xad\xec\x1d\xb2\xfde\xb4L\
\x04\x10\x80L\xa0\x83\x96y\xa5\xe6\xfd\xb5\xcc\xc5s\x96\
\xfa#d\x8f\x95\xd5\xd6\x9e*\x87-b\x97\xa9\xbf_\
\xf66\x19-\x03\x01\x04 \x03\xe4\xa0%>\xaayo\
\x94\xbdP6\xa6\xb6\x9f\x82\xb9\x5c\xf6\x1d\xd9\xc12Z\
 \x01\x04 \x10n\xe0\xd4\x17i\xee\x8f\xcb\xc6\xdc^\
\xab\xe0\xbe){\xa2l\x94\xad\x84\xa0\x10\x80\x12va\
5\x1f^\xaf\xe1\xe7\xc9Zh'*\xc8\x8be\xb4 \
\x02\x08@\x10\xd8\xa0i\x9f\xa0y/\x91\xb5\xd4\xceU\
\xb0'\xcbh\x01\x04\x10\x80\x00\xa8\x81S\xbe_s\x1f\
(k\xad\x8d\xfd\xe9\xce`\xfb\x89\x00\x0c\x86~\xad\x85\
_\xb7\xd6Y\xf5\x9f\xf4\x22\x85\xf0\x1c\xd9hZ)\x81\
 \x00\xa5\xec\xc4r?\x0e\xd5\x90g\xcbZm\xc7\xb6\
\x1axd\xdc\x08@$\xdd\xb4s\x1f\x96v\xba\xeaf\
;\xbc:\x8f+p\x18\x01\xa8`\x93\xb6]<h\xbb\
o\xb5k=\xfe\x90}G\x00B\xb0\x86L\xfa`\xc8\
\xac\xf5L:\x9a\xf8KB\x8e\x00\x94\xb4\x1b\x8b}\xb9\
g\xf1\xe1\xd1\x1f\xbd{\xf4\x11\x0e\x10 \x020\x00\xf4\
5\x97\xbcS\xe7= k\xb5\xdd\xd6j\xe0\x91q#\
\x00\x91t\xd3\xcf}M\xfa)\xab\x98\xf1\x9f\xf2\xb2\xa4\
O_\xca\x9dq4\x04\xa0\xae}\xfcl]\xee&\xf3\
\xf6R\xcd\xe4\x8f8\xab\xab\xbb\x95\xe6=\x02P\xda\x8e\
,\xf6\xc7\x9f\xf7\xff\xc4\xe2!\xa3;z\x97\x22\xf2\x87\
\x9f\xd4\xd1R\x13@\x00R\x13\x8d\x9f\xefcZ\xe2\x87\
\xb2V\xda9\x0a\xd4_r\xa2\x8e\x96\x9a\x00\x02\x90\x9a\
h\x9e\xf9\xce\xd62-\x88\xc0\xe9\x8a\xf3f\x19-\x88\
\x00\x02\x10\x046x\xda\xbfi~\x7f\x83\xceX\x9f\x0e\
\xdc\xaa\xf8\xfc\xfe\xff\xef\xa9\x1fM+1\x10\x04\xa0\xc4\
]\xe9\xef\x93\x9f\x0e\xf8C2W\xea\x941\xfc\x89\xf0\
&\xc5q\xa6\xec\x18\xd9\xafd\xb4`\x02\x08@0\xe0\
\x0c\xd3\xfb\x85A?%\xf0[e\x8f\xd4z\xa7\xca\xce\
\xa8\xc8\xfc0\xffh\xf9{\x80\xcc\xdfq\xf8m\xf5\xb4\
L\x04\x10\x80L\xa03-s\x87\xd6\xb9NvuE\
\xe6\x87\xf9\xbf\x90\xbf\xff\x91\xd12\x13@\x002\x03g\
\xb96\x09\x94\x1a5\x02P\xea\xce\xe0\x17\x042\x10@\
\x002@f\x09\x08\x94J\x00\x01(ug\xf0\x0b\x02\
\x19\x08 \x00\x19 \xb3D\xdb\x04J\x8e\x1e\x01(y\
w\xf0\x0d\x02\xc1\x04\x10\x80`\xc0L\x0f\x81\x92\x09 \
\x00%\xef\x0e\xbeA \x98\x00\x02\x10\x0c\x98\xe9\xdb&\
Pz\xf4\x08@\xe9;\x84\x7f\x10\x08$\x80\x00\x04\xc2\
ej\x08\x94N\x00\x01(}\x87\xf0\x0f\x02\x81\x04\x10\
\x80@\xb8L\xdd6\x81\x1a\xa2G\x00j\xd8%|\x84\
@\x10\x01\x04 \x08,\xd3B\xa0\x06\x02\x08@\x0d\xbb\
\x84\x8f\x10\x08\x22\x80\x00\x04\x81e\xda\xb6\x09\xd4\x12=\
\x02P\xcbN\xe1'\x04\x02\x08 \x00\x01P\x99\x12\x02\
\xb5\x10@\x00j\xd9)\xfc\x84@\x00\x01\x04 \x00*\
S\xb6M\xa0\xa6\xe8\x11\x80\x9av\x0b_!\x90\x98\x00\
\x02\x90\x18(\xd3A\xa0&\x02\x08@M\xbb\x85\xaf\x10\
HL\x00\x01H\x0c\x94\xe9\xda&P[\xf4\x08@m\
;\x86\xbf\x10HH\x00\x01H\x08\x93\xa9 P\x1b\x01\
\x04\xa0\xb6\x1d\xc3_\x08$$\x80\x00$\x84\xc9Tm\
\x13\xa81z\x04\xa0\xc6]\xc3g\x08$\x22\x80\x00$\
\x02\xc94\x10\xa8\x91\x00\x02P\xe3\xae\xe13\x04\x12\x11\
@\x00\x12\x81d\x9a\xb6\x09\xd4\x1a=\x02P\xeb\xce\xe1\
7\x04\x12\x10@\x00\x12@d\x0a\x08\xd4J\x00\x01\xa8\
u\xe7\xf0\x1b\x02\x09\x08 \x00\x09 2E\xdb\x04j\
\x8e\x1e\x01\xa8y\xf7\xf0\x1d\x02\x1b\x12@\x006\x04\xc8\
\xe9\x10\xa8\x99\x00\x02P\xf3\xee\xe1;\x046$\x80\x00\
l\x08\x90\xd3\xdb&P{\xf4\x08@\xed;\x88\xff\x10\
\xd8\x80\x00\x02\xb0\x01<N\x85@\xed\x04\x10\x80\xdaw\
\x10\xff!\xb0\x01\x01\x04`\x03x\x9c\xda6\x811D\
\x8f\x00\x8ca\x17\x89\x01\x02k\x12@\x00\xd6\x04\xc7i\
\x10\x18\x03\x01\x04`\x0c\xbbH\x0c\x10X\x93\x00\x02\xb0\
&8Nk\x9b\xc0X\xa2G\x00\xc6\xb2\x93\xc4\x01\x81\
5\x08 \x00k@\xe3\x14\x08\x8c\x85\x00\x020\x96\x9d\
$\x0e\x08\xacA J\x00\x1e^\xc3\x97e\xa7<~\
\xd9\x00\x8eC \x07\x81\x1ekD\xe4jDMuQ\
\x02\xf0\xdf\x1e\x90V\x1d\xf2\x8cUO`<\x04\x06\x22\
\x10\x91\xab\x115\x15&\x00\xff\x08\x00\xff\x02\xcdy\xa0\
\x8c\x06\x81\x92\x098G\x9d\xab\xa9}\x8c\xa8\xa90\x01\
\xb87u\xf4\xdb\xf3\xbdz\xbb\xa7\x83@\xa9\x04\xa2r\
4\xa4\xa6\xa2\x9e\x02\xdc\x15\xb4;\xe7\x04\xcd\xcb\xb4\x10\
\xe8E\xa0\xc7\xa0\xa8\x1c\x0d\xa9\xa9(\x01\xf8C\x0fP\
\xeb\x0c9J'\xbdSF\x83@\x89\x04\x9c\x9b\xce\xd1\
\x08\xdf\xee\x8e\x984J\x00\xfcp\xe5\xef\x11\x0ek\xce\
\xcf\xcb^\x22\xa3A\xa0$\x02\xceI\xe7f\x84O\xae\
\xa5?GL\x1c%\x00\xf6\xf5\xe7\xbe\x08\xb0\xc7h\xce\
\xef\xca\x0c\x5c\x1d\x0d\x02\x83\x13p.:'\x9d\x9b\x11\
\xceD\xd5R\xd8\x8b\x80\x86p\xb3/\x82\xec)\x9a\xf7\
\x16\x99\x1fr\xa9\xa3A \x9e\xc0\x9c\x15\x9c\x83\xceE\
\xe7\xe4\x9c!\x1b\xdf\x1dVK\x91\x8f\x00\xae\xdf8\xec\
\xc5\x13Xm/\xd5\x90\xdbdg\xc9\xfc\xe7\x17u4\
\x08\x84\x13p\xae9\xe7\x9c{\xceA\xe7b\xe4\xa2a\
\xb5\x14)\x00~\xcerk$\x95\xed\xb9\xfd\xa2\xcb\x15\
\xba\xfe/\xd9od\xd7\xca\xae\xc2:\x18t\xc9\x198\
\xb7\x9cc\xce5\xe7\x9csO\xa9\x16\xda\x5cC\xae\xa5\
\x90E\x22\x05\xc0\x0e\x7f\xcb\x17\x19\xcdo\xc08E\xeb\
\xbd\x06\xeb`\xd0%g\xe0\xdcr\x8e)\xbd\xb2\xb5\xd0\
\x1a\x8a\x16\x80\xaf\x0a\xd3\xbfe4\x08TM` \xe7\
];\xae\xa1\xb0\xe5\xa3\x05\xe0!y\xee\xe7H\xeah\
\x10\x80\xc0\x8a\x04\x5c;\xae\xa1\x15O\xeb?<Z\x00\
\xec\xc9\xe7t\xf1?\x19\x0d\x02\x10\xe8O\xc05\xe3\xda\
\xe9\x7f\xc6\x1a#s\x08\x80\xdf\xc4\xf0\xc95|\xe3\x14\
\x08\xb4L\xc05\xe3\xda\x09e\x90C\x00\x1c\xc0\xa7t\
\xf1;\x19\x0d\x02\xd5\x11\x18\xc0a\xd7\x8ak&|\xe9\
\x5c\x02\xe0@>\xe0\x0b\x0c\x02\x10XJ [\xad\xe4\
\x14\x80\x1b\x14\xf6gd4\x08@`>\x01\xd7\x88k\
e\xfe\x88\x84Gr\x0a\x80\xdd\xfe\x90.n\x94\xd1 \
\x00\x81\xbd\x04\x5c\x1b\xae\x91\xbdG\x82\xee\xc9-\x00\x0e\
\xe3\x0d\xba\xf8\xa3\x8c\x06\x81\xe2\x09dt\xd05\xe1\xda\
\xc8\xb8d\x17\xfaa\xa0y\x81\xdc\xa7\x03g\xc8\xdc\xab\
\xa3A\xa0y\x02\xae\x85Ajb\x88G\x00\xde\xed;\
u\xe1\xb7U:p]\xa5A\xa0Y\x02\xae\x01\xd7\x82\
k\x22;\x84\xa1\x04\xc0\x81\x0d\xec\xb8\xc0\x00\x00\x02 \
IDAT\xde\xae\x8bW\xc8\xfc\xd0G\x1d\x0d\x02\xcd\
\x11p\xee\xbb\x06\x5c\x0b\x83\x04?\xa4\x008`\xab\xde\
\xb1\xba\xe2\x17?\xd4\xd1 P\x0e\x81`O\x9c\xf3\xce\
}\xd7@\xf0R\xf3\xa7\x1fZ\x00\xec\x99\x1f\x02\x9d\xa4\
+\xfe\xf3\x87:\x1a\x04FO\xc0\xb9\xee\x9cw\xee\x0f\
\x1al\x09\x020\x01\xe0?\x7f\x9c\xac\x1b~\x17\x94:\
\x1a\x04FG\xc0\xb9\xed\x1cw\xae\x17\x11\x5cI\x02`\
 ~\x03\xc4\xf3t\xe5\xc32\x7f\x18B\x1d\x0d\x02\xd5\
\x13p.;\xa7\x9d\xdb\xce\xf1b\x02*M\x00&`\
\xfc>h\xff{%\xf7\xfeL\xf4\xe4~z\x08d!\
\x90h\x11\xe7\xaesx\x92\xcb\x89\xa6M7M\xa9\x02\
\xe0\x08\xfdI(\xab\xe6!\xba\xf1v\x99\xbf\x1aI\x1d\
\x0d\x02\xc5\x13p\xae:g\x9d\xbb\xcea\xe7r\x91N\
\x97,\x00\x13`\xfeB\x84\xcbu\xe3\x18\xd9a\xb2\xf7\
\xc8~ +\x16\xaa|\xa3\xb5E\xc0\xb9\xe8\x9ctn\
:G\x9d\xab\xceY\xe7n\xd1$j\x10\x80\x9d\x00\xfd\
\xe5\x88\x97\xe8\x8e\xd3dO\x96=]\xf6r\x99\xff\x1d\
\xd3\x85\xea}\xec+\xea\xbf\x8eu0\xe8\x923pn\
9\xc7\x9ck\xce9\xe7\x9es\xd0\xb9x\x9ar\xce\xc7\
\x9c\xa3\xbaZG\xabM\x00\xf6\xa5\xea\xff@\xe4\xefL\
\xff\xb2\x0e\x5c \xb3\x02\xfb\xeb\x9a\xdf\xa4\xebX\xd7\xc1\
`\x0d\x06\xdd\xfcs\x9c[\xce1\xe7\x9as\xce\xb9\xe7\
\x1c\xd4)u\xb6\xda\x05\xa0N\xeax\x0d\x81B\x08 \
\x00\x85l\x04n@`\x08\x02\x08\xc0\x10\xd4Y\x13\x02\
\x85\x10@\x00\x0a\xd9\x08\xdc(\x83@k^ \x00\xad\
\xed8\xf1B`\x07\x01\x04`\x07\x0c\xaeB\xa05\x02\
\x08@k;N\xbc\x10\xd8A\x00\x01\xd8\x01\x83\xabm\
\x13h1z\x04\xa0\xc5]'f\x08l\x13@\x00\xb6\
A\xd0A\xa0E\x02\x08@\x8b\xbbN\xcc\x10\xd8&\x80\
\x00l\x83\xa0k\x9b@\xab\xd1#\x00\xad\xee<qC\
@\x04\x10\x00A\xa0A\xa0U\x02\x08@\xab;O\xdc\
\x10\x10\x01\x04@\x10hm\x13h9z\x04\xa0\xe5\xdd\
'\xf6\xe6\x09 \x00\xcd\xa7\x00\x00Z&\x80\x00\xb4\xbc\
\xfb\xc4\xde<\x01\x04\xa0\xf9\x14h\x1b@\xeb\xd1\xff\x1f\
\x00\x00\xff\xff\xf6\x18B\xda\x00\x00\x00\x06IDAT\
\x03\x003Z@=\x9d\xc6\x94S\x00\x00\x00\x00IE\
ND\xaeB`\x82\
\x00\x00\x22\x0d\
\x89\
PNG\x0d\x0a\x1a\x0a\x00\x00\x00\x0dIHDR\x00\
\x00\x01\x00\x00\x00\x01\x00\x08\x06\x00\x00\x00\x5cr\xa8f\
\x00\x00\x10\x00IDATx\x01\xec\x9d]\xacu\xdd\
5\xc7\xf7\x83 !\x84+R\x8dF\x95F\x22A\xa2\
\x5c\x90\xa7o\x88\xfaH$(7*\x8aVKP\xb4\
\xa2Q\xd2\x0a\x95\x8a\x16Eh\xb5\xa8\xa8\x1b\x8aD\xe2\
\xa3B\xf4\x0d\x17T\x82D\x22\xa5*\x95\x12\xae\x08!\
A\xda>\x1d\xbf}\xf6<\xef:\xfb\xac\xef5\xffc\
\xce\xb9\xd6x2\xc7\x99\xebc\xce\xf1\xf1\x1fs\xfc\xd7\
\xdc\xfb\xec\xb3\x9f\x0f:\xc5\xbf@ \x108,\x02A\
\x00\x87M}\x04\x1e\x08\x9cNA\x00\xb1\x0a\x02\x81\x03\
#\x10\x04p\xe0\xe4G\xe8\xc7F\x80\xe8\x83\x00@!\
$\x108(\x02A\x00\x07M|\x84\x1d\x08\x80@\x10\
\x00(\x84\x04\x02\x07E \x08\xe0\xa0\x89\x8f\xb0\x8f\x8d\
@\x8a>\x08 !\x11} p@\x04\x82\x00\x0e\x98\
\xf4\x089\x10H\x08\x04\x01$$\xa2\x0f\x04\x0e\x88@\
\x10\xc0\xfe\x93\xfeL\x0b\xf1\x15&\x7f\xdc\x91Gv\xdc\
'i\x0c\xe3\x93\xd8\xd0h{B\xa0\x1bK\x10@\x17\
\x8d}\x1cS\xf0\x08\xc5L\x91\xd3\xbf\xdcB\xe3Z\x12\
;\xedm\xe9>\xe3\x93\xa0#\xc8\xa0\x17\xae\xf6/\x06\
\x01\xb4\x9f\xc3\x14\x01EJ\xb1'\xa1\x98\xd3\xbd\xad}\
\x97\x0c\x12!l\xd5\x19\xf3+@ \x08\xa0\x82$l\
t\x81\xc2\xa7()\xd2\x9cE?\xe6\x16\xb6\xb0\x89\xed\
\xb1qq\xafr\x04\x82\x00*O\xd0\x88{\x14;O\
{\x8aqd\x98\xf4\x16\xb6\x83\x08\xa4\x10\xe7U~\xad\
-\x08\xe0\x1a\x91\xfa\xcfS\xe1S\xfc\x1c\xd7\xe01D\
\xc0n\xa0\x16\x7fj\xc0\xa4\x09\x1f\x82\x00\x9aH\xd3\xad\
\x93\x14=Rc\xa1A\x02\xf8\x06\x11\xdc:\x1c\x07u\
#\x10\x04Pw~\x92w\x14<\xc5E\x9f\xae\xd5\xda\
'\x22h\xc1\xd7Z1t\xf3+\x08\xc0\x0d\xea\xd5\x86\
(\xa4V\x8a?\x05\x99|\x8e\xdd@B\xa4\x82\xbe\xcf\
\x85 \x80>T\xea\xb9F\x01Q\xfc\xf5x\xb4\xcc\x13\
v\x03\xc4\xb0lV\x8cvC \x08\xc0\x0d\xea\xc5\x86\
(\x1c\x0ah\xf1\xc4\xca&\x10\x03\xb1T\xe6V\xb8\x03\
\x02A\x00\xa0P\x9fP0\x14N}\x9e\xad\xf3\x88X\
\x88i\xdd\xec\x98%C \x08@\x06\xedj\xc5\xbc~\
\xa6`V+\xa8t\x221\x11[\xa5\xee\xed\xdb\xad\xa1\
\xe8\x82\x00\x86\x90)w\x9dB)g]ky\xcf\xb1\
i\x91\x13i\x0f\x02\x10\x01\xbbR-\xdb\xe4=?%\
\x89\x8d\x18W\xc2\x13\xd3r#\x10\x04\x90\x1b\xd1\xf5\xfa\
(\x8c#<!\x89\x11\x22X\x8fT\xcc\xcc\x86@\x10\
@6(7+\xa206+iD\xc1\x91b-\x9e\
\x921\x07\x82\x00\xc6\xd0\xf1\xbb\xc7\xd3\xdf\xcfZyK\
\xec\x00Z\xfe|Cy\x043y\x10\x04\x90\x09\xc8\x0d\
j(\xfe#>\x11!\x01d\x03t1u+\x02A\
\x00[\x11\xdc>\xff\x88\xc5\x9fP;r\xec\x09\x83\xa2\
}\x10@Q\xf8O<\xfdO\x07\xfe\xc7\x0e\x0090\
\x04\xda\xd0\xa7\xb4\x07\x01L!\xb4\xbf\xfbo\xb3\x90~\
\xd0\xe4\xb1+\xe1\x1ab\x97][\xec\x02\x5c\xe1\xbek\
,\x08\xe0.\x1e\xdeg^\x8b\x9f\xa2\xa7\xe0\x1fX\x80\
\xf4\xec<\xb8\xd6\x15\xae!\x8c\x81\x08\xb8g\xc3\xe5-\
v\x00r\x88\x87\x0d\x04\x01\x0cc\xa3\xbeC\xb1\xa9m\
\xa0\x9f\x82G\x96\x144\xbe1\x07\x22@\x87Z\x82\x04\
\xd4\x08\x0f\xe8\x0f\x02\x18\x00\xc6\xe1\xb2\xfa\xe9O\xc1\xf3\
4\xa7_\x1b\x0eD\xb0U\xc7\x1c\xdbj,\xe6\xf8\xb0\
\xbb1s\x02\x0a\x02\x98\x83R\xfe1\xea'\x1eE\xcf\
\x13<\x97\xe7\xe8Bg.}\xd7z\xc0\x03\xb9\xbe\x1e\
\xe7b\x04\x82\x00\xc4\x00\x0f\xa8W/v\x0av\xc0\xf4\
\xea\xcb\xe8T\x92\xc0j\xc7b\xe2z\x04\x82\x00\xd6c\
W\xebL\xe5\xebv\xa5\xeex\x19P`E\x05\x01\x14\
\x00\xddL>4Q4\x0a\x94\xd7\xed\x0a\xdd\xe8d\x07\
\x80\x0d\x8eC*F`\xaekA\x00s\x91\xca;N\
\xf5\x12@Y\xfc\x09\x01\x95\x0d\x15&\xc9\xef\xe8{\x10\
\x08\x02\xe8\x01\xa5\xd1K\x9eOfv\x02\x0a\x98\x82\x04\
\x14\xa8\x8e\xe8\x0c\x02\x18\x01GtK\xf5\x04\x15\xb9\xdb\
\xab\xd6\x93lz\x1d\x88\x8by\x10\x08\x02\xc8\x83c\x0d\
Z<\x89%v\x005d|\xc0\x87%\x97\x83\x00\x96\
\xa0\x95g\xac\xea\x0d\xc0<\xde\xcd\xd7\xa2 \x81\xbd`\
3\x1f\xc5\xc2#\x83\x00\xfc\x13\xa0x\x9d\xab(F\x7f\
d\xc2\xa2;\x02A\x00\xbe\x90+\x8a\x9f\x08\x1e\xe7\x87\
\xb3(l\x82\x0f\xe2\x1c\xcaq\xcd\x05\x01\xf8\xe6~O\
\x8b[\xb5\xeb\x88\x0f\x04mX\x93K\xa7\x06\x01,E\
l\xdbx\xd5\xe2V\x15\xe3\xb6h\xd7\xcd\xde\x13I\xae\
C\xc0qV\x10\x80\x1f\xd8\xcaw\xe9K\x10\x80\xd2f\
|a\xa8\xd3\xba\x0c\x02\xf0\x01\x9a\xe2\xdf\xe3\xd3_E\
\x02\xec\x02\xc0\xcc';\x07\xb6r\x04\x02`1u\xc5\
;\xdd\xd8V\x15?\xb1(\xde\x8cCoi\x013\xb0\
\xf3\xf4\x03{\xd7\xe2i\x7f\x93\xad5\x93\xf7@\x00)\
al\x1b\x93<20\x92\xa4k\xa9\xbf\xbe\xce\x93\x06\
\xb1)\xd9\x1b\xbea7\xbb\xe2\x8eB\xd5S\xb8cb\
\xf0P\xfd\x89@\xb0\x03\xc3A\x07V\xde@'\x82\xfe\
$\xac\x8bt\xdc\xed\xb9\x9e$]g\xbd \xe8X\xe9\
B\x1d\xd3Z%\x00\x80O\xc9H=\xd7\x92\xccA7\
\x8d\xe5I\x83\x90d\x92\x8a\xcc\x99?5\x06=\xf86\
5n\xeb\xfd\x92\x04\x80mdk\x0cc\xf3\xc1\x10,\
\xc7\xc6\xcc\xbdG\xce\xd1\x97\x84\xf3$st\xa4\xb1\xac\
\x17\x04=\xb9\xd7\xcd\x1c?\xb2\x8di\x8d\x00H\x00\xa0\
#\x1c#\xd9\xc00E$\x15\xd9\x92T|\xc2?\xf4\
\x98JiS?\x81\xa5\xce/P\x0e\x96`\xba\x86\x08\
R>\xc8):8_`z\xd6P\xfcC\xb0\xb1\xc6\
\xc7YF\x14\x83Z!\x00@\x05\x5cU\x02\xfb\xb0%\
\xa1\x08v\xb1\x8f\xf4\x8d\xe3\x1a\x8b\x0a\xc1?\x84c\xae\
\xabe\xcc'\xb5\xed\xa4\xdf\x8b\x84\xc0\x94|\x80/q\
s\x9e|\xe8\xf6\x5cG\x18G\xee\xe89\xef\x8eQ\x1e\
\xe3#v\xf1Qi\xe7\x8e\xee\xb5'\xb5\x13\x00\x89#\
\x81\x80\xba6\xc6\x1c\xf3\xb0\x8f\x90X\x04\x9f\x92t\xcf\
\xf17\x87\xbd9:\xbc\x0ao\xca\x17^\x02 S\xe3\
r\xdd\x07cr\x01\xfe`\x8fp\x8ct\x8f\x19\x97\xcb\
\xe6\x1a=\xf8\x88?U\x13A\xad\x04@\xf2H(\xc2\
\xf1\x9a\x04(\xe7\xe0S\x12\xa5\x9dVt\x97&\xa3\x9a\
s\x01\x11TK\x025\x12\x00`\xd5Z\xf8\xb5\x14$\
\x05\x07N\xb5\xf8\xc3\x0e\x00\xa9\xc5\x9f\xda\xfc\x80\x04\xaa\
\xdc\x0d\xd4F\x00\x14>`\xd5\x96\xc0\xda\xfc\xa9\xb1\xd8\
 \xa5\xdap\xaa\xcd\x1f\xd66k<\xab_[\x94\xd5\
D\x00\x00\xc3VnK<G\x98K\xa1\xd5H\x00\xf8\
\x84\x1c!\x07[bd\x8d\xb3\xd6\xb7\xe8\xc86\xb7\x16\
\x02\x00\x10\x80\xc9\x16\xd8\x8e\x15\xd5\xb4\xf5\xbf\x86\x99\xff\
;\xe0\xfaZ\x9c\xdfG\x80\xb5\xce\x9a\xbf\x7f\xc7\xf9J\
i\x02H@\xd0;\x87\xde\xa49\x9e\xfe\xb5;\x1e$\
0/C\xacy\xde\x17\xa0\x9f7C0\xaa$\x01\x10\
8,H/\x08mw*)\xfe\x9a\x9f\xfe\x09p^\
\x06\xe0k:\x8f~\x1c\x81M50\xaez\xfanI\
\x02\xe0\x0d\x91i\x0fc\x04\x08PP-\x14?\xbe\x22\
\xf8\x8a\xcf\x1c\x87L#P\xac\x16J\x11\x00\x0b$\x9e\
\xfc\xd3\x0b\x83\x11<Q\xc1\x8b\xe3\x96\x04\x9f\xf1\xbd%\
\x9fK\xf9J-\x80\x97\xbb\xfd\x12\x04@\xa0\xc5\x18\xcf\
\x1d\xe1\xed\x06[~M\x1d\xbb\x80\xf9\xf9\xa7& \x82\
\xf932\x8c,A\x00\x04\x9a\xc1\xf5C\xa8h\xb9\xf8\
I\x10;\x80\xd6c \x0e/\xe1\xfd\x80\xd9\xb6r\x0c\
\xf4&\x00\x9e\xfe9\xfc\xde\xbb\x0e\x0a\xe7\x81\x05Io\
]\xd3\x8d\x18\xf6\x12\x8bG\x22\x5cI\xc0\x93\x00(\xfe\
x\xfaO/!\x0af\x8fOMb\x8a\x97\x04\xd3\xf9\
\xe7e\x002=2\xc3\x08O\x02\x88\xe2\x9fN\x18\x05\
B\xa1L\x8fls\x04\x0f\x01bl\xd3{?\xaf\xdd\
j\xc5\x8b\x00H\xbc\x1f|\xedYJO\xfd#\xe0D\
\x8c\x90\x00\xd2^\xa6|<f\x07\x80\x0cZ\xcbu\xc3\
\x8b\x00r\xf9\xbb7=\xa9\xf0y\xeas\xbc\xb7\xf8\x86\
\xe2\x81\x04\x90 \x81!\x84N'\x97]\x80\x07\x01\x90\
h\x97`.XRH\x08E\x85\xf0\x06T\x12\xceY\
t\xc8ex\xb1\x0e\x1f\xf0\x07_\x8b9Q\xd80k\
\x83\xdc\x80EaWN\xe4\x81| \xf8\x94\x84s\xfc\
CN\x8e\xff\xd8\x01 R\x93\x1e\x04 \x0d\xa0\xa3\xbc\
\x9b@\x92\xc69\xd2\x19r\xe2\x9cE\x87\x90`\x92\x8a\
\x9c\x1c\xff\xe1\x03\xfe\xe1\x83\xa3\xd9\xaaM\x81E\xca\x87\
\xa7\xa3)\x17\xd8&'\x9c#]\x1f8\xc7?\x84q\
\x9e\xebE\xfe\xe0\xf4 \x00y\x10\x96-\x92\x92\x12h\
\xa7\xb3\x1bIERbI\xf6\xec\xc9\x0b\x06\xa2\x17\xff\
\xb0C\xcf\xf9\x82\xe9\x87\x19\xda\xcd\x059U\x04\x0e\xf6\
\xe4`m.\xba>*\xfc\xeb\xead\x07\x80t\xaf\x9d\
r\x9e\xa8\x09\x00\xb0r\xfa\xdb\xa7\x8bd\xe6\xb0\x83\x0e\
t!,>\x84\xc5\xd2gs\xec\x1as\x10\xe6\xa3k\
\xedB\x1b\xb3\xb1\xf7{\xe4\x02\x01;pD\xc0tM\
\xdc\xccC\xc8E\x12\xce\xd7\xe8\xea\xce\xc1?\xf4u\xaf\
)\x8e\x9b&\x00\x05 ]\x9d$ G2\xbb:\xd1\
Gr\x11\xf4\xb3\x08\xe9\x11\x16b\x9fp\x0f\xe9\x8ee\
>\xba\xba\xba\xe3x9\x02\xe0\x88$|\xbb\x18\xf7\xe5\
\x82k\x8cE\xbac\xc9\x05\xb2\xdc\x83\xe1\x19\xe8\xc3\xce\
\xf0\x88\xedw\x1enW1\xacA\xbd\x03Pn\xffI\
4\x09\x18\x8e.\xdf\x1d\xec ,\xc4>\xe1\x1e\x92\xcf\
bh\x1aC\x00\xac\x91\xbe\x5cp\x8d{\xc8\x98\x8e\x5c\
\xf7\xb0\xa3$\x81fw\x00J\xc7)~\x12\x9d+\x89\
\xa1'\x10\xd8\x82\x00$\xc0\x9a\xdc\xa2cl\xeem-\
\x8d\x0dZsO\xb9\x03\x909m\x81F\xf1\x1b\x08\xd1\
\xaaB\x805\x09\x11T\xe5\xd4\x943J\x02\x98\xb2\xbd\
\xf6\xbe\x92i\xd7\xfa\x14\xf3\x02\x01\x10P\xadM\xd9K\
i%\x01\xa8\xde\xbc\x80i\x01;$\x10\xa8\x0d\x81\xd8\
\x01t2\xa2x\x09\xa0b\xd8\x8e\xdbq\x18\x08lB\
@A\x02\xe7Z\xda\xe4\xd5\xc0d\xe5\x0e`\xc0d\x5c\
\x0e\x04v\x8d@S\x0f\xa9\xd6\x08@\xc1\xae\xbb^\x8d\
\x16\xdc\x07\x9b<\xd5\xe4\x8bL\xbe\xc9\xe4e&\xaf1\
y\xbd\xc9/]\x84c\xaeq\x8f1\x8ce\x0esm\
H\xb4\xbd\x22\xd0\x1a\x01\xec5\x0f9\xe3z\x92){\
\x8e\xc9\xebL\xfe\xd2\xe4\xbd&\xff`\xf2V\x937\x9a\
\xfc\xb0\xc9w\x9b|\xb3\xc9s/\xc21\xd7\xb8\xc7\x18\
\xc62\x87\xb9\xe8@\x17:\xd1mS\xa2\xed\x05\x81 \
\x80}d\xf2S-\x8c\xef3\xf93\x93\x7f6\xf9\x15\
\x93\x17\x98|\xa6\xc9\xd6\x86\x0et\xa1\x13\xdd\xd8\xc0\x16\
6\xb7\xea\x8e\xf93\x11P\x0d\x0b\x02P!\xeb\xa3\x97\
\xa7\xf2\x1f\x9a\xa9w\x98\xbc\xd2\xe4sL\xd4\x0d\x1b\xd8\
\xc2&\xb6\xf1Am3\xf4\x8b\x10\x08\x02\x10\x01+T\
\xcb\xeb\xf2\x97\x98\xfew\x9b\xf0T\xfe\x02\xebK5l\
\xe3\x03\xbe\xbc\xd8\x9c\xc07\xeb\x0e\xddd\xef\xd8+P\
m\x8d\x00d\x1f\x88P\x80+\xd0\xf9\x1d\xa6\xf3=&\
?f\xf2\x89&\xb54|y\xb59\x83o\xf8h\x87\
\xd1Z@\xa05\x02h\x01S\x85\x8f_jJy3\
\xee\xb5\xd6\x7f\xbcI\xad\x0d\xdf\xf0\x11_\xf1\xb9V?\
\x95~e\xff\x00\x9c\xd2Y%\x01(~e\xc7\xf6\x0a\
QbR\x93\xee\x0f3g~\xce\xe4wLx3\xce\
\xba&\x1a\xbe\xe23\xbe\x13C\x13Ngp\x92\xb5\x89\
dPuG\x85\xa2\x96\xce\x06\x94\x04p6 \xf8q\
\x94\x97\x01\x9fm\xd8\xfd\x8d\xc9\x0bMZm\xf8N\x0c\
\xc4\xd2j\x0cK\xfcV\x14?\xf6\x1f\xe7\x87B\x94\x04\
\xa0\xfaD\x14 #\x0a<j\xd1\xf9<s\xe4\xed&\
O3i\xbd\x11\x03\xb1\x10S\xeb\xb1L\xf9\xdf\xdc\xc3\
II\x00S`m\xb9\xdf\x1c\xd0\x0b\x82}\x95\x8d}\
\x83\xc9\xde\x1a1\x11\xdb\xde\xe2J\xf1H\xfeK\xaf\x8b\
\xf2&_\x02\xc8\x9c6P\xd8\x01\xec\xed\xaf\x02!\xe3\
7Yl\xdfk\xb2\xd7Fl\xc4H\xac{\x8a\x91\xb5\
\xc8\x9aT\xc5$\xab%u\x22d\x8e\x1b\xd2\xec\x02\x00\
\xde\x0e\x9bo\x1fn\x11\xfc\x9a\xc9\xd7\x9b\xec\xbd\x11#\
\xb1\x12\xf3\x1ebe\x0d\xb2\x16U\xb1\xa8^J\x9f\xfd\
U\x13\x80\xd4y\x8b\x00\xe0I\x80\x1d6\xdb\xc8\xc1\x9b\
\xcd\xfb\xaf29J#Vb&\xf6\x96cf\xed\xb1\
\x06\x9b\x8dA\x9d\x00v\x00\x88\x12 \x12@\x22\x946\
\x94\xba\x7f\xd1\x94S\x10\xd6\x1d\xaa\x113\xb1\xb7\x1a4\
\xaf\xf9Y{2\xff/\x8a\xa5k[M\x00\xc4 \xfb\
\x15\x06\xca/B\x22\x1e\xd9\xb1\xf2u\x98\xa9\xcf\xdex\
S\x8c-qv\xc5\x8d($v0h\xc4\xdd\xb3\x9b\
\xac1\x8a\x9f\xfe|A\xf8C\xbd\x83>y\x10\x80\x94\
\xc1\xae\xc0'1\x9e\xf6\xae\xcc/:\xe5\xd7b\xbc)\
\xb6h\xd2\x0e\x07\x83\x01X\xb4\x10\x1aE\xcf\x1a\xa3\xf7\
\xf0W\xbe\x96=\x08\x00\xa0\xe4L\x86\x91\x8b\xb0\x1b\x90\
\x03w\xb1\xb5\xb6\xe3\x831\xfcZl\xed\xfc\xbd\xcd\x03\
\x0b0\xa99.\xd6\x14\xc5\xef\xe5\xa3K\xcdx\x11\x80\
\xfa}\x80\xeb\xa4@\x02^,}m{\xea\x9c\x8f\xc6\
\xfe\xea\xd4\xa0\x03\xde\x07\x13\xb0\xa91t\x8a\x9f5\xe5\
\xe6\x9b\x19\xc2\xa6u\xda\xe6I\x00\xde$\x00[\xd7H\
\x02?i)\xe5\xd3q\xd6E\xeb \x00&`\xd3\xb9\
T\xc5!k\xc8\xbb\xf8]\x9e\xfe\xa0\xebE\x00\xd8r\
\x0b\x0ac\x17\xa9\x8d\x04\xf8\x0b9>\x1f\x7fq/\xba\
+\x04\xc0\x06\x8c\xae.\x17;\xa5\xf8YC\xde\x0e\xb8\
<\xfd\x09\xca\x93\x00\xd8\x01\x94 \x01o\xf6\x06\xd7!\
\xe1;\xf7\x86\xeey]\xff/3\xf4\xd7&\xbfo\xf2\
\x1b\x17\xe1\x98k\xdc\xb3KE[\x0d\x18%\x00J\xac\
\x1d\xd7\x1a\xf1$\x00@\x85\xd9 \x02\x8e\xbd\xa4\x14\x8b\
_\xc7\xc7\x17e\xf0g\xb2\xd7\xd7\xd5\xe7\xef7\x03o\
1y\xbe\xc9\xd3M>\xda\x04?\xbe\xc4\xfag_\x84\
c\xaeq\x8f1\x8c\x85\x1c\x98kC\x5c\x1b~\x80\x95\
\xab\xd1\x1ec\xacU\xd6N\xcf-\xd9%j\xe3\x152\
\xed=\x8a\xbd\x09\x00\x17\x5c\x19\x0e\x83&$\x12\xb1\xc3\
\x22\x8d\xaf\xcaz\xa9\xb3\xe5w\x9a\xbd\xef2\xf9\x18\x93\
\xaf6\xe1\xdb~\xff\xce\xfa\xa9\xc6\x18\xc6B\x0e\xccE\
\x07\xba\xa6\xe6\xe5\xbc\x0fV`\x96S\xe7\x12]\x14\x7f\
\x89\xa7\xffcK\x9c\xcc1\xb6\x04\x01\xc0r\xee\x81\x1a\
X%^\xcb\x99\xd9s\xfbN\xfb\xc9\xb7\xe5X'o\
l\xe3)\xdaO1K\xbc\xa9\xc6\xb9\x1d\xaej\xccE\
\x07\xba\xd0\xc9\xf9*E\x0b'\x81\x15\xf6\x16N\xcb6\
\xbcD\xf1\x97x0\xba|\x10\xa8/+\x90@\x89\x80\
a\xf6>\x7f\xd4\xd7\xbe]m\xe0\xa2\x9f\xad\xfe\xa7\xd9\
1Ek]\xd6\x86Nt\xf3\xd2 \xab\xe2\x01e\xdf\
6p]}\xb9\xc4\x1a\xa1\x16J\xd8-F\x00$\x91\
\x80\x09\x9cc/\x81\xd9\xbd_\x0a\xf0\xb5\xd9|i\xa6\
:\xc6\x1f0\x03l\xf5\xff\xc5zUC7/\x0d\xb0\
\xa5\xb2\x91\xf4\x82\x19\xd8\xa5s\xaf\x9e5\xe2e\x0b;\
\xd4\x00\xb5\xc0\xf1\xc9\xfbG\x89\x97\x00\xdd\x18\x09\x1c\x00\
\xba\xd7\xd4\xc7\xde\x09\xe6\x7f\xdfQ\xc7\xc4\x9bv\x9e\xef\
\x9ec\x0b\x9b\xea\xb8<\xb0\xeb\xc6\xc0z\xec\x9e\xab\x8f\
Y\xfb\xde6\xef\xc4T\x9a\x00p\x06\x00\x00\x82c\x0f\
\xf1\xdc\x01\xf0\xbf\xe7\xf0\xdd\xf9\xca\xb8(D\xde\xb4S\
\xda\xe8\xd3\x8dMl\xf7\xdd\xcbu\x0d\xec\xc00\x97\xbe\
)=\x9e\x0f\x07\xd6<k\x7f\xca'\xe9\xfd\x1a\x08\x80\
\x00\x01\x02@8\xf6\x10/\x12\xe0O^\x95\xf1\xb0\x15\
\xa7\x10\x956\xc6tc\x1b\x1f\xc6\xc6l\xbd\xa7\xc60\
\xf9\xc7\x1aL\xc7\xea\x9e\xb5\xeeio0\x9eZ\x08\x00\
\x07\x01\xc4\xeb\xb7\x03^L\xff\xe5\x04&\x12\xde\x8cc\
+.R?[->\xf0\xe6\xe3\xec\x09\x0b\x07*1\
\x5c\xe8J\x96\xe1\xacq\xd6\xfa=e%.\xd4D\x00\
\xc4\xcfo\x07\x00\x88\x9es\x95\xb0\x03@T\xfa\xd1\xfb\
$\xfb\xc1\xff\xa3g]\xf6\xc6\xaf\xe3^\x94]\xebz\
\x85\xfc\x9a\x13\x9f\xd6k\x18\x9e\x09\x86`9<\x22\xcf\
\x1d\xf5C\x815\xed\xb1\xb6\x17\xa1Q\x1b\x01\xe0|\x02\
\x8am\x12\xe7*Q'\x9cd+}\xe7\x1dy\x95\xfe\
\xa5z\xf1E\x89\xa7\x12KbU?\x91\xd3\x9a\xa6\xc7\
^5R#\x01$pHJu\x80%\xe7f\xf4\x9f\
7c\xcc\x9a!|*\x8f\xdf\xc9\xaf\x99\xab\x9c\x83O\
\xf8\xa6\xb0\xa1\xc22\xf9\xaa$/\xd6\xb0\x9a\xc0R\x1c\
\x8b\xfb\x9a\x09\x80`\x00\x0e\x009\xce-\xbc\x04@r\
\xebM\xfa\x9e\x91\x0e2\xf7?\x9bY_Nu*\xdf\
TX\xe6\x8c}H\x17k\xc0\xe8\x13\x8e\x00\x00\x10\x00\
IDATx\xe8\xde\xed\xf5R\x07\xb5\x13\x00\xb8\xa8\
_\x0a`#\xb7\xf09v\xfe\xa8%\xb7^\xfe8\xa7\
\xe6/\xd2\xc47|\xcc\x1d7X\x82in\xbd\xe8c\
\xa7I\xaf\x90\xea\xd7n\x0b\x04\xc0\x0e\x00Q$H\xb5\
\x03x\x8a\xc2Y\xd3\xf9[&\xaa7\xdbL\xf5\xe6\x86\
o\xbf\xb9YK\xbf\x02\x15\xa6\xfd\xd6\xb6_\xa5\xf8\x95\
\xe4\xb2\xddC\xd3\xd0\x02\x01\x98\x9b'\xc0\xa4\xcf-\x0f\
s+\xbc\xe8{\xea\xa5\xcf\xdd\xf1w\xfb\xb9u\xe6\xd6\
\xf7\xd6\xdc\x0a/\xfaT\x98\xaa\xd6\xc0\xc5\xed\xba\xbbV\
\x08\x80\x1d\x00R7\x9aOx\xf7\xe4'\x0e\xb3\x1e\xfd\
IVm\x1ae*\x1fU\x98\xaav\x81\xb3\x9f\xfe\x9a\
4\xcc\xd3\xda\x0a\x01\xcc\x8bf\xf9(U\xf2?n\xb9\
+\x933\xd8^\xf3\xb7\xfa\x93\x03\x0b\x0f\xc0G|\xcd\
\xed\x86\x02\xd3\xdc>&}\xaa\x1dk\xd2\x9f\xado\x89\
\x00\x9a\x01\xd5\xb2\xf3\xb1&\xb9\xdb?\xe6V(\xd4\xa7\
\xf0U\x81\xa9\x10\x826T\xb7D\x00m z\xe3\xe5\
G\xdetY\x7f\xfe[VmZe\x0a_\x15\x98\xaa\
Ph\xe6\xe5j\x10\x80f\x09|\xa8@\xed\xff\x08t\
\xaaT*|U`\xaa\x8a\x7f\xb6\xde\xd2\x03\x83\x00J\
g \xec\x07\x02\x05\x11\x08\x02\xd0\x80\xff\xff\x02\xb5\x1f\
!\xd0\xa9R\xa9\xf0U\x81\xa9*\xfef\xf4\xb6D\x00\
\xaaw\xec\x15\xc9\xfao\x81\xd2\x96\xde\x05W\xf8\xaa\xc0\
T\x90\xa6\xb6T\xb6D\x00-!\xfb\xef\x02g?I\
\xa0S\xa5R\xe1\xab\x02SU\xfc\xb3\xfe\xb8He|\
\x89\xde\x96\x08\xa0\x19P-\x01\x8aw\xc1?\xca\xf4z\
~=\x96\x99[\xd5\xf0\x11_WM\x1e\x99\xa4\xc0\x14\
s\xcd\xbcc\x8f\xb3\xb9\xa5\x15\x02P}\xaaJ\x95\xfc\
\xf7\xe4N\xd4E\xdf\xe7_\xfa\x9a;\x95\x8f*L\x15\
X\xf2r\x15Q\xe8\xce\xaa\xb3\x15\x02\xc8\x1atG\xd9\
\xe3\x9d\xe3\x9c\x87\xef\xca\xa9\xac\xa3\xebY\x9d\xe3Z\x0f\
\xbfX\xe4\x98\x0aS\xd5\x1ahb\xc7\xda\x02\x01\xf0\xf4\
o\x02\xcc\xce\xc2\x7fw\xe78\xe7\xe1W\x9a2\xc5\xf6\
\xda\xd4fi\xf8\xf6\x15Y4\xddW\xa2\xc2T\xb5\x0b\
d\x07\x80\xdc\x8f\xe4t:\xd5r\xb1\x05\x02P\x16?\
\xe4\xa2\xc8\xc5\xfbL\xe9_\x99\xe4n\xe4\xeb\x1bs+\
\xcd\xa8\x0f\xdf\xf01\xa3\xca\xb3*\xb0\x04\xd3\xf3IC\
?\x94k7\x0b\x0c\x8adeq\xec\xa2\xa4\xe4\xff\xe7\
wqau\xf7\xf6\xd53\xc7'~\xeb\xf8\xed\xa2w\
U\xbe\xa9\xb0\x04,v\x00\x08\xc7\xb9\x85\x1d@\xd5k\
\xb8f\x02\x008\x00\xcc\x9d\x94\xa4O\xfd\xc7E\x7f\x9a\
\x0ce\xee\x9ff\xfa\xf8\x16^\xeb\xaaj\xf8\x84o\x0a\
\xa7TX*|\xbd\xd6\xc9\x1af-__\xaf\xe2\xbc\
F\x02H\x80\xd1+ARm\xff\x93\xcf\xca\xa4C^\
\x1e_\x95\x9db\x99\xea\xf1\x05\x9f\xa6\xc6\xad\xbd\xaf\xc4\
\x12\x9f\x94\xbe\xa3\x9f\xb5L\x0c\xf4'.\xd4\x22\xb5\x11\
\x00\x00y\x00\xa5N8\xf9\xe5\xab\xb2\xff\x9c\x03\x81\xf0\
f\x1b\xdf\xc2+P\xbdJ\xe5km\x16>Y\x97\xbd\
\x81!XfW\xdcQ\xc8K\x00\xa4s)\xfb\xa1\xd7\
\xda^\xe4xM\x04\xc0\x13\x99\xe2_\x14@\xe5\x83\x7f\
[\xe8\xdf\xb3M\xf7\xf7\x9b\x94n\xf8\xa0\xfc\xef\xbb\x94\
\x18v\xb1\xf3x(`\x8f5\xceZ\xe7\xb8\xb8\xd4B\
\x00\x00\xe2\xf9\x8e)\xf6<\xc0\xe7\xbf\xefR\xda\xf9!\
S\xfe<\x93R\x0d\xdb\xf8\xa0\xb4\xaf\xc60\xf9\xae\xde\
\x01$;\xf4\xacu\xaf5\x88\xbdA\xa9\x81\x00\x00\x02\
@\x06\x9d\xcc|\xc3\x8b\xe9q\x9b\xaf\xc7\xfa#\x0e\x84\
\xf2\x06\xd3M!Z\xe7\xda\xb0\x89m\xa5Q\xb0\x03C\
\xa5\x8d\xaen9\x09t\x8c\xb1\xe6Y\xfb\x9dK\xfe\x87\
\xa5\x09\x00\x00\x00\xc23rlz\xda{\x93\x831\x0a\
\x91\xad\xb8\x83\xa9\xb3\x09la\xf3|\x22\xfc\xe1\x81]\
\xd7}\xcf\x87\x03vY\xfb\xde\xeb\x11\xbb\xb7R\x92\x00\
\x08\x1c\x00n\x9dq8\xf0N0!\xbd\xd9~\xfc\x93\
\x89\xba\xb1\x15\x7f\x8b\x19\xe1\x1dy\xeb$\x0d\xdd\xbfn\
\x9a\xb1e\x9d\xb4\x81\x19\xd8I\x8d\x5c)g\x07\xe0\xbd\
F\xa8\x01j\xe1\xca\x15\x9f\xd3R\x04@\xc0\x04\xee\x13\
\xe5\x13V\xb0\xfb\xc4\x99\xdf\xd1\xcf8\x99\xe2\xcd\xb8\xbf\
5[\xfcN\xde\xba\xac\x0d\x9d\xe8\xe6\xcd\xc7\xac\x8a\x07\
\x94\xfd\xf4\xc0u\xf5\xe5\x12k\x84Z\xe0\xb7\x04\xea\xd8\
\xee\xe9/E\x00\x04|\xcf\x19\xf1\x05of\xef\x86\xf3\
\x13v\xf2\xaf&\x1e\x8d_\xc7a\xef\xef\xcd\x18E\xcb\
\xb9\x1d\xaej\xccE\x07\xba\xd0\xc9\xf9*E\x0b'\x81\
U\xc9_sJ\xfe?\xbf\x09\x0c\xf8\xed\x80;\x09\x94\
 \x00\x02\x9d\xc0\x22\xfbm\x8a\xbf\x04\xb3\xa7@\xf8\x1c\
\xfb\xab\xd2\x89S\xcf\xa7\xf2(\xda\xff0{\xbc4\xe0\
M;\xfeV\xdfNG\x1bc\x18\xcbV\x9f\xb9\xe8@\
\xd7\xe8\xa4\xcc7\xc1\x0a\xcc2\xab\x9d\xad\x8e\x97\x02\xc8\
\xec\x09\x99\x06\xba?\x18\xbd\x09\x80\x22\xf4f9\x12\x89\
\xddL9Z\xad\xe6\xa7l&\x7f\xd4b\x9dk#\xc7\
\xbc4\xe0M\xbbw\x98\xe5\xff4\xc1\x8f\xdf\xb3\x1eb\
@8\xe6\x1a\xf7\x18\xc3X\xb6\xfa\xcc\xb5a\xae\x0d?\
\xc0\xca\xd5h\x8f1v\x01\xac\x9d\x9e[\xb2K\xd4\x86\
\xebZ\xf5N\xb0;\xc3Y\xaaH\xa4uU4\xde=\
/\xed\x08\xdb\xf8\xcf0'\xf8\xbb}\x88\x01\xe1\x98k\
\xdc\xb3[E[\x0d\x18%\x00\xd89\xa6c\xaf\x9e\x1a\
\x81\x08\x5c\xecy\x12\x80+\xb3]\xd0\xab\xa9\xf8q\xe9\
w\xed\xc7\xebL\xa2\xf5#\x006`\xd4\x7f\xd7\xff*\
;\x80,kh\xa1\xeb\x90\xc0\xc2)\xeb\x86{\x12\x80\
[P\x17(`o\x12x9\xad\xa6\xe3M\xb5wV\
\xe3M=\x8e\x80\x09\xd8\xd4\xe3\xd1\x8d'\xac!o\x12\
`\x07\x80\xdcx \xfc\xe9E\x00\xdeO\x7f\x8a\xdf\xdb\
\xe6\xdc4\xfd\x9f\x0d\xfcZ\x93hw\x11\x00\x13\xb0\xb9\
{\xb5\x8e3H\x805\xe5\xe9\x8d\xcb\x03\xd3\x8b\x00\x5c\
\x82\xb9d\x07\xb6\xae\xb5\xf8/.\x9e\xfe\xc2\x0e\x9eo\
\x12\xed\x06\x01\xb0\x00\x93\x9b\xb3:\x7f\xb2\xa6<I`\
7;\x00\x80\xf3H),M\xf1\xd3{\xd8\xdbj\xe3\
\x8d\xa6\xe0GM\x8e\xde\xc0\x00,Z\xc0\x81\xb5\xcc\x1a\
[\xe4\xeb\x86\xc1\xd8\xdb0}z\xaa\xc7\x0e\xc0\xe3\xe9\
O\xd1\x93\x18\xfa\xe9\xa8\xeb\x19\xf1Rs\xe5\x97M\x8e\
\xda\x88\x1d\x0cZ\x8a\x9f5\xf6\xc0\x1c\xf6\xd8\x0d\xc8k\
GM\x00r\x06\xbb$\x82\xe2\xb7\xc3&\x1b_\xa4\xe9\
\xf5'\xaf5\x01D\xcc\xc4^\x93OK|am{\
\x90\x80\xf4\xa5\x80\x9a\x00\x96\x00\xbaf,\x09 \x11k\
\xe6\xd62\xe7\xfd\xe6\xc8sL(\x08\xeb\x0e\xd1\x88\x95\
\x98\x89\xbd\xe5\x80Y{\xacAe\x0c\xd2]\x80\x9a\x00\
\x94\xce\x03<\x09P\x82\xef\xa5\xfb\x7f\xcd\xd0\xd7\x98\xb0\
%\xb6n\xd7\x8d\x18\x89\x95\x98\xf7\x10(k\x90\xb5\xd8\
\x1bK\x86\x8b\xcd\xee\x00\x94\x8e\x038\xc0g\xc0\xb7\x1a\
\x15<\x0d\x9fk\xde\xf0\xa6\x98u\xbbl\xc4F\x8c\xc4\
\xba\xa7\x00Y\x8b\xbc7\xa0\x8aIVK\xca\x1d\x80\xcc\
iC\x19\xc0\xad\xdbe\xe3M1~-\xb6\xb7\xe0\x88\
\x89\xd8\xf6\x16W\x8a\x87\x87R:\xce\xdd\xcbjII\
\x00\xb9AH\xfa\x94@'\x1b\xa5{~-\xf6\x0cs\
\x82O\xc7Y\xd7t#\x06b!\xa6\xa6\x03\x99p\x9e\
\x1d\x0021l\xd5\xed\x87\xabf\xcd\x98\xa4$\x00\x95\
\xd3*\x90g\xc0\xe5:\x84\x0f\xc6|\xbaY\xe4\xf3\xf1\
\xd65\xd9\xf0\x9d\x18\x88\xa5\xc9\x00\x16:}\xe7\xe1\xb4\
pn\x91\xe1J\x02Pl[(~\xa4\x08X\x05\x8c\
\xf2\xd1\xd8o1\xbb_f\xc2\x9f\xc9Z\xd7D\xc3W\
|\xc6wbh\xc2\xe9\x0cN\xb26\x91\x0c\xaa\xee\xa8\
P\xd4\xd2\xd9\x80\x92\x00\xce\x062\xffx<\xb3\xbeV\
\xd4\xf1\x17r\x9fe\xce\xbe\xc8\x84o\xcb\xb1\xae\xca\x86\
o\xf8\x88\xaf\xf8\x5c\xa5\x93b\xa7\x9aZ\xa3\xad\x11\x80\
8w\xd5\xab\xe7\x8b2\x9el^\xbe\xc4\x84/\xcd\xb4\
\xae\x8a\x86/\xdfc\x9e\xe0\x1b>\xda\xe1a\x9bb\x07\
 \x03\xb35\x02h\x0a\x5cQ\xd6\xf8\xaa\xac\xd7\x98\xee\
\xa7\x98|\x9d\x09\xdf\x9do]\x91\x86m|\xc0\x97W\
\x9b\x07\xf8f]\xb4V\x10h\x8d\x00Z\xc1\xd5\xcbO\
\xbe6\xfb\x0b\xcd\xd8\xd3M^f\xc2\xff\xa3g\x9d\xb4\
a\x03[\xd8\xc46>H\x0d\x86r\x1d\x02A\x00:\
l=5\xf3\xbf\xe7\xfc\x88\x19\xfc\x5c\x93O0\xe1\xa9\
\xfcz\xeby3\xce\xbaM\x0d\x1d\xe8B'\xba\xb1\x81\
-lnR\x1c\x93\xcb#\x10\x04P>\x07\xb9=\xe0\
\x7f\xd2\xe5\xa9\xfcBS\xcc\x9bq\x1fb\xfd'\x9b<\
\xcb\x84o\xfb\xe5;\xf7~\xdc\x8e\x7f\xde\x84\xffy\x07\
\xe1\x98k\xdcc\x0cc\x99\xc3\x5ct\xa0\x0b\x9d\xe8\xb6\
i\xd1\xf6\x82@\x10\xc0^29\x1c\x07\xaf\xcb\xdfe\
\xb7\xff\xc0\xe4\x17L^i\xf2b\x93\x17\x98|\xc3E\
8\xe6\x1a\xf7\x18\xc3X\xe60\xd7\x86D[\x80\xc03\
\x17\x8c->\xb45\x02P\xfeqQ\xf1d\x84\x03\x81\
\x807\x02J\x02P\xbcc/\xfb@\x847\xf0ao\
\xb7\x084\xf5\x90R\x12\x80*\xc3A\x02*dC\xef\
V\x04T\x7f\xa4&\xfb\x88\xb1\x92\x00TN7\xc5\xb0\
[WT\xcco\x0a\x81\x977\xe5\xad9\xab$\x00S\
/i\xec\x00TL+q8\x94\x1e\x02\x01\xe5\x9aT\
\xbc\x9c>'EI\x002\xa7\xcdsv\x01\x10\x81\x1d\
F\x0b\x04\x8a#@\xf1\xb3&U\x8e\xc8jII\x00\
\x80!s\xdc\x94\xf3\xbf\x0c{\x91\x00v\x10\x12=$\
\xdc7\xb7\xa29 \x00\xd6\xc8P.\xb8\xce}\x07W\
N\xd8i\xb2\xf8O\xf6OM\x00\xea\xbf\x8cR\x90\x00\
\x09E\xd0\x8d<2\x9c\xe8\x11\x12=$\xdcg,\xc2\
1\x8b\x10\xb1\xe9\xd16 \xd0\xcd\x05\xb8&|9\x1e\
\xca\x05\xd7\xb9\x9f\xc6\x92\x07\x04]\x1b\x5c\xb97\x15}\
\xd89\xdf\x10\xfd\x90\xd6\x90\x9a\x00\x94;\x80\x847\x09\
 \xb9\xe9|m\x9f\x92\x89>\x84sd\x8d>\xe6\xb1\
\x08\x91\xee\x22\x5c\xa3\xeb\x88s\xc0\x8f\x1c$\xec8O\
\xb2\x14\x0f\xe6\x91\x07\x04\x9dH\x8e\xf5\x82\x0et-\xf5\
g\xe9x\xec,\x9d3{\xbc\x07\x01x\x90\x00\xc9e\
\xb1,\x05\x8b\xc5A\x12\x99K\xcf\xf9l\xf0\x16\x0cD\
\xefZ\x1f\x17\x98iz(\x18\x91\x03\xef\x5c\xac]3\
\xe4S\x0d\xb8\xea7i\xb7~\xab\x09\x00C\xf2 0\
r\x11\x92\xc2\x02\x22\xa9\x08\x8b\xear\xeb\xdcq\x8ex\
,\xb4\xb3\xc1\x9e\x1f]\x1f{n\x1f\xf2\x12\xb9\x22'\
\xe4\xc6\x13\x00r\x81\xcc]3\xf8\x88x\xfb)\xc3\xc4\
\x83\x00\xd8\x01 \xb2 z\x14\x93T\x84d\x91\xdc$\
\x9c#5$\x10\xff\xf0\x8b\xc5\xdf\x13\xc2!.\x91\x07\
\xf2\x01\x16\xa5\x03\xc6\x07\x04\x7f\xc8K\x12\xce\x11|E\
z\xfd\x14\x5c\xa4f\xe4k\xc3\x83\x00\xc0\xc6s\x17\x80\
\xbd\x96\x84EG\xa2\x91\x96\xfc\xde\xe2+\x85DQ!\
\x1co\xd1\xb5\xd7\xb9\xd27\xff\x12h^\x04\x00\x9b!\
\xc9n\xf4w\x11\x80\x04\x90#\x90\x001F\xe1\xdf\xcd\
\x7f\xdf\x198\xf5]\xcfz\xcd\x8b\x00p:v\x01\xa0\
0.{'\x01\x0a\x9f\x18\xc7Q\x88\xbbn\xb5\xe2I\
\x00\xec\x00\x90H\xef8\x02\x14\x08\x85\xb2\xa7\xad1\xb1\
\xec-\xa6\xdb,f>\xa0\xf8]\x9e\xfe\xf8\xedI\x00\
\xd8{\x8c\x1f!\x93\x08\xec\xa9`\xf6\x14\xcbd\xe22\
\x0cp+~|\xf5&\x00l\x06\x09\x80\xc2<\xd9\xc3\
S\x93\x18\xe6E\x1b\xa3x\xfa\xbb\xa2P\x82\x00x\x19\
\xe0\x1e\xa8+\xaay\x8d\xf1\x92 \xafF?mQ\xfc\
\xf3\xb1\xa6&\x5c\x9f\xfe\xb8V\x82\x00\xb0K\xa0\x10\x01\
\xc7!\xe3\x08\xa4-\xf4\xf8\xa8\xfa\xee\x92c|\xaf\xcf\
\xb3\x8c\x1eeRE-\x80W&u\xf3\xd5\x94\x22\x00\
<\x84\xf1\xe8C\xa6\x11\xa0\x90\x8a,\x90i\xd7zG\
\xe0k\xcb;\x97\xde\xa0\x84\x17\x8b\xd5BI\x02\x80\xf5\
\xe2\xfd\x80\xf9\xab\x8a\x82\x82\x08\xe6\xcf(32\x8a\x7f\
\x19\xee\xd4\x00\xb5\xb0lV\xa6\xd1%\x09\x80\x10\x08\xfc\
\x81\x1d\xd0[\x17m\x02\x01^S\xd7N\x02\x10\xd5D\
\x18q\xdb\x10`\xcd\x17_\xfb\xa5\x09\xc0p8\xb7\xa2\
,x\xf6\xa0\x9d\x1f5\x17\x18O\xffv\x90\xdc\xe8\xe9\
\x86\xe9\x14?k~\x83\x8a<Sk!\x00\xa2\x01\x10\
\x80\xe18d\x18\x01v\x00\xc8\xf0\x882w(\xfe\x9a\
\xc9\xa9\x0c*\xf7\xad\xb2\xc6Y\xeb\xf7\xef\x14\xb8R\x13\
\x01\x10>\xc0\x14{C\x04\x07\x1a\x91(\xb4F\x12u\
\xe5&k\x9b5~u\xb9\xdcim\x04\x00\x12<I\
xm\x04X\x9c\x87\xdcG\x80\x1d\x00r\xffN\x99+\
\xe4,Hi\x18\xfb\xf4\xd4\x07\xa7\xe1Q\x05\xee\xd4H\
\x00\x09\x06\xc0\xaa\x91\x04HfW\x92\xbf\xde}\x14\xdc\
\x0d\xe2Erqcz\xf2'\xbe\xf1\xc4G8\x9e\x9c\
\xe0=\xa0f\x02\x00\x0bH\xa0\x86\xdd\x00\xc9#\x89\xf8\
B\xdf\x95t\x0d\xb2B\xf0\xdbC\xd8\x01 \x1e\xb6\xc6\
l\xe0\x83'\x19\xa5\x5c\x90\x83\x84=\xc7\x08\xe7\x08y\
@\xc6\xfcV\xdf\xc3>>\xe1\xaf\xda\xd6j\xfd\xb5\x13\
@\x0a\xac\x04\x11\x908\x12\xc8\x82\xa2\xe7<\xf9s\xdd\
s\x0f\x1f\x11\x12\x8f\x5c\x8fQ\x9c{\x16\xde\x90\xff\x10\
\xc0\xd0\xbd\x9c\xd7\xc1\x98< \x1c#C\xfa\xc9\x03B\
\xee\xc8\x05246\xe7u|\xc2?\xecb?\xa7n\
\x89\xaeV\x08 \x05\x0f\xa8\x80KB\x91t=W\xdf\
M \x89\xe4|\xa9n|D\x14\xfe-\xf5\xc5c\xbc\
\x07\x09\x81\xe5\xd6|\xa8\xd6\x0dk\x04\xc1?\x84c\x0f\
\xdc\xb3\xd8h\x8d\x00R\xd0\x14\x18BR\x11\x16\x08\x02\
\xf8H\x1a7\xd63\x0ea\x1e\x89C\x0f=\xd7\xc6\xe6\
\xcd\xbd\x87\x7f\xe8\x9b;~\xcd8\x9e\xbe\xc8\x9a\xb99\
\xe6x\xd8\x06C\xb0\xcc\xe1/z\x10rM\xde\x11\xf2\
\x8d\xcc\xd1\xcf\xb8\xb7\xd9@z\xfc\xea\x0a\xd7\xecV[\
\xadU\x02\xb8F\x99\xa4\x22)!$8I\xba\xd6\xed\
\xb9\x97\xce\x99\xa7J\x1ez\xb1s\xedo\xces\x8f'\
\xf0\x90\xbfj\x02\x00;0\x1c\xb2\xbf\xe5:yG\xb0\
\x81\xb0&\x10\x8e\xbb\xc2\xb5$\xdd\xeb\xf8\x85l\xf1\xa1\
\xf8\xdc\xbd\x10\xc0\x18\x90$\xe9Z\xc6\xc6\xe7\xbe\x87m\
\x9e4\xb9\xf5\xd6\xa0OI>`\x06v\xdeqb\xb3\
+\xde\xf6]\xed\x1d\x81\x00\x5c\x01\x1d0\xc6\x93\x86E\
5p{\xd3e\xf5Sx\x93s+'S\xfc`\xb6\
rzL\x9b\x8b@\x10\xc0\x5c\xa4\xb6\x8fc\xfb\xb8]\
K\xbf\x86\x12$\xa0\xb4Ym\xf1\xf7\xc3\xdf\xee\xd5 \
\x00\xdf\xdc\xa9v\x01\xbeQ\xdcXS\x11\x00O\xff\x1b\
\x0b\xf1S\x8e@\x10\x80\x1c\xe2;\x06T\x8b[U\x8c\
w\x9cw:\xd9\x13I:A\xb6\xdeL\x10\xc0z\xec\
\xd6\xccdq#k\xe6\x8e\xcdy8vStOe\
S\x81\x8f\x08\x82\xf6\xd5\x06\x01\xb4\x9fC\x22(\xb1\x03\
P\xd8\xac\xba\xf8\x01zo\x12\x04\xe0\x9fQ\x97\xff\xf3\
\xcd?\xac,\x16\x03\x9b,0\xceW\x12\x040\x1f\xab\
\x5c#UO9\xc5\x13y(\xe6x\x97~\x08\x99\xc6\
\xae\x07\x014\x96\xb0\x11w\x95\x1f\xca\x191\x9b\xf5\x96\
\x8a\x1c\xb3:\xb9'eA\x00\xfe\xd9T-r\xcf\x1d\
\x80\x8alT\xd8l\xce\xf2^\x15\x04\x01\x94\xc9\xacj\
\xa1{l\xcdU6T\x98\x94\xc9p#V\x83\x00\x1a\
I\xd4L7y2+w\x02\x14?6f\xba\xb3h\
X\xbc\x01\xb8\x08\xae<\x83\x83\x00\xf2\xe0\xb8T\x8b\xea\
\x03A\xf8\xa1*P\xb5n\xf4\x878#\x10\x04\xe0\x0c\
\xb8\x839v\x00\xfc\x07\x22\xb9M)tv}\xac\xf6\
%@\xd7\xc9\xbd\x1d\x07\x01\x94\xc9(\x8b\x1dQY\xcf\
M\x02\x14?:U\xfe\xa2W\x89\x07\xfaCz\x10\x08\
\x02\xe8\x01\xc5\xe9\x92\xf2e\x00!P\xb0\x8f\xec\x80\xd7\
\xed\xd6\xadjI\x07\xfd*\x053'\xa9\xb1\x98\xe9\xc6\
\xf1\x86\x05\x01\x94\xcb\xb9\xd7\x13\x8f\xf7\x04\x96\x12\x01\x05\
\xcfS\x1f\xf1@h\x0bIy\xf8\xb7[\x1bA\x00e\
S\xebE\x02D\xd9%\x02\x0a\x0e\xa1\xd0\x93pN\xc1\
C\x16\xf4\x5cg\x9eZ\xaa~\xfa\xab\x83/\xad?\x08\
\xa0l\x06J,~\x88 \x09\x85\x9e\x84k^E_\
\x16\xf5\xb0~\x8b@\x10\xc0-\x14E\x0e\xd8\x01 E\
\x8cWb\x94\x9dG%\xae\x1c\xcf\x8d \x80\xf29/\
\xb1\x0b(\x1f\xf5\x8d\x07G\x8e\xfd\x06\x81\xc2?\x83\x00\
\x0a'\xc0\xcc\xb3\x03@\xec\xf0P\x8d\xe2\xaf\xfa\xe9\x7f\
\x84l\x04\x01\xd4\x91e\xbe0\xf4h$\x10\xc5_\xc1\
\xda\x0b\x02\xa8 \x09\x17\x17x\x22^\x0ew\xdf\x1d)\
\xd6\xaa\x93\x19\x04POz\xd8\x01\x1c\xa10\x881\x9e\
\xfe\x95\xac\xbb \x80J\x12qq\x83\xc2\x80\x08.\xa7\
\xbb\xeb\x88\x8d\x18\xab\x0f\xec(\x0e\x06\x01\xd4\x97i\x9e\
\x90\xf5y\x95\xca\x05\xc8\x95\x00\x00\x01\xaaIDAT\
\xc7\xa3=\xc7\x96\x07!g-A\x00\xce\x80\xcf0\xc7\
Sr\x8f\x85BL\xc46\x03\x82\x18\xe2\x85@\x10\x80\
\x17\xd2\xcb\xec\xb0M\xa6`\x96\xcd\xaaw4\xb1\x10S\
\xbd\x1e\x1e\xd4\xb3 \x80z\x13O\xc1P8\xf5z8\
\xcf3b \x96y\xa3+\x18u$\x17\x82\x00\xea\xce\
6\x85C\x01\xd5\xed\xe5\xb0w|\xbe\x81\x18\x86G\xc4\
\x9d\xa2\x08\x04\x01\x14\x85\x7f\x96q\x0a\xe8\x81\x8dl\xe9\
\xf53\xbeR\xfc\xf4\xe6z\xb4Z\x11\x08\x02\xa853\
\xf7\xfd\xa2\xa0Z\xd8\x0dP\xf4\xf8J\x7f?\x8a\xb8R\
\x15\x02A\x00U\xa5c\xd2\x99\xb4\x1b\xa8\x91\x08(x\
\x0a\x1f\x99\x0c\xa4\xd6\x01G\xf3+\x08\xa0\xcd\x8cC\x04\
\xb5\x90@\xb7\xf09n\x13\xd1\x83z\x1d\x04\xd0n\xe2\
!\x01\xde\x1b(I\x04\xd8\xe6\x89\x1f\x85\xdf\xe8:\x0a\
\x02h4q\x1d\xb7\xbd\x89\x80b\xa7\xf0!\x1flw\
\x5c\x89\xc3\xd6\x10\x08\x02h-c\xc3\xfeR\x8c\x14%\
B\x81\x22\xc3\xa3\x97\xdd\xa1\xe8y\xd2'\xc1\xd62\x0d\
\x0d\x8c>\xa2\x8bA\x00\xfb\xcc:\x05\x8at\xc9\x00B\
\xa0\x90\x91\xa1\xa8\xb9\x97\x84\xf1\x14<:\xe8\xd3\xf5\xa1\
\xb9q\xbdA\x04\x82\x00\x1aL\xdaB\x97!\x82$\x14\
2BQ\xf7\x09\xf7\x920\x87\xa2_h.\x86\xb7\x84\
@\x10@K\xd9\x0a_\x03\x81\xcc\x08\x04\x01d\x064\
\xd4\xb5\x89\xc0Q\xbd\x0e\x028j\xe6#\xee@\xc0\x10\
\x08\x020\x10\xa2\x05\x02GE \x08\xe0\xa8\x99\x8f\xb8\
\x03\x01C \x08\xc0@\x88vl\x04\x8e\x1c}\x10\xc0\
\x91\xb3\x1f\xb1\x1f\x1e\x81 \x80\xc3/\x81\x00\xe0\xc8\x08\
\x04\x01\x1c9\xfb\x11\xfb\xe1\x11\x08\x028\xfc\x1286\
\x00G\x8f\xfe\x03\x00\x00\x00\xff\xff\xf8\x81jJ\x00\x00\
\x00\x06IDAT\x03\x00o\xf0\xe3=M\xd8\x13\xd5\
\x00\x00\x00\x00IEND\xaeB`\x82\
\x00\x00\x14)\
\x89\
PNG\x0d\x0a\x1a\x0a\x00\x00\x00\x0dIHDR\x00\
\x00\x01\x00\x00\x00\x01\x00\x08\x06\x00\x00\x00\x5cr\xa8f\
\x00\x00\x10\x00IDATx\x01\xec\x9d[\xc8\xb6\xd9\
\x18\xc7o\xe6\x00)$\xa6D\x94\x88\x03\xbb\xa3\x91\x18\
fBf\x0e0\x859Q\xf6Dv9\x10\xa1f\xa6\
\x109\x90]dO9\x19\x94\xcd\xc1\x8c\xd0`H\xe6\
\xc8\xee\x80H\x11\xa9!\xa1\x84\x83i\x5c\x7f\xef\xfb|\
\xdf\xf3=\xef\xf3\xbc\xcf\xbdY\xd7Z\xd7u\xaf\xdf\xdb\
\xba\x9e\xfby\xee{\xddk]\xebw]\xeb\xbf\xd6w\
\xbf\x9b\xef\x9e\x03_\x10\x80@\xb7\x04\x10\x80nC\xcf\
\xc0!0\x0c\x08\x00Y\x00\x81\x8e\x09 \x00\x1d\x07\x9f\
\xa1\xf7M@\xa3G\x00D\x01\x83@\xa7\x04\x10\x80N\
\x03\xcf\xb0! \x02\x08\x80(`\x10\xe8\x94\x00\x02\xd0\
i\xe0\x19v\xdf\x046\xa3G\x006$8B\xa0C\
\x02\x08@\x87Ag\xc8\x10\xd8\x10@\x006$8B\
\xa0C\x02\x08@\x87Ag\xc8}\x13\xd8\x1e=\x02\xb0\
M\x83\xf7\x10\xe8\x8c\x00\x02\xd0Y\xc0\x19.\x04\xb6\x09\
 \x00\xdb4x\x0f\x81\xce\x08 \x00\x9d\x05\x9c\xe1\xf6\
M`w\xf4\x08\xc0.\x11>C\xa0#\x02\x08@G\
\xc1f\xa8\x10\xd8%\x80\x00\xec\x12\xe13\x04:\x22\x80\
\x00t\x14l\x86\xda7\x81}\xa3G\x00\xf6Q\xe1\x1c\
\x04:!\x90]\x00\x1ejqz\xa6\xd9\xab\xcdn4\
\xfb\xb0\xd9g\xcc>\x8f\x0d0\x18\x8a3Pn)\xc7\
\x94k\xca9\xe5\x9erp\xc8\xfa\x95M\x00\x1ee\xa0\
\xdfh\xf65\xb3\xbf\x98\xfd\xd1\xec;f\x9f4\xbb\xc1\
L\xd7^a\xc7\x97b\x03\x0c\x86\xe2\x0c\x94[\xca1\
\xe5\x9arN\xb9\xa7\x1cT.*'uM9j\xe9\
\x97\xa3d\x10\x80{\x19\xca\xd7\x9a\xddn\xf6\x1b3)\
\xf0\xf3\xed\xf8 3\x0a\x04\x22\x10P.*'\x95\x9b\
\xcaQ\xe5\xaarV\xb9\x1b\xc1\xbf\xe1\x90\x13\x91\x05@\
P\xdfc\x8e\xdfi\xf6q\xb3\xa7\x99Q \x90\x81\x80\
rU9\xab\xdcU\x0e+\x97C\xfa\x1dU\x00\xdea\
\xb4\xfe`\xa6\xe3\xfd\xecH\x81@F\x02\xca]\xe5\xf0\
&\x97\xc3\x8d!\x9a\x00\x5cc\x84~a&\xd5\xbc\x8f\
\x1d)\x10X\x03\x01\xe5\xb2rZ\xb9\xad\x1c\x0f3\xa6\
H\x02\xf0>\xa3r\x8b\xd9\xe3\xcc(\x10X#\x01\xe5\
\xb6r\x5c\xb9^m|\xe7u\x14A\x00.7\x07o\
5{\x9b\x19\x05\x02=\x10P\xae+\xe7\x95\xfbM\xc7\
\xdbZ\x00\x9e`\xa3\xff\x81\xd9s\xcc(\x10\xe8\x89\x80\
r^\xb9\xaf9\xd0l\xdc-\x05\xe0\x0a\x1b\xf5\xb7\xcd\
\x1ecF\x81@\x8f\x04\x94\xfb\x9a\x03\x9a\x0bM\xc6\xdf\
J\x00\xa4z\xdf\xb4\x117\xdf\x02\x99\x0f\x14\x08\xb4$\
\xa09\xa0\xb9\xa09Q\xdc\x8fc\x0d\xb6\x10\x00\x0d\xf8\
fsLG;P \xd0=\x01\xcd\x85&s\xa2\x85\
\x00|\xd1\xc2\xad\xad\x8f\x1d(\x10\x80\xc0)\x01\xcd\x09\
\xcd\x8d\xd3\x8fu\x0e\xb5\x05@\xdf\xfe\xd0\xc3\x8f:\xa3\
\xa3\x17\x08\xe4\x22\xa0\xb9\xa19R\xcd\xeb\x9a\x02\xa0\x1f\
\x80\xd0\xb7?\xaa\x0d\x8e\x8e \x90\x90\x80\xe6\x88\xe6\xca\
b\xd7\xc74PS\x00>0\xc6!\xea@\x00\x02C\
\xb5\xb9RK\x00\xf4\xf3\xd0\xfa)(b\x0b\x01\x08\x1c\
'\xa0\xb9\xa29s\xbc\xe6\xc2\x1a5\x04@\xbf\x09\xf5\
\xae\x85~r;\x04z#\xa09\xa3\xb9\xe3:\xee\x1a\
\x02\xf0\x16\x1b\x81~\x19\xc2\x0e\x14\x08@`$\x01\xcd\
\x19\xcd\x9d\x91\xd5/\xad6\xf6\x93\xb7\x00\xe8\x0f\x22\xbc\
a\xac3\xd4\x83\x00\x04.!\xa0\xb9\xa39t\xc9\xc9\
\x92\x1f\xbc\x05\xe0\xe5\xe6\xac~'\xda\x0e\x14\x08@`\
\x22\x01\xcd\x1d\xcd\xa1\x89\xb7\x8d\xaf\xee-\x00/\x1e\xef\
J\x91\x9a?\xb3V\xf4c\x95_\xb6#6\x0c0(\
\xcb@\xb9\xa5\x1c\xb3\xf4\xaaV\x5c\xe7\x90\xa7\x00\xe8\x8f\
#\xeaO#y\x93\xba\xc3:x\x95\xd9\x03\xcc\x9ed\
\xf6<\xb3\xeb\xb1\x01\x06Cq\x06\xca-\xe5\x98rM\
9\xa7\xdc\xb3Ts-\x9aC\x9aK\xa3;\x99R\xd1\
S\x00\xae\x9d\xe2\xc8\x8c\xbaw\xd9=\xfa7\xd2\x93\xed\
\xa8?\xd7\xfc\x0f;R P\x83\x80rM9\xa7\xdc\
S\x0e*\x17=\xfbu\x9bK\x9e\x02\xa0\xbf\x99\xee\x05\
\xe5\xcf\xd6\xf0\x95f\x1f3\xa3@\xa0%\x01\xe5\xa0r\
Q9\xe9\xe5\x87\xdb\x5c\xf2\x14\x80\xa7:\xd1\x90\xda\xbe\
\xc0\xda\xfe\xb1\x19\x05\x02\x11\x08(\x17\x95\x93\xcaM\x0f\
\x7f\xbc\xe6\xd2\xe0%\x00\xfa7\x8b\xd7\x0f1\xbc\xd9\x08\
\x0b\xb8\x1d(\x10\x08C@9\xa9\xdc\xf4pHsi\
\xd4\xff@4\xb5s/\x01x\xc4TGF\xd6\xd7C\
\x17m\xb9FV\xa7\x1a\x04\xaa\x12Pn*G=:\
}\xacG\xa3^\x02\xf0H\x0fg\xadM\xfdwLv\
\xa0@ ,\x01\xaf\x1cu\x99S^\x02\xe0\xb2]\xb1\
\x90\x7f\xc5\x8c\x02\x81\xc8\x04\xbcr\xd4eNy\x09\xc0\
\x03\x1d\x22\xa4\x1f\xc0\xd0\xb7_\x1c\x9a\xa6I\x08\x14#\
\xa0\x1cU\xae\x16k\xf0\xb4\xa1\xa3s\xea\xb4\xde\xa4\x83\
\x97\x00\xdcw\x92\x17\xe3*\xeb\xbfW\x1aW\x93Z\x10\
hK\xc0#W=\xe6\x94\xdbw\x01.s\xe0\xff\x1f\
\x876i\x12\x02\x1e\x04<r\xd5cN\xb9\x09\x80\x07\
T\xda\x84\x00\x04\x0a\x13\xf0\xfa'@a7i\x0e\x02\
\x108\x8f\xc0\xdck\x08\xc0\x5cr\xdc\x07\x81\x15\x10@\
\x00V\x10D\x86\x00\x81\xb9\x04\x10\x80\xb9\xe4\xb8\x0f\x02\
+ \x80\x00\xac \x88\x0c\xa1o\x02KF\x8f\x00,\
\xa1\xc7\xbd\x10HN\x00\x01H\x1e@\xdc\x87\xc0\x12\x02\
\x08\xc0\x12z\xdc\x0b\x81\xe4\x04\x10\x80\xe4\x01\xc4\xfd\xbe\
\x09,\x1d=\x02\xb0\x94`\x8c\xfb\xaf27n4\xbb\
m\xcb\xee\xb6\xf7:'\xb3\xb7\x14\x08\x9c%\x80\x00\x9c\
e\x92\xed\x8c&\xb8&\xfe\x0d\xe6\xb8\x84`c\xf6q\
\xd09\xd9F\x0ct\x0e\x83\xc0\x05\x02\x08\xc0\x05\x14\xe9\
\xdeh\xa2kbk\x82\x8fq^\xf5$\x14c\xeaR\
\xa7\x13\x02\x08@\xce@oV\xfd\xa9\xdeK4\x10\x81\
\xa9\xd4\x82\xd6/\xe1\x16\x02P\x82b\xfd6\xb4\x9a\xcf\
\xedU\x22\xa0\x9d\xc3\xdc\xfb\xb9oE\x04\x10\x80|\xc1\
\xd4\xea_\xc2k\x09A\x89vh#1\x01\x04 W\
\xf04\xf9\x97\xac\xfe\xdb\xa3-\xd5\xcev\x9b\xbcOF\
\x00\x01\xc8\x15\xb0\x92\x93V;\x00Y.\x02x\xfb\x7f\
\x02\xa5^\x10\x80R$\xfd\xdb\xd1\xea_\xba\x97\x92\x82\
R\xda7\xda\xab@\x00\x01\xa8\x009p\x17\xec\x00\x02\
\x07\xa7\x86k\x08@\x0d\xcae\xfa\xf0Z\xad\x11\x812\
\xf1I\xd9\x0a\x02\x90#l\x1e\xdb\xff\x1c#\xc7\xcb3\
\x04J\x9e@\x00J\xd2\xf4k\xcbk\xf5\x97\xc7\x9em\
\xab},0\x01\x04 ppN]c\xf5?\x05\xc1\
\xa1<\x01\x04\xa0<\xd3l-\xf2\x0c [\xc4\x0a\xfa\
\x8b\x00\x14\x84\xe9\xd4T\x8d-:\x22\xe0\x14\xbc\xd2\xcd\
\x96n\x0f\x01(M\xb4l{l\xff\xcb\xf2\xa4\xb5\x1d\
\x02\x08\xc0\x0e\x90`\x1fk\xac\xfe\x1ar\xad~\xd4\x17\
\x16\x88\x00\x02\x10(\x18;\xae\xb0\xfa\xef\x00\xe1cy\
\x02\x08@y\xa6\x19[\xe4\x19@\x82\xa8y\xb8\x88\x00\
xP-\xd3f\xedm9\x22P&n\xa9ZA\x00\
b\x86\x8b\xed\x7f\xcc\xb8\xac\xce+\x04 fHk\xaf\
\xfe\xa2\xd0\xa2O\xf5\x8b5$\x80\x004\x84\x7f\xa0k\
V\xff\x03`z>\xed5v\x04\xc0\x8bl\xbevy\
\x06\x90/f\x8b=F\x00\x16#,\xde@\xcb\xad8\
\x22P<\x9c\xb1\x1bD\x00b\xc5\x87\xed\x7f\xacx\xac\
\xde\x1b\x04 V\x88[\xae\xfe\x22\xd1\xba\x7f\xf9\x80\xed\
\x10\xf0\xfc\x88\x00x\xd2\x9d\xd66\xab\xff4^\xd4.\
@\x00\x01(\x00qEM\xf0\x0c`E\xc1\x1c3\x14\
\x04`\x0c\xa5:u\xa2l\xbf\x11\x81:\xf1\x0e\xd1\x0b\
\x02\x10\x22\x0c\x03\xdb\xff\x81\xaf}\x04\xbc\xcf!\x00\xde\
\x84\xc7\xb5\x1fe\xf5\x97\xb7\x91|\x91?\x98#\x01\x04\
\xc0\x11\xee\xc8\xa6Y\xfdG\x82\xa2Zy\x02\x08@y\
\xa6\xd9[\xe4\x19@\xf6\x08N\xf0\x1f\x01\x98\x00\xcb\xa9\
j\xc4-7\x22\xe0\x14\xec)\xcd\xd6\xa8\x8b\x00\xd4\xa0\
|\xb8\x0f\xb6\xff\x87\xd9p\xa5\x02\x01\x04\xa0\x02\xe4s\
\xba\x88\xb8\xfa\xcb\xdd\xa8~\xc97\xac \x01\x04\xa0 \
\xcc\x89M\xb1\xfaO\x04F\xf5\xf2\x04\x10\x80\xf2L\xd7\
\xd0\x22\xcf\x00\x1aG\xb1V\xf7\x08@-\xd2g\xfb\x89\
\xbe\xcdF\x04\xce\xc6lug\x10\x806!e\xfb\xdf\
\x86;\xbd\xee\x10@\x00v\x80T\xfa\x18}\xf5\x17\x86\
\x0c>\xcaOl\x01\x01\x04`\x01\xbc\x99\xb7\xb2\xfa\xcf\
\x04\xd7\xcbm5\xc7\x89\x00\xd4\xa4\x9d\xab/\x9e\x01\xe4\
\x8a\xd7,o\x11\x80Y\xd8\x16\xdd\x94ik\x8d\x08,\
\x0au\xfc\x9b\x11\x80\xba1b\xfb_\x977\xbd\x1d!\
\x80\x00\x1c\x01T\xf8r\xa6\xd5_C\xcf\xe6\xaf|N\
m\xb5\x9dG\x00\xea\x11\xf7\x5c\xfdo\xaa7\x0czZ\
\x13\x01\x04`=\xd1\xfc\x9e\xc3Px\x06\xe0\x005R\
\x93\x08@\xbdhxn\xa7=w\x17\x88@\xbd\x1c\xa9\
\xde\x13\x02P\x07\xb9\xe7\x04\xddl\xff7\xc7:#\xa2\
\x97\xe2\x04Z4\x88\x00\xd4\xa1\x9eu\xf5\x17\x1dO\xdf\
\xd5>\xd6\x90\x00\x02p\x1c\xbe\xb6\xc0\xb2\xdb\xac\xea\x5c\
\xb3[]\xca\xf6\xaa\xef\xf1\x0c\xc0\xc5ikT<e\
sy\x1e\xbbO;.\x99\xfa\xb0\xee(\x87\x08 \x00\
\xfb\xc9(q\x94dw\xdbe\x1de:7\xd7\xac\x99\
*\xc5C\x044\xe6R\xcekR\x96b*\xbf\x0e\x99\
v-2\xc5M\xfd\xa9_\xd5-5\x8e\xd5\xb4\x83\x00\
\x9c\x0d\xa5\x92E\x89\x93!a\xe4\xeb\xd9\x11\x94?\xb3\
\x94\x85\xee\x17SM\xca\xf2\xde\x1doQ\xfd\xaa\xffZ\
\xbc\x8e{\xb4S\xa3\xd5G\x04\xe0R\xf2J\x12%\xcb\
\xa5gc~\xda\xde\xfeo<\xdcwns\xad\xd5Q\
\x93N\x5c%\x02\xad|\xd8\xf4\xab\xd8\xca\x97\xcd\xe7\xee\
\x8f\x08\xc0\xc5\x14P\xa2FH\xd2\x8b\x1e\x9d\xffN\xfe\
\x9e_\xa3\xdcUM\x9c9\xad\xc9\xc7\xb9\xf7\xce\xe9o\
\xcc=\x8a\xb1\xfc\x1aSw\xf5u\x10\x80\x93\x10+!\
\xa2%\xea\x89g\xfb_\x0f\xad\xf4\x1e\xcf\x00\xf6{0\
\xeelT\xa6\xf2KB0n\x14+\xae\x85\x00\x9c\x04\
W\x09q\xf2.\xff\xab\x87\x08\xcc\x99,\x12\xd5\xc84\
\xc3\xc4\xbc%$\x04`\x18\xa2'\xea\xb0\xe7\xab\x85\xcf\
W\xed\xf1\xe3\xbcS\xd1'\x98\xc6#;o\x0c\xab\xbf\
\x86\x00\xe4\x0b\xf1\xa1\xed\xfff$\xc7\xaeo\xeay\x1e\
[\x08\xd4\x9c\xf1 \x00s\xa8\xad\xec\x9eg$\x1bO\
\xab\xc95eE\x9fR\xb7%\xfel\xb1/\xce\x8a\x1d\
\xc00dZ\x05\xc6\xac\xee\x1e\xcf\x00\x86\x09_\xad\x04\
j\x82\x8b\x17\xaa6\x8f\xfd\x05O\x1a\xbdA\x00\x1a\x81\
w\xee\xd6C\x04\xba\x9f,\xce1k\xd2<\x020\x0c\
\x1e\x93ep\xfaj\xbd\xba\x8e\x11\x81,\xdb\x7f\x85(\
S\xec\xe5oqC\x00\x86\xe1\xfb\xc5\xa9\xfa48f\
\xfb\xbf\xe9yJ\xdd\xcd=%\x8e\xad\x05j\xea\x18\xb2\
\xc4~\xea\xb8F\xd7G\x00\x86!\xcb*\x10ar\x1d\
[\xdd\x8f]\x1f\xf8\xbaH \xc2;\x04\xe0D\x00\xa2\
\x8b\xc0\xd4\x15\xbd\xc5x\x22\x08\xd4\xd49\x95\xd1\xe7\xa9\
c<\xb7>\x02p\x82g\xea\x04;\xb9\xab\xde\xeb\x9c\
D\xf5\x10\x811\xcf\x00\xeaQY\xd6S\xf4\x98/\x1b\
\xdd\xc8\xbb\x11\x80\x13P\x9a,Q\x13\x22\x9a_\x87D\
 \xd3\xf6_L\xe7\x88\xeaI\xb6\xac\xe8\x15\x01\xb8\x18\
L%\x84\x84\xe0\xe2\x99\xf6\xef\x96$\xaa\xee\xad5\x02\
\xb1\xab\xd5\xd7\xd2~\x14\xe3\xe6\xfe.\x1dD\xa9\xfb\x11\
\x80KI^m\x1fkN\x1c\xebnoQ\x92\xca\x97\
\x88\x89\xbao\xa5\xdfwn\xef\xc0\x1a\x9fTl\xc5\xb5\
\xb1\x1bq\xbaG\x00\xce\xc6B\x93NI\xa2d9{\
\xd5\xff\x8c\xfaU\xff\x12\x81%\xbd-\xbd\x7fl\xdf\xe2\
5\xb6n\xabzb!\xa6\x19|\xad\xca\x08\x01\xd8\x8f\
[\x09\xa3d\xb9\x87]V\xe2hR\xcat\xde\xc3\xd4\
\x87L\xfd\xa9_\xeb\xb6H\x91\xafE\x1a\xdaj\xe4\xd0\
3\x80\xad*\xc5\xde\xca\xff\xb9&\x9e21\xd5Q\xed\
\x14sl-\x0d!\x00\xc7#\xa9\xc4\xd1\xa4\x94)\x91\
<L}\xc8\x8e{\x13\xa3\xc6\xb6\x08xn\xff\x97\xb0\
\x16OY\x0cb[^Dz\x8b\x00D\x8aFy_\
\xb4k)\xdf\xea\xc5\x16%\x8a\x17?\x95}\xe7\xed{\
Yo\x93\xb6\x86\x00$\x0d\x5cc\xb77\xab\xfe\xe6\xe8\
\xe1\x8e\xa7\xb8x\xf8\x9b\xb2M\x04 e\xd8F;\xed\
\xb9\x05\xf6\x9c\xa0\xac\xfe\xa3C\xbc\xac\x22\x02\xb0\x8c_\
\x86\xbb=D`\xfb\x19@\x06\x06a|\x8c\xe6\x08\x02\
\x10-\x22y\xfca\xfb\x9f'V\x07=E\x00\x0e\xa2\
Y\xcd\x85l\xdb\xe9l\xfe\xa6N\x14\x04 u\xf8V\
\xe9\xbc\xe7\xb3\x85U\x02[2(\x04`\x09\xbd\x1c\xf7\
z<\x03\xf0\x1a\xf9\xaaW\x7f/hK\xdaE\x00\x96\
\xd0\xcbso&\x11\xc8Cu\x05\x9e\x22\x00+\x08\xe2\
\x8a\x86\xc0\xf6\xbfr0\x11\x80\xca\xc0\x1bu\x97ak\
\x9d\xc1\xc7F\xe1\xf3\xeb\x16\x01\xf0cK\xcb\xd3\x08\xac\
z\xf5\x9f\x86\xa2^m\x04\xa0\x1e\xeb\x96=E\x7f\x06\
\xc0\xea\xdf(;\x10\x80F\xe0\x1bt\x1b]\x04\x1a \
\xa1K\x04\x80\x1c\x88@\x80\xed\x7f\xa3( \x00\x8d\xc0\
7\xe86\xea6;\xaa_\xc5B\x14\xb9!\x04 r\
t\xfa\xf0\x8d\xd5\xbfa\x9c\x11\x80\x86\xf0+w\x1d\xf1\
\x19\x00\xab\x7f\xe5$\xd8\xed\x0e\x01\xd8%\xb2\xee\xcf\x11\
E`\xdd\xc4\x83\x8f\x0e\x01\x08\x1e\xa0\x95\xbb\xb7\xfa\xed\
\x7f\xf4\xf8!\x00\xd1#T\xd6\xbfH[\xeeH\xbe\x94\
\xa5\x9c\xa85\x04 Q\xb0V\xe6*\xab\x7f\x80\x80\x22\
\x00\x01\x82P\xd1\x85(\xcf\x00X\xfd+\x06\xfd\xbc\xae\
\x10\x80\xf3\xe8\xac\xf3Z\x14\x11X'\xdd\xadQex\
\x8b\x00d\x88\xd2\xfa|d\xfb\x1f$\xa6\x08@\x90@\
Tt\xa3\xf5\xf6\xbbu\xff\x15Q\xc7\xef\x0a\x01\x88\x1f\
\xa3\xb5y\xc8\xea\x1f(\xa2\x08@\xa0`Tr\xa5\xe5\
3\x80nV\xffJ\xb1\x5c\xdc\x0d\x02\xb0\x18a\xca\x06\
Z\x8a@J`ku\x1a\x01Xkdc\x8e\x8b\xed\
\x7f\xb0\xb8 \x00\xc1\x02R\xc9\x9d\x16[\xf1\x16}V\
\xc2\x99\xb7\x1b\x04 o\xec\xb2y\xde\xcd\xea\x9f)0\
\x08@\xa6h\x95\xf3\xb5\xf63\x00V\xffr\xb1+\xda\
\x12\x02P\x14g\xaa\xc6j\x8b@*8\xbd8\x8b\x00\
\xf4\x12\xe9\xb6\xe3d\xfb\xdf\x96\xff\xc1\xde\x11\x80\x83h\
V\x7f\xa1\xd6\xb6\xbcV?!\x02\x96\xcd\x09\x04 [\
\xc4\xf2\xf9\xcb\xea\x1f8f\x08@\xe0\xe08\xbbV\xe3\
\x19\x00\xab\xbfs\x10\x976\x8f\x00,%\x98\xfb\xfe\x1a\
\x22\x90\x9b\xd0\xca\xbdG\x00V\x1e\xe0\xc6\xc3\xebj\xfb\
\xdf\x98\xf5\xac\xee\x11\x80Y\xd8Vs\x93\xe7\x16\xdd\xb3\
\xed\xd5\x04\xa0\xf5@\x10\x80\xd6\x11Xo\xff\xac\xfe\x09\
b\x8b\x00$\x08\x92\xa3\x8b^\xcf\x00X\xfd\x1d\x83V\
\xb2i\x04\xa0$\xcd\x9cmy\x89@N\x1a3\xbd\xce\
z\x1b\x02\x905r\xe5\xfc\xf6X\xad\xd9\xfe\x97\x8b\x8f\
kK\x08\x80+\xde\x14\x8dk\x07 +\xe5\xac\x87\xa0\
\x94\xf2\x8dvv\x08 \x00;@:\xfdXj\xd2\xaa\
\x1dV\xffDI\x84\x00$\x0a\x96\xa3\xab\xa5v\x00]\
N~\xc7\xb8\xb87\x8d\x00\xb8#N\xd3\xc1=\xcc\xd3\
%B\xa0\xd5\xdf\x9a\xa0d\x22\x80\x00d\x8a\x96\xbf\xaf\
W[\x17sD@\xf7\xb1\xfa\x1b\xbcl\x05\x01\xc8\x16\
1\x7f\x7f5\x99\xc7\xae\xe6\xaa\xb7t\xe7\xe0?\x22z\
8H\x00\x018\x88\xa6\xeb\x0bZ\xcd5\xb15\xc1e\
\x82\xa1\x9d\xc1\xc6tNB\xa1z\xba\xd6\xade\x1f8\
\x02\x90=\x82\xbe\xfek\x82\xcb$\x06\x9a\xf0\x1b\xd39\
\x89\x81o\xef\xb4\xeeN\x00\x01pGL\x07\x10\x88K\
\x00\x01\x88\x1b\x1b<\x83\x80;\x01\x04\xc0\x1d1\x1d\xac\
\x95\xc0\x1a\xc6\x85\x00\xac!\x8a\x8c\x01\x023\x09 \x00\
3\xc1q\x1b\x04\xd6@\x00\x01XC\x14\x19\x03\x04f\
\x12@\x00f\x82\xe3\xb6\xbe\x09\xace\xf4\x08\xc0Z\x22\
\xc98 0\x83\x00\x020\x03\x1a\xb7@`-\x04\x10\
\x80\xb5D\x92q@`\x06\x01/\x01\xb8k\x86/\xc7\
n\xb9\xf7\xb1\x0a\x5c\x87@\x0d\x02#\xfa\xf0\xc8U\x8f\
95x\x09\xc0\xbfF@\x9aZ\xe5\xe1So\xa0>\
\x04\x1a\x11\xf0\xc8U\x8f9\xe5&\x00\x7fs\x00\xffD\
k\xf3\xfef\x14\x08D&\xa0\x1cU\xae\x96\xf6\xd1c\
N\xb9\x09\xc0\x9fJ\x8f\xfe\xb4\xbd\x17\x9e\x1e9@ \
*\x01\xaf\x1cu\x99S^\xff\x04\xf8\x9dSt^\xe3\
\xd4.\xcdB`\x14\x81\x11\x95\xbcr\xd4eNy\x09\
\xc0\xafF\x80\x9aS\xe5\x0a\xbb\xe9\xf5f\x14\x08D$\
\xa0\xdcT\x8ez\xf8\xf6{\x8fF\xbd\x04@\xdb\x95\xbf\
z8lm~\xc8\xec)f\x14\x08D\x22\xa0\x9cT\
nz\xf8\xa4\xb9\xf4[\x8f\x86\xbd\x04@\xbe\xfeH/\
\x0ev\x99\xb5\xf9U3\x01Pq\xdf\xe3\x00\x00\x03\xd2\
IDAT\xb7\x03\x05\x02\xcd\x09(\x17\x95\x93\xcaM\
\x0fg\xbc\xe6\x92\xdbC@A\xf8\xae^\x9c\xec!\xd6\
\xee\xedf\xdar\xd9\x81\x02\x01\x7f\x02\x07zP\x0e*\
\x17\x95\x93\x07\xaa,>\xed6\x97<w\x00\xb7,\x1e\
\xf6\xf9\x0dHm?jU~b\xf6J3}\xfb\xc5\
\x0e\x14\x08\xb8\x13P\xae)\xe7\x94{\xcaA\xe5\xa2g\
\xa7ns\xc9S\x00\xf4o\x96\x1fzR9m[\x0f\
]>m\xef\xffn\xf6S\xb3o\x98\xdd\x8c\x0d0\x18\
\x8a3Pn)\xc7\x94k\xca9\xe5\x9e\xa5\x9ak\xd1\
\x1c\xd2\x5cr\xe9\xc4S\x00\xe4\xf0\x97\xf4R\xd1\xf4\x03\
\x18\xcf\xb5\xfe^\x84\x0d0\x18\x8a3Pn)\xc7,\
\xbd\xaa\x15\xd79\xe4-\x00\x9f3L\xff4\xa3@ \
5\x81F\xcek\xeeh\x0e\xb9u\xef-\x00\xff5\xcf\
\xf5o$;P \x00\x81\x89\x044w4\x87&\xde\
6\xbe\xba\xb7\x00\xc8\x93\x0f\xda\xcb\xbf\xcd(\x10\x80\xc0\
x\x02\x9a3\x9a;\xe3\xef\x98Q\xb3\x86\x00\xe8\x87\x18\
\xde=\xc37n\x81@\xcf\x044g4w\x5c\x19\xd4\
\x10\x00\x0d\xe0\xbd\xf6\xf2K3\x0a\x04\xd2\x11h\xe0\xb0\
\xe6\x8a\xe6\x8c{\xd7\xb5\x04@\x03y\xab^0\x08@\
\xe0(\x81js\xa5\xa6\x00\xdcj\xc3~\xbf\x19\x05\x02\
\x108L@sDs\xe5p\x8d\x82Wj\x0a\x80\xdc\
~\xbb\xbd|\xcb\x8c\x02\x01\x08\x9c%\xa0\xb9\xa19r\
\xf6\x8a\xd3\x99\xda\x02\xa0a\xbc\xc4^~mF\x81@\
x\x02\x15\x1d\xd4\x9c\xd0\xdc\xa8\xd8\xe5\xe0\xfa\xcb@\x87\
\x06r\xa7]\xb8\xdeLG;P \xd0=\x01\xcd\x85\
&s\xa2\xc5\x0e@\xd1\xfe\xb9\xbd\xe8\xc7*5p{\
K\x81@\xb7\x044\x074\x174'\xaaCh%\x00\
\x1a\xe8\x1d\xf6\xf2l3m}\xec@\x81@w\x04\x94\
\xfb\x9a\x03\x9a\x0bM\x06\xdfR\x004`\xa9\xde\xd3\xed\
\x8d\x1e~\xd8\x81\x02\x818\x04\x9c=Q\xce+\xf75\
\x07\x9c\xbb:\xdc|k\x01\x90g\xda\x02]co\xf4\
\xed\x0f;P \xb0z\x02\xcau\xe5\xbcr\xbf\xe9`\
#\x08\xc0\x06\x80\xbe\xfdq\xad}\xd0OA\xd9\x81\x02\
\x81\xd5\x11Pn+\xc7\x95\xeb!\x06\x17I\x00\x04D\
?\x00\xf1x{\xf3N3\xfd2\x84\x1d(\x10HO\
@\xb9\xac\x9cVn+\xc7\xc3\x0c(\x9a\x00l\xc0\xe8\
\xe7\xa0\xf5\xdf+\xe9\xa8\xdf\x89\xde\x9c\xe7\x08\x81*\x04\
\x0au\xa2\xdcU\x0eor\xb9P\xb3\xe5\x9a\x89*\x00\
\x1a\xa1~\x13J\xaay\xb9}x\x9d\x99\xfe4\x92\x1d\
(\x10\x08O@\xb9\xaa\x9cU\xee*\x87\x95\xcb!\x9d\
\x8e,\x00\x1b`\xfa\x83\x08\x9f\xb0\x0fW\x9a=\xda\xec\
Mf_7\x0b\x0b\xd5|\xa3\xf4E@\xb9\xa8\x9cT\
n*G\x95\xab\xcaY\xe5nh\x12\x19\x04`\x1b\xa0\
\xfe8\xe2G\xec\xc4uf\x0f6{\x98\xd9\xb3\xcc\xf4\
\xdf1\xdddG]\xfb\xac\x1d\xbf\x80\x0d0\x18\x8a3\
Pn)\xc7\x94k\xca9\xe5\x9erP\xb9x\x9d\xe5\
\x9c\xae)G\xedm\x8e\x92M\x00v\xa9\xea\x7f \xd2\
\xdfL\xff\x94]\xb8\xd1L\x0a\xac?\xd7\xfc2{\x8f\
\x0d\x03\x0cf0\x18\x0e\xdf\xa3\xdcR\x8e)\xd7\x94s\
\xca=\xe5\xa0\xdd\x92\xb3d\x17\x80\x9c\xd4\xf1\x1a\x02A\
\x08 \x00A\x02\x81\x1b\x10hA\x00\x01hA\x9d>\
!\x10\x84\x00\x02\x10$\x10\xb8\x11\x83@o^ \x00\
\xbdE\x9c\xf1B`\x8b\x00\x02\xb0\x05\x83\xb7\x10\xe8\x8d\
\x00\x02\xd0[\xc4\x19/\x04\xb6\x08 \x00[0x\xdb\
7\x81\x1eG\x8f\x00\xf4\x18u\xc6\x0c\x81S\x02\x08\xc0\
)\x08\x0e\x10\xe8\x91\x00\x02\xd0c\xd4\x193\x04N\x09\
 \x00\xa7 8\xf4M\xa0\xd7\xd1#\x00\xbdF\x9eq\
C\xc0\x08 \x00\x06\x81\x02\x81^\x09 \x00\xbdF\x9e\
qC\xc0\x08 \x00\x06\x81\xd27\x81\x9eG\x8f\x00\xf4\
\x1c}\xc6\xde=\x01\x04\xa0\xfb\x14\x00@\xcf\x04\x10\x80\
\x9e\xa3\xcf\xd8\xbb'\x80\x00t\x9f\x02}\x03\xe8}\xf4\
\xff\x03\x00\x00\xff\xff=\x87\xfcb\x00\x00\x00\x06ID\
AT\x03\x007rI=\xf58\xaf\x15\x00\x00\x00\x00\
IEND\xaeB`\x82\
\x00\x00%\xb3\
\x89\
PNG\x0d\x0a\x1a\x0a\x00\x00\x00\x0dIHDR\x00\
\x00\x01\x00\x00\x00\x01\x00\x08\x06\x00\x00\x00\x5cr\xa8f\
\x00\x00\x10\x00IDATx\x01\xec\x9d\x09\xb4}\xd7\
|\xc7\xaf\xd6\xd4E\xcd\xba\xa8\xb1\xa6RZ\x84\x90\x96\
VbXT\x0c\x15$5\xa4\x89\xb1\xa8!\xa6UT\
(Qt\x99bVc\xd2\x18\x1aC\xd4\x10e\x19B\
K\x1bBDK\xa9\xa9\xc6\xb2J\x88TV\xc5\x90\xf8\
~\xfey\xef\x9f\xfb\xde\xbb\xef\xdc\xb3\xcf\xd9\xbf=\xfe\
\xde\xda\xbf\xb7\xcf=g\xef\xdf\xf0\xfd\x0dw8\xe7\xec\
\xf3+\x0b\xffs\x04\x1c\x81n\x11\xf0\x02\xd0\xad\xeb\xdd\
pG`\xb1\xf0\x02\xe0Q\xe0\x08t\x8c\x80\x17\x80\x8e\
\x9d\xef\xa6\xf7\x8d\x00\xd6{\x01\x00\x05'G\xa0S\x04\
\xbc\x00t\xeax7\xdb\x11\x00\x01/\x00\xa0\xe0\xe4\x08\
t\x8a\x80\x17\x80N\x1d\xeff\xf7\x8d\xc0\xa6\xf5^\x00\
6\x91\xf0\xde\x11\xe8\x10\x01/\x00\x1d:\xddMv\x04\
6\x11\xf0\x02\xb0\x89D\x9b\xfd\x85e\xd6\x15D\xbf-\
\xba\xa9\xe8V\xa2\xdb\x8b\xee\x22:Ht\x8f\x0db\x9b\
}\x1cc\x0cc\x99\xc3\x5cxh\x98\xb7\x16\x11\xf0\x02\
P\xafW/\x22\xd5\xaf/\x22q\x1f\xa9\xfey\xa2\xe3\
E\xff\x22\xfa\x92\xe8G\xa2\xb3E\xdf\x11}At\x8a\
\xe8\xc3\xa2\xf7\x8a\xde!z\x9b\xe8-\x1b\xc46\xfb8\
\xc6\x18\xc62\x87\xb9\xf0\x80\x17<\xe1\x8d\x0cd!\x13\
\xd9\xe8\x80.b\xe5\xad\x06\x04\x96u\xf4\x02\xb0\x8cF\
\xb9\xdb\xd7\x93j\xf7\x12=S\xf4N\x11\xc9\xf8\x13\xf5\
\x9f\x15\x91\xb8/T\xff\x18\xd1\xc1\xa2[\x8a\xae%\xba\
\x84(V\x83\x17<\xe1\x8d\x0cd!\x13\xd9\xe8\x80.\
\xe8\x84n\xe8\x88\xae\xe8\x1cK\xbe\xf31B\xc0\x0b\x80\
\x11\xb03\xd8^Nsyg%\x91>\xa8m\xde}\
\xffS\xfd\x1bEO\x14\xddYD2\xaa+\xaa\xa1\x13\
\xba\xa1#\xba\xa23\xbac\x03\xb6`\x13\xb6\x15\xa5t\
\xef\xcax\x01\xc8\x1f\x01\x17\x93\x0a$\xc7\x0b\xd4\x9f*\
\xfa\x9e\x88wV\x12\xe9\xd6\xda\xe6\xddW]\x95\x0d\xdd\
\xb1\x01[\xb0\x09\xdb\xb0\x11[\xb1\x19\xdb\xab4\xac\x15\
\xa5\xbd\x00\xe4\xf1$\x1f\x8f\x1f+\xd1\xef\x17\xfdXD\
r\x1c\xa1\xfe\xc6\xa2\xd6\x1b6b+6c;\x18\x80\
\x05\x98\xb4n{v\xfb\xb6+\xe0\x05`;\x22v\xaf\
\xf7\x11\xeb\xa7\x8b>#\xe2\xe3\xf1s\xd5\xdfV\xd4{\
\x03\x03\xb0\x00\x13\xb0\x01#\xb0\xea\x1d\x97$\xf6{\x01\
\xb0\x85\xf9\xdab\xffd\x11\x81\xfd)\xf5G\x8a~O\
\xe4m5\x02`\x03F`\x05f`\x07\x86\xabG\xfb\
\xde\xd9\x08x\x01\x98\x0d\xe1\x0e\x06`z\x98\xf6\xf2\xd1\
\xf6\x8b\xea\x8f\x12\x11\xd8\xea\xbc\x05 \x00f`\x07\x86\
`\x09\xa6`\x1b\xc0\xc2\x87\xaeC\xc0\x01]\x87\xd0\xf8\
\xe3\x04,?n\x9d\xae)\xc7\x88\xf8h\xab\xce[\x04\
\x04\xc0\x12L\xc1\x16\x8c\xc1:\x02\xdb\xbeX\xac\xb2\xd6\
\x0b\xc0*T\xc2\xf6\xf1k\xf6\xbb5\x85\x8f\xac\xfc\xb8\
u)m{\xb3A\x00l\xc1\x18\xac\xc1\x1c\xecm$\
u\xc2\xd5\x0b\xc0tG?PS9\xa5\xc5\xaf\xd9\x07\
j\xdb[Z\x04\xc0\x1c\xec\xf1\x01\xbeH+\xbd\x11i\
^\x00\xc2\x1d\xf9(M\xf9\xaa\xe8U\x22Ni\xa9\xf3\
\x96\x11\x01|\x80/\xf0\x09\xbe\xc9\xa8J}\xa2\xbd\x00\
\x8c\xf7\x19\xc1\xf5\x0d\x0d?Z\xf4[\x22oe!\x80\
O\xf0\x0d>\xc2Wei\x97Y\x9b\xdd\xc4{\x01\xd8\
\x0d\x99\xf3\xf7\xf3\xf1\xf2\xcbzIp]E\xbd\xb7\xb2\
\x11\xc0G\xf8\x0a\x9f\xe1\xbb\xb2\xb5\xcd\xac\x9d\x17\x80\xdd\
\x1d\xc0\x0fL\x9f\xd0a>^^S\xbd\xb7\xba\x10\xc0\
g\xf8\x0e\x1f\xe2\xcb\xba\xb4O\xa4\xad\x17\x80\x9d@s\
\x8a\xe9\x04\xed\xe6\x07\xa6}\xd5{\xab\x1b\x01|\x88/\
\xf1)\xbe\xad\xdb\x9a\xc8\xda{\x018\x1fP\xb0x\x96\
^r\x8a\xe9n\xea\xbd\xb5\x85\x00>\xc5\xb7\xf8\x18_\
\xb7e\xdd\x805C\x87\x1c\x88\xf3\xd0\xb9\xa7:\xae8\
{\x82zom#\x80\x8f\xf15>o\xdb\xd2\x11\xd6\
\xf5^\x00X\xf2\xea8\xe1\xf4f\x11\xdf\x19\xd5y\xeb\
\x00\x01|\x8d\xcf\xf1=1\xd0\x81\xc9\xabM\xec\xb9\x00\
pm\xf9\xe7\x04\xcb}E\xde\xfaD\x00\xdf\x13\x03\xc4\
B\x97\x08\xf4X\x00.#OS\xf9\xb9\xb6\x9cm\xbd\
\xf4\xd61\x02\xc4\x00\xb1@L\xb0\xdd\x14\x14\xeb\x8c\xe9\
\xad\x00p:\xe84\x81B\xe5W\xd7T\xfb?Y\xc3\
\x8f\x5c\xfc\xe2\xfd\x12m\xb3\x0a\xcf\xfd\xd4\xdfI\xf4\xfb\
\x22\x16\xdc\xb8\xb2\xfaK\x8b~MtA\xd1\x056\x88\
m\xf6q\x8c1\x8ce\x0es\xe1\x01/x\xc2\x1b\x19\
\xc8\xd2\xd4\xa6\x1a1Al\x10#M\x196dLO\
\x05\x80_\x7f\x09`.\x14\x19\xc2\xa4\xf4c\xbf\x90\x82\
\xac\xda\xfbj\xf5\x5c\xf1\xc6\x9dr$-\xcbo\xddH\
\xfb\xfeD\xf4\x08\xd1\xb3E\xbc\xb3\x9d\xa8\xfed\x11\xab\
\xfc~[\xfd\x19\x22\x16\xf1\x84\x8f6\xf74\xb6\xd9\xc7\
1\xc60\x969\xcc\x85\x07\xbc\xe0\x09od \x0b\x99\
\xc8F\x07tA'\xf8\xecaX\xe9?b\x83\x18!\
V*5!L\xed\x1e\x0a\x00\x97\x88r?9\xbf\xfe\
\x86\xa1S\xc6\xe8\xefJ\x8d\xb7\x8a\x1e-\xe2]\x99%\
\xb8o\xa6\xed\x07\x89^$b\xd1M\x92V\x9bI\x1b\
2\x91\x8d\x0e\xe8\x82N\xe8\x86\x8e\xe8\x8a\xce\xe8\x9eT\
\xa9H\xc2\x88\x15b\x86\xd8\x89\xc4\xb2L6\xad\x17\x00\
>\xceq%\x18\xefTez`\xb5V\xef\xd3\xee\xc7\
\x89\xb8\xd1\xe5\x8a\xea9e\xc5\xe5\xad\xbc+\x97\xfc.\
\x8bn\xe8\x88\xae\xe8\x8c\xee\xd8\x80-\xd8$S\xaai\
\xc4\x0c\xb1C\x0cU\xa3\xf4\xb2\xa2c\xb6[.\x00\x7f\
)\x00\xf88W\xc3R\xd4|\xa7~\xbd\xf4=Dt\
q\xd1\x1dD<|\x83\xef\xa4\xda\xac\xbaa\x03\xb6`\
\x13\xb6a#\xb6bs\xe9\x86\x11;\xc4\x10\xb1T\xba\
\xae\x93\xf4k\xb5\x00\xf0\x9d\x94\xef\xad\x93@I8\x89\
\xa7\xec\xf0x.\xbeS\x1f*\xb9\x9c\x9b>K}\xab\
\x0d\xdb\xb0\x11[\xb1\x19\xdb\xc1\xa0t{\x89%b\xaa\
t=\x83\xf5k\xad\x00pQ\x07\xdfK\x1f\x10\x8cD\
\xba\x09\x1f\x97\xa8\x87\x8b\xf8\xc5\xfdO\xd5\xf3X.u\
]6l\x07\x03\xb0\x00\x13\xb0)\x15\x08b\x8a\xd8\x22\
\xc6J\xd51X\xaf\x96\x0a\x00KI\x7fD\x08\xf0 \
\x0au\xc5\xb5\xd7J#\x1e\xad\xb5\x9f\xfa\x97\x8a\xf8\xc5\
]\x9d7!\x00\x16`\x026`\x04V\xda]\x5c#\
\xb6\x881b\xad8\xe5\x96\x15\x1a\xbb\xddJ\x01\xe0\xfb\
\xe5I2\xfa:\xa2\x92\x1aO\xc2y\x9a\x14\xe2\xc70\
\xdeA>\xa6mo\xc3\x08\x80\x11X\x81\x19\xd8\x81\xe1\
\xf0\x8c\xb4G\x891b\x8d\x98K+\xd9@Z\x0b\x05\
\x80\x07Q\xfe\x93\xb0\xe1;\xa5\xba\x22\xda\xd7\xa5\x05\xa7\
\xc2\x08\xe2\xbf\xd6v\xad\xa7\xc3\xa4z\xb6\x06f`\x07\
\x86`\xf9\xb5l\x9a\xec\x14L\xac\x11s\xc4\xde\xce\xa3\
\x15\xed\xa9\xbd\x00<XX\xf3 JuE\xb4oJ\
\x0b.\x8c\xb9\xbazN\x85qZL\x9b\xdef \x00\
\x86`\xc99y\xb0\x05\xe3\x19\xec\xa2N%\xf6\x88\xc1\
\xa8LS2\xab\xb9\x00\x10\x0c\x7f\x97\x12\xac\x01Y\x9c\
\xd2\xe2r\xd9\xabj\x0c\x17\xc6\xa8\xf3f\x80\x00\xd8\x82\
1X\x83\xb9\x81\x88`\x96\xc4 \xb1\x18<\xd1jB\
\x08\xdfZ\x0b\xc0ce$\xef\x0a\xea\xb2\xb7\x17J\x03\
\xde\x9d8U\xa4Mo\x09\x10\x00k0\x07\xfb\x04\xe2\
\xd6\x8a \x16\x89\xc9\xb5\x03K\x1bPc\x01\x00h\x1e\
&\x99\x1b\xcb\xf7H\x81\x9b\x8axP\x05O\xac\xd1\xa6\
\xb7\x84\x08\x809\xd8\xe3\x03|\x91P\xf4JQ\xc4$\
\xb1\xb9\xf2`\xa9;k+\x00|\xd4\x02\xe8\x9cx\xf2\
\xe3\x14w\xc8\xf1`\x0a\x1eb\x99S\x17\x97\xbdX\xe0\
\x03|\x81O\xf0MNL\x88Mb4\xa7\x0eA\xb2\
k*\x00\x0f\x96e|\xd4R\x97\xadq5\x18\xb7\xca\
r\x87\x5c6%\x5c\xf0J\x04\xf0\x09\xbe\xc1G+\x07\
$\xdaI\x8c\x12\xab\x89\xc4m\x15\x13\xfa\xaa\x96\x02\xc0\
\xe9\x16~l\x09\xb5/\xd6x~y\xe6\xb2U\xeez\
\xe3\xa2\x95X|\x9dO\x5c\x04\xf0\x0d>\xc2W\xf8,\
.\xf7\xf1\xdc\x88Ubv\xfc\x8cL#k(\x00\x5c\
p\xc1\xe9\x96L\x10-\xb8q\x85\xe5\xa4\xb9l5\x97\
\x0e.7\x0c\x01|\x85\xcf\xf0]\xd8\xccx\xa3\x89Y\
b7\x1eG\x03N\xa5\x17\x00.\xb9\xccy\xb3\xc8C\
\x8597\xae\xf0\xce\xa2Mo\x15!\x80\xcf\xf0\x1d>\
\xcc\xa56\xb1K\x0c\xe7\x92\xbfVn\xc9\x05\x80\x9b.\
\xde$\x0b\xb8\xeaJ]\xd2\xc6\x13g\xf9u\xf9\x15I\
\xa5\xba0\x0b\x04\xf0!\xbe\xc4\xa7\x16\xfc\x87x\x12\xbb\
\xc40\xb1<4.\xca\xb1)LJ.\x00o\x90A\
\x5cw\xad.i;V\xd2X\xdd\x86_\x97\xb5\xe9\xad\
\x01\x04\xf0%>\xc5\xb7\xa9\xcd!\x86\x89\xe5\xd4rG\
\xc9+\xb5\x00\xf0K.w^\x8d2\x22\xe2 \xae0\
;\x5c\xfc\xb8\xfcT\x9d\xb7\x86\x10\xc0\xa7\xf8\x16\x1f\xa7\
6\x8bX&\xa6S\xcb]+\xaf\xc4\x02\xc0\xea+\xdc\
\x0d\xb6V\xf9\x88\x03~&^\xacT\xc3\x15f\xda\xf4\
\xd60\x02\xf8\x18_\xe3\xf3\x94f\x12\xd3\xc4vJ\x99\
ke\x95V\x00X\x7f\x0d\x07\xadU<\xe2\x00\xee\xdc\
\xfb#\xf1c\xa5\x1au\xde:@\x00_\xe3\xf3\xd4w\
\x18\x12\xdb\xc4xt\x88\xa72,\xa9\x00pm\xf7k\
\xa6\x1a2q\x1eKY\xef\xaf\xb9,d\xa9\xce[G\
\x08\xe0\xf3\x03d/1\xa0.Y#\xc6\x89\xf5d\x02\
\x87\x04\x95T\x00^)EY\x84Q]\x92\xf6\x01I\
a\xe5\xd7\xd4\xef\x02\x12\xeb\xad\x10\x04\xf0\xfdm\xa4\x0b\
\xb1\xa0.I#\xc6\x89\xf5$\xc2\xd6\x09)\xa5\x00\xf0\
 \x06\x92q\x9d\xbe\xb1\x8e\xb3\xd2\xeb\xed\xc4\xecL\x91\
\xb7\xbe\x11\xe0\xb6bb\x81\x98H\x85\x04\xb1N\xcc\xa7\
\x92\xb7\xab\x9c\x12\x0a\x00\xdf\x89x\x10\xc3\xaeJF>\
\xc0\x03+x\xc2Md\xb6\xce\xaer\x04\x88\x09b#\
\x95\x19\xc4<\xb1?[\xde\x1c\x06\xb9\x0b\xc0e\xa4<\
\xcf\x9cS\x97\xa4\xe1`\x1eX\x91D\x98\x0b\xa9\x0e\x01\
b\x83\x18I\xa58\xb1O\x0e\xa4\x92\xb7CN\xee\x02\
\xc0\x82\x0e<\x8fm\x87b\x06;\xf8\x88\x87\x83\x0dX\
;\xcb\x86\x10 F\x88\x95\x14&\x11\xfb\xe4@\x0aY\
+e\xe4,\x00\x87I#\x9e\xc8\xaa\xce\xbc\xf1#\x0f\
\x1f\xf1\xcc\x05\xb9\x80&\x10 V\x88\x99\x14\xc6\x90\x03\
\xe4B\x0aY;d\xe4*\x00\x5c\x1b\xfd\xfc\x1d\xda\xd8\
\xec\xe04\xcfA6\xac\x9dk\xc3\x08\xdc]\xb6\x11;\
\xea\xcc\x1b\xb9@N\x04\x0b\x9a;!W\x01x\x8e\x14\
O\xf1\xdd\x87\xd3<\x07K\x16\xbf\xf4\xaa\xf3\xe6\x08\x8c\
F\x803D\xc4\x0e\x17\x8a\x8d\x9e4q \xb9@N\
L\x9c>}Z\x8e\x02\xc0w,>\xf6L\xd7z\xdc\
L.\xf5dQ\x06\x8a\xc0\xb8\x19>\xca\x11\xd8\x8a\x00\
\xb1\xc3\xa3\xcb\x88\xa5\xadG\xe2\xbf\x22'\xc8\x8d\xf8\x9c\
\x078\xa6.\x00\xc8Ku\xfe\x13@\xb9\xdak\xc0|\
?\xe4\x08\xacE\x80\x18\x22\x96\xd6\x0e\x8c0\x80\xdc \
G\x22\xb0\x1a\xc7\x22\xa90\xa9\xf47\xa2k\x8a\xac\x1b\
w|q\xbd\xb7\xb5\x1c\xe7\xdf\x07\x02\xc4\x121em\
-\xb9A\x8e\x8c\x92\x13cP\xca\x02\xc0\x12M\x5c\xfc\
\x10C\xef!\x1e\xdc\xf3\xcdM\x17Cc\xfc\x98#\x10\
\x8a\x001El\x85\xce\x0b\x1dO\x8e\x90+\xa1\xf3&\
\x8dOY\x00x\xce\xdb$%\x03&\xb1\xea\x0b\xb7]\
\x06L\xf1\xa1\x8e\xc0h\x04\x88-bl\xf4\x84\x89\x03\
S\xe4\xca\x1e\xd5R\x15\x00.y\xbc\xdb\x1e\x89\xb6\xff\
X\x8e\x99\x85\x1fl\xa58\xf7^\x11 \xb6\x881k\
\xfb\xc9\x15r\xc6Z\xce\x22U\x01x\xb2\xb9%\x8b\x05\
\x8b?\xb2\xf4S\x02Q.\xa2c\x04\x881b\xcd\x1a\
\x82\xc1\x9c\x89%<E\x01x\xa0\x94\xddWd\xd9X\
\xfe\x99\xc5\x1f-e8oG`\x13\x01b\x8d\x98\xdb\
|m\xd1\x933\xe4\x8e\x05\xef\xbd<S\x14\x00~\xd4\
\xd8+\xd0`\x83\x07@<\xc2\x80\xaf\xb3t\x04\x86\x10\
 \xe6\x88\xbd\xa11s\x8fY\xe7\x8e\xf9W\x00\x9e\x93\
\xc6\xa9\x8d\xb9@\x0c\xcd\x7f\xb4\x0e\xb2\x06\xbc:o\x81\
\x08\xb0\x1a\x12\x148\xcd\x87\x0b\x01b\x8e\xd8\xd3\xa6Y\
#w\xc8!3\x01\xd6\x9f\x00\xac\x9f\x96\xcaJ\xab<\
\x05\xc6\x0c\xa0\xc6\x18\x93\xec'\xc9&\xe8\xdc\x8d~y\
\x9b_\x9f!\x1d\xf26\x02\x01b\x8f\x18\x1c1t\xf2\
\x90\x1d94\x99\xd3\x8a\x89\x96\x05\x80\xca\xc5\xed\x8e+\
\xc4F\xd9\xf5]qy\xbc\xc8\xdb8\x04Hl\x92\x9d\
\x22\x00m\x9f\xc5\xbe\xa7j'\xc4Xmz\x1b\x81\x00\
1H,\x8e\x18:i\x089D.M\x9a\xbcn\x92\
u\x01X'\x7f\xceq\xae\xcc\xe2c\xd8\x1c\x1e=\xcc\
%\xb1I|\x12{\xac\xbd\x8c\xe5\x13\x02s\xc7\xce\xe9\
u\x1c1H,Z\xda_]\x01\xe0\xd7K\xcb\x95O\
\xdf#\xb4\x8f\x11y\x1bF\x80wr\x92\x7fj\x223\
wX\x82\x1f\x05\x01b\x91\x98d\xdb\x82\xc8%r*\
:o\xabO\x00\x0f\x8b\xae\xe9V\x86O\xd9\xfa\xd2_\
\xad@\x80\xe4\xe7\x9d|\xc5\xa1\xa0]^\x04\xc6\xc1e\
\x1d\x93{rj\x9c*\xe3GY\x14\x00\xae`\xba\xf1\
x\x15\x82G\xb2\x84\x12\x17c\x04O\xechB\xac\xe4\
\x072>=@l;\xed\x8e\x001Il\xee>b\
\xde\x11r\x8a\xdc\x9a\xc7e\xdbl\x8b\x02`y\xa9$\
\x0b{\x1c\xb5\xcd\x06\x7f\xb9\x15\x81\x98\xc9\xbf\xc9\xd9?\
\x05l\x221\xdc\x13\x9b\xc4\xe8\xf0\xa8\xe9G\xa3\xe7V\
\xec\x02\xc0]L\x07N\xb7o\xed\xccgj\xc4\xe9\x22\
o\xab\x11\xb0H\xfeMI\xfe)`\x13\x89\xdd{b\
\x93\x18\xdd}\xc4\xbc#\xe4\x1696\x8f\xcb\xd2\xec\xd8\
\x05\xe0~K\xbccor\xd5\x15\xb7d\xc6\xe6\xdb\x0a\
?\xcb\xe4o\x05\xa3\x14v\x10\xa3\xc4jtY\x1b\x0c\
\xa3\xe6X\xcc\x02\x00\xaf\xc37\x94\xb4\xe8\x9ek\xc1\xb4\
\x11\x9e)\x92\xdf?\x01\x8c\x0f\x16\xcbX%\xc7\xc8\xb5\
\xf1\xda\x0c\x8c\x8c\xc6H2\x0e\x15]Jd\xd1X\x9b\
\xedE\x16\x8c\x1b\xe0\x99\x22\xf9\x1b\x80)\xa9\x09\xc4\xaa\
\xd5b\xa2\xe4\x18\xb9\x16\xc5\xa0\x98\x05\xc0r\xdd4\xcb\
_W\xa3\x00\x99\x89\x89'\x7f&\xe0G\x88=z\xc4\
\x98\xa9C\xa2\xe5Z\xac\x02pmY\xc2\x03\x0f\xd5E\
o\xdf\x13\xc7\x17\x8b\xbcmE u\xf2\x7fx\xabx\
\x7f\xb5\x06\x01b\x96\xd8]3l\xdc\xe1m\xa3\xc85\
rn\xdb\xee\xf0\x97\xb1\x0a\xc0!\xe1\xa2G\xcfx\x99\
F\xb2\x12\x8b:o\x1b\x08\xa4N~\xc4z\x01\x00\x85\
\xf1D\xcc\x12\xbb\xe3g\x84\x8d\x8c\x92s\xb1\x0a\x80\xe5\
z\xe6,\xbe\x10\x06M\xdb\xa3s$\xff\xd3\xda\x86\xd4\
\xcc:\xcb\xd8\x8d\x92s1\x0a\xc0>\x82/\xea\xb9I\
\xf1\xdbl\xaf\xd5\x86\xe5\x9dVb_U\xcb\x91\xfc\x00\
\xe4\xef\xfe\xa0\x10N\xc4.1\x1c>s\xfd\x0cr\x8e\
\xdc[?r`D\x8c\x02\xc0\x83\x14\x07D\xcc:d\
\x05\xde,\xa52M\xce\x95\xfc\xbc\xfb{\x01\x98\xee\xf4\
\xd91< zv\xee\xc5(\x00w\x1dPp\xce\xa1\
\x8fk\xf2\xc7D\xde\x16\x8b\x5c\xc9O\xe2#{\xe1\x7f\
\x93\x11 \x86\x89\xe5\xc9\x0c\x06&\xce\xce\xbd\xb9\x05\xe0\
zR\x8e\x8f\x22\xea\xa2\xb7\xe3\xa2s\xac\x93!\x09\x18\
\xe3\xae\xbeP\xebI\xfe\x03B'\xf9\xf8\x95\x08X\xc5\
2\xb9G\x0e\xae\x14:f\xe7\xdc\x02p\xc71B&\
\x8ey\xc3\xc4y-M\xf3\xe4o\xc3\x9b\x96\xb1<+\
\x07\xe7\x16\x80;\x18\xf9\xe7x\xf1e\xa5\x15u\xdd6\
O\xfev\x5cO,\x13\xd3\xc1\x16\x8d\x980+\x07\xe7\
\x14\x80\x8bI9.HP\x17\xbd\xbd%:\xc7\xba\x18\
z\xf2\xd7\xe5\xaf1\xdaZ\xc549H.\x8e\xd1a\
\xc7\x989\x05\xe06;\xb8\xc5\xd9\xc1\xfd\xd4\xac\xb6\x1a\
\x87[}\x5c<\xf9\xeb\xf3\xd9\x18\x8d\x89ib{\xcc\
\xd8\xd01\x93sqN\x01\xb0\xfa\x81\xe8\x1d\xa1\xd67\
4\xde\x93\xbf!g\xae0\xc5*\xb6'\xe7\xe2\x9c\x02\
p\xab\x15\x06\xc6\xd8\xf5\xae\x18L*\xe4\xe1\xc9_\xa1\
\xd3\x02U\x0e\x8a\xed\x00\xde\x93sqj\x01\xb8\x9c\x94\
c\x8d2u\xd1\xdb\x89\xd19\x96\xcf\xd0\x93\xbf|\x1f\
\xc5\xd0\xd0*\xb6\xc9Er2X\xc7\xa9\x05\xe0\x0f\x82\
%\x8d\x9b\xf0>\x0d;K\xd4S\xf3\xe4\xef\xc7\xdb\xc4\
61na\xf1\xa4\x9c\x9cZ\x00\xf6\xb3\xb0@<\xdf\
/\xea\xa9y\xf2\xf7\xe4\xed\xf3l\xb5\x8a\xf1I99\
\xb5\x00\xdc\xfc<[\xa2\xff\xff`t\x8e\xe52\xf4\xe4\
/\xd77\x96\x9a\x8d\x8a\xf1\x09\x0aL\xca\xc9\xa9\x05\xe0\
\xa6\x13\x14\x5c7\x85;\xa7N[7\xa8\x91\xe3\x9e\xfc\
\x8d8r\x82\x19\xc48\xb1>a\xea\xe0\x94I99\
\xa5\x00p\xed\xf1%\x06U\x99v\xf0\xa3\xd3\xa6U7\
\xcb\x93\xbf:\x97EW\xd8\xa7/\xf5\xaa\x00\x00\x10\x00\
IDAT\x22\xd6\xc9Ir3H\xd9)\x05\xe0F\
A\x12\xc6\x0f\xe6\xae\xa9\xf1\xa3\xeb\x1c\xe9\xc9_\xa7\xdf\
bkm\x15\xeb\xc1\xb99\xa5\x00\xfcnl46\xf8\
\x9d\xbc\xd1\xb7\xday\xf2\xb7\xea\xd9p\xbb\x06c=\x9c\
\xdd\xde\x19\xc1\xb99\xa5\x00\xdc`\xaf\xb8x\x1b\xac\x9f\
vJ<v\xc5q\xf2\xe4/\xce%Y\x15\x22\xd6\x89\
\xf9\xd8J\x04\xe7\xe6\x94\x02\x10\xfc=c\x84\x95\xa7j\
\x8c\x05 b\x9b\xbdy\xf2gwAq\x0a\x10\xeb\xc4\
|l\xc5\x82s3\xb4\x00\x5cD\x1a_K\x14\xbb}\
&6\xc3B\xf8y\xf2\x17\xe2\x88\x02\xd5\xb0\x88yr\
\x93\x1c\x1dmnh\x01@\xc0h\xe6\x01\x03\xff#`\
l-C=\xf9k\xf1T\x1e=W\xc6|\x04U\x82\
r4\xb4\x00\x5c3\x82\x82\xabX|n\xd5\xce\x8a\xf7\
y\xf2W\xec\xbcD\xaa[\xc5|P\x8e\x86\x16\x80\xab\
\x1b\x81\xf3\x05#\xbe9\xd8z\xf2\xe7@\xbd>\x99V\
1\x1f\x94\xa3\xa1\x05\xe0j\x068\xb3H\xc2\xb7\x0d\xf8\
\xe6`\xe9\xc9\x9f\x03\xf5:e\x12\xf3\xc4~l\xed\x83\
r4\xb4\x00\x5c9\xb6\xb6\xe2\xf7UQ\x0b\xcd\x93\xbf\
\x05/\xa6\xb5aK\xecG\x12\x1d\x94\xa3\xa1\x05\xe07\
#)\xb9\xcc\xe6k\xcb/*\xdd\xf6\xe4\xaf\xd4q\x99\
\xd5\xb6\x88\xfd\xa0\x1c\x0d-\x00W0\x00\xec\x9b\x06<\
S\xb2\xcc\x95\xfc\xdf\x93\x91_\x17\x1d\xd3\x11\xbd\x5c\xb6\
>A\xc4\x12X\x17P_{\xb3\x88\xfd\xa0\x1c\x0d-\
\x00\xbfa\x808\xdf\x85\x0c\xd8&a\xf9tI\xc9\xf1\
\xd0\x0e\x89]\x5c^\xff\x0e\xeb\x8c\x1e\x22{\x9f%\xfa\
\x90\xe8t\x11\xf8\x07\x9d\xf7\xd6\x9c\x92\x9aE\xec\x07\xe5\
hH\x01\xb8\xb0\x90\xe3\x8e#uQ\x9b\xc5\xad\x91Q\
\x15\xdc\x85\xd9\xb1\xda\x7f\xa4\xc8[\x1e\x04.-\xb1\xe0\
\xcf\xe9\xb4\xc9\xab\xe2\x8aG\xce\xb67\xf6#*A\x8e\
\x92\xab\xa3X\x86\x14\x80\xcb\x8c\xe2\x18>\x88\x8f\xb2\xe1\
\xb3\xf2\xce\xe0!\x0f\x7f\x96W\x05\x97\xbe\x81\x00\xe7\xbd\
?\xa0\xed\x83D\xb55\xab\xd8\x1f\x9d\xab!\x05\xe0\x92\
F\xe8\xf2Q\xce\x88\xb5\x09\xdb\x9b\x88\xeb\xc1\x22oe\
!\xc0\xba\xfb\xf8\xa6,\xad\x86\xb5\xb1\x8a\xfd\xd1\xb9\x1a\
R\x00~}\xd8\x96\xc9Gyl\xd2\xe4\xc9\x19&\x9e\
\x90A\xa6\x8b\x1c\x87\xc0\xd1\xe3\x86\x153\xca*\xf6G\
\xe7jH\x01\x98\xfc\xf8\xa15p[\x5c\x0c\xb1F\xe4\
\xe4\xc3\xbc\xcb\x5cu\xf2l\x9fh\x8d\xc0-%\xe0\xde\
\xa2Z\xda\x9e\xd87Pvt\xae\x86\x14\x80\x8b\x1a(\
\x0aK\x96J\xa6\xaf\x81\x82W\x5c\xa9\xc1\xa8\xc6t<\
\xbc\x22{\xacb\x7ft\xae\x86\x14\x00\xab\xd3-?\xa9\
\xc4a|\xac\xbaF%\xba\xf6\xac\xe6\xedd<\xbeR\
W|\xb3\x8a\xfd\xd1\xb9\x1aR\x00.h\x04\xe7\xcf\x8c\
\xf8\xc6f\x1b\xbc\xdcRl\x05\x9c\xdfh\x04j\xf1\x95\
U\xec\x8f\xce\xd5\x90\x02\x102v\xb4\xa74\x90\xd5Q\
\xd4\x15\xdfj=\xd7\x5c<\xb0\x06\x0a\x06]\x0dg \
\x7f,\xcb_\x8c\x1d\x188nt\xae\x8e\x1e\x18\xa8\x80\
\x0fw\x04\x1c\x81\x0a\x10\x08)\x00\xe7\x18\xd9\xf3\xabF\
|c\xb3\xb5z\xa2Kl=\x9d\xdfbaq\x85\x9d\
\x05\xaeV\xb1?:WC\x0a\xc0\xcf-\x10\x10\xcf\x0b\
\x89jhVK8\xd5`{m:\xd6\xe2+\xab\xd8\
\x1f\x9d\xab!\x05\xe0l\xa3(\x18}\xca\xc2H\xfeX\
\xb6\x9c\xb3\xfd\xe1\xd8\xc1>.\x1b\x02<|\x13_e\
S`\xac`\x8d\xb3\x8a\xfd\xd1\xb9\x1aR\x00\xacNY\
\x8c\xbehA\x80\xe5n/\xcd\xad\x80\xcb_\x8b\x00\xb7\
G\xaf\x1dT\xc8\x00\xab\xd8\x1f\x9d\xab!\x05\xc0\xea\xa2\
\x85Z\xce\xd9\x123\xdc}\xf6\x0d6\x9c\x8aD\x80g\
\xee\xbd\xb1H\xcdV+e\x15\xfb\xa3s5\xa4\x00X\
}\xac\xba\xd4jl\x8a\xdd[\xe3]g\xc5\x82\x19Y\
\xb1#\x22\xf3\xb3fg\x15\xfb\xa3s5\xa4\x00\xfc\xc8\
\x08\x8d\xcb\x1a\xf1\xb5b\xfb)1~\x8a\xc8[Y\x08\
\xdc]\xea\xe0\x1bu\xe5\xb7\x0d\x0d\xadb\x7ft\xae\x86\
\x14\x80\x1fl(\x1d\xbbce\x9b\xd8<\xad\xf9\x1d%\
\x01\x7f/\xf2\x96\x1f\x81\xafH\x85\xdb\x8aj\xbcK\xd3\
*\xf6G\xe7jH\x01\xf8\xa9@>S\x14\xbb\xd5r\
\xd5\xd6v\xbbY\x8e\x8bB\xb0}\xbf\xbfN\x83\x00g\
d\xc0\xff\xfa\x12W\xeb5\x1a\x16\xb1O\x8e\x92\xab\x82\
e}\x0b)\x00p\xfb_\xfeE\xa6+E\xe6\x97\x92\
\x1d_\x05\x9e\x96R\xe0\x92,V\x93aY\xb2\x9e\xe8\
\x15\xb2\xff\x89\xa2[\x8b\xf8\xf8\x0c\xfe\xa3OyiN\
i\xcd\x22\xf6\x83r4\xb4\x00X\x5cau\x95\xd2\xbc\
\x12\xa8\x0f\xab\x02\xe7(\x02||\xe4!\x10\xdc\xfe\xda\
\x0b=T\xbey\xb6\xe8$\xd1\xb9\xa2*\xdb\x92\xd2\x16\
\xb1\x1f\x94\xa3\xa1\x05\xe0\x7f\x96\x94\x8f\xb5\x19\xf4(\xa3\
XB#\xf3\xc9U\x04\xf6\x97\x1d$\x83:o\x15\x22\
`\x11\xfbA9\x1aZ\x00\xbee\x00r+\xf7\xd8{\
\x110\x08\x8e\xc6YZ\xc4~P\x8e\x86\x16\x00\x1eD\
\x11\xdb'\x5c\x0ca\xf1](\xb6\x9ec\xf8y\x11\x18\
\x83\x92\x8f\x01\x01b\x9e\xd8g;&\x05\xe5hh\x01\
\xb0x\x94\x11\xc6_\x97\x7f\x8d\x90\x17\x81F\x1cia\
\xc6\x12O\xab\x98\x0f\xca\xd1\xd0\x02\xc09\xd7%\x1b\xa2\
mr*'\x1a\xb3\x02\x18y\x11(\xc0\x09\x85\xab`\
\x15\xf3A9\x1aZ\x00\xbel\x04j-K8\x85\x98\
\xefE \x04\xad\xfe\xc6Z\xc5|P\x8e\x86\x16\x00\xce\
\xb9\x06\x09\x18\xe9\xd7\x1b\x8e\x1cW\xdb0/\x02\xb5y\
,\x9d\xbe\x161On\x92\xa3\xa3\xad\x08-\x000\xfe\
<\xff\x22\xd3>\xe2g\xb5:\x8aXgm^\x04\xb2\
\xc2_\x8e\xf0%M\x88ub~iW\x94\xcd\xe0\xdc\
\x9cR\x00>\x1bE\xd5\xadL\x00d\xdf\xad\xbb\x9az\
\xe5E\xa0)w\xce6\x86X'\xe6g3\xda\xc6 \
87\xa7\x14\x00\xab\xe5\x96\xf6\xdbfLk/\xbd\x08\
\xb4\xe6\xd1\xe9\xf6X\xc5zpnN)\x00\xa7M\xb7\
{p\xe6-\x06\x8f\xb6q\xd0\x8b@\x1b~\x9ck\x85\
U\xac\x07\xe7\xe6\x94\x02\xc0\xf7\x0c\xee8\x9a\x0b\xc2\xf6\
\xf9<\xd7m\xfb\xbe\x16_{\x11h\xd1\xabkl\xda\
v\xd8\x22\xd6\xc9Irs\x9b\xa8\xe1\x97S\x0a\x00\x1c\
?\xc9\xbf\xc8\xc4\xad\x91\xbd<{\xcf\x8b@\xe4\xe0\xa9\
\x88\x1d1N\xac\xc7VyRNN-\x00\x1f\x8f\xad\
\xfd\x06\xbf\x9e\x9e\xbe\xe3E`\xc3\xe9\x9duV1>\
)'\xa7\x16\x80\x93\x8d\x9c\xc6\x83\x1d\x8dX\x17\xc9\xd6\
\x8b@\x91n1U\xca*\xc6'\xe5\xe4\xd4\x02\xf0\xaf\
F\x10\xdd^|\xad\x96J\x16\xeb\x22\x9b\x17\x81\x22\xdd\
\x12O\xa9%N\xc461\xbe\xb4+\xda\xe6\xa4\x9c\x9c\
Z\x00\xbe/\xb5?-\xb2h\x07Z0-\x9c\xa7\x17\
\x81\xc2\x1d\x14I=\xab\xd8&\x17\xc9\xc9`5\xa7\x16\
\x00\x04}\x84\x7f\x06tg\x03\x9e5\xb0\xf4\x22P\x83\
\x97\xe6\xe9h\x15\xdb\x93sqN\x01\xb0Z\x89\xe6\xae\
\xf30\xaez\xb6\x17\x81\xaa\xdd\xb7Vy\xab\xd8\x9e\x9c\
\x8bs\x0a\x80\xd5J\xac,\x92\xc0\x1a\xefk\xd1lt\
\x80\x17\x81\x86\x1c\xbbd\x0a1Ml/\xed\x8a\xb69\
9\x17\xe7\x14\x00\x1e?\xf4\x81h&let\xcf\xad\
/\xbb{\xe5E\xa0=\x97[\xc549H.NB\
lN\x01@\xe0{\xf9g@\x87\x88\xa7\xd5c\x93\xc4\
\xba\x8a\xe6E\xa0\x0a7\x8dR\x92X&\xa6G\x0d\x0e\
\x1c4+\x07\xe7\x16\x80\xf7\x04*\x1b2\xfc>!\x83\
\x1b\x1d\xebE\xa0\x0d\xc7Z\xc6\xf2\xac\x1c\x9c[\x00\xb8\
\xf6\xf8\xdf\x8d|t\xa8\x11\xdf\xda\xd8z\x11\xa8\xcdc\
\x1b\xfa.uV\xb1L\xee\x91\x83K\xa2\xc26\xe7\x16\
\x00\xa4\xbd\x83\x7f\x06ts\xf1\xb4\xbakJ\xac\xabj\
9\x8b\x00\xb2\xab\x02\xab0e\x89ab\xd9B\xad\xd9\
\xb9\x17\xa3\x00\xfc\xa3\x85e\x1b<\xef\xbf\xd1{\xb7X\
\x90\x889\x9e@\xf4\xd4\xc5b\xb1\xff\xc2\xff\xa6\x22`\
\x19\xc3\xb3s/F\x018U\xc8\xf0QD]\xf4\x06\
x\x16wNEW4\x11\xc3\x9cE \x91\x89M\x89\
!v\x89a\x0b\xa3\xc89ro\x16\xef\x18\x05\x00\x05\
\xde\xc2?#z\x88\x11\xdfZ\xd9\xe6(\x02\xfe\x09 \
0Z6\x86[\xc6n\x94\x9c\x8bU\x00\x8e\xdf0\xd8\
\xa2{\x98\x98Z\xac\x9f&\xb6\xd56/\x02\xe5\xbb\x8e\
\x98%v\xad4\x8d\x92s\xb1\x0a\xc0\x97d%\x17$\
\xa8\x8b\xde./\x8e\x8f\x10y\xdb\x8a@\x8e\x22\xb0U\
\x03\x7f5\x84\x001K\xec\x0e\x8d\x99z\x8c\x5c#\xe7\
\xa6\xce\xdf;/V\x01\x80\xe1\xeb\xf9gDG\x18\xf1\
\xad\x9dm\xca\x22\xc0\x8f\x81\xb5\xe3\x95R\xffG\x19\x0a\
\x8b\x96k1\x0b\xc0q2\xf8\x0c\x91E\xbb\x9a\x98>\
R\xe4m'\x02\xa9\x8a\xc0\xe4;\xcev\xaa\xdc\xf6\x1e\
YG\xac^]\xbdE#\xc7\xc8\xb5(\xbcc\x16\x80\
s\xa4\xd11\x22\xab\xf68+\xc6\x0d\xf0MU\x04\x1a\
\x80*\x89\x09\x96\xb1J\x8e\x91kQ\x0c\x89Y\x00P\
\xe8u\xfc3\xa2\xab\x88\xef\x13D\xdeV#`]\x04\
\xe0\xbfZ\xb2\xef]F\x80\x18%V\x97\xf7\xc5\xdc\x8e\
\x9ac\xb1\x0b\x00\xe7&O\x8ci\xed6^O\xd2\xeb\
\xcb\x8a\xbc\xadF\x80$\xcdq\xb1\xd0jm\xfa\xdbK\
l\x12\xa3V\x96\x93[\xe4X4\xfe\xb1\x0b\x00\x8a\xbd\
\x92\x7fF\xc4\xfd\xd4G\x1a\xf1n\x85\xadE\x11\xf0\xa2\
2.:\x8e\xd40bT\x9dI\x8b\x9e[\x16\x05\xe0\
\x9d2\x9d5\xca\xd4\x994~]\xbd\x89\x09\xe7v\x98\
\xc6,\x02$?\xfc\xdaA\xc7\xc6\x12b\x92\xd8\xb4\xe1\
\xbeX\x90S\xe4VT\xfe\x16\x05\x00\x05_\xc6?C\
z\xba!\xefVX\x93\xb4$\xef\x5c{\xe03\x97G\
\x0f\xf3\xadc\xd2$\xa7\xac\x0a\xc0\xab\xe5\xf1\xff\x16Y\
\xb5;\x8a\xf1\xe1\x22o\xc3\x08\x90\xbcS\x8b\xc0\x87\xc5\
\xfa\x00\x91\xb7\xf5\x08\x10\x8b\xc4\xe4\xfa\x91\xd3F\x90K\
\xe4\xd4\xb4\xd9\x03\xb3\xac\x0a\x00\x22_\xc8?Cz\x96\
x\xb3\xd2\x8a:o\x03\x08P\x04.\xa0\xe3!\x85\x80\
\xb1$?E@S\xbd\x0d @\x0c\x12\x8b\x8b\x811\
s\x0f\x99\xe5\x92u\x01\xf8\xe6\x5c\xcb\x07\xe6s\xa7\xd5\
s\x06\x8e\xfb\xa1\xad\x08P\x08HlhUb\xb3\x0f\
\x22\xf1\x19\xbbu\xb6\xbf\xda\x0d\x01b\x90X\xdc\xed\xf8\
\xdc\xfd\xe4P\x95\x05\x00\xc3\x9f\xc7?Cz\xa0x\xb3\
\xda\xaa:o#\x10 \xb1!\x92\x9cO\x05\xf4\xd0\xf2\
6E`\x04+\x1f\x22\x04\x88=bP\x9bf\xcd4\
\x87,?\x01\x80\x08\x95\xeb+l\x18\xd2\x0b\xc4\x9b\x8f\
a\xea\xbc\x05\x22@\xb2C\x81\xd3|\xb8\x10 \xe6\x88\
=m\x9a5r\x87\x1c2\x13`]\x00P\xfc\xd9\xfc\
3$\xae\xbaz\xb1!\x7fg\xed\x08\xacB\x80\x98#\
\xf6\xf6\x1c3\xfag\x9d;\x8b\x14\x05\x80_/O1\
\x02h\x93\xed}\xb5a\xb9\xf8\x82\xd8{s\x04\xf6\x22\
@\xac\x11s{w\x18l\x903\xe4\x8e\x01\xeb\xf3Y\
\xa6(\x00H{\x06\xff\x8c\xe9\xe5\xe2\xcf\xc5\x18\xea\xbc\
9\x02f\x08\x10c\xc4\x9a\x99\x80\x0d\xc6)r&\xc9\
'\x00\xec\xe1\x0a\xa6\xb7\xb3aL\x5c*\xc9J,\xc6\
b\x9c}\xa7\x08\x10[\xc4\x98\xb5\xf9\xe4\x0a9c-\
'Y\x01\xc0\x10~}\xa6\xb7\xa4}\xc4\xfc5\x22o\
\x8e\x80\x05\x02\xc4\x161\xb6\x85\xb7\xc1\x8b\x14\xb9\xb2G\
\xedT_\x01\x10\xc6]L\xe6?jH\xd0a\x22n\
\xc9T\xe7\xcd\x11\x88\x86\x001ElEc\xb8\x0b#\
r\x84\x5c\xd9\xe5p\xdc\xdd)\x0b\x00\x9a\xff\x95\xfeq\
jC\x9di\xe3\xca\xac\x83M%8\xf3\x9e\x10 \x96\
\x88)k\x9b\xc9\x0dr\xc4Z\xce^\xfe\xa9\x0b\x00+\
\x99<q\xaft\xdb\x0d\xd6M\xdb\xcfV\x84s\xef\x00\
\x01b\x88XJa*\xb9A\x8e\xa4\x90\xb5GF\xea\
\x02\x80P\xd63O\x01\xe8\x85$\xec\x1fDVk\xb3\
\x89\xb5\xb7\xc6\x11 v\xde$\x1b\x89%u;[\xc4\
=\xe4\x04\xb9\x11\x91\xe5zV9\x0a\x00Z=^\xff\
~ \xb2n,&\xfaf\x09\xb9\x84\xc8\x9b#\x10\x82\
\x00\x0b{\x10;\x14\x81\x90yS\xc6\x92\x0b\xe4\xc4\x94\
\xb9\xb3\xe6\xe4*\x00\xdf\x95\xd6\x8f\x11\xa5h\xfbJ\xc8\
\xdbD\xde\x1c\x81\x10\x04N\xd0`bG\x9dy#\x17\
\xc8\x09sA\xdb\x05\xe4*\x00\xe8q\xac\xfe\xf1\xb1G\
\x9dy\xbb\xad$\xcc~\x90\xa2xx\xeb\x03\x01b\x85\
\x98Ia-9@.\xa4\x90\xb5CF\xce\x02\x802\
,\xa1\xc4\xed\x8el[\xd3]% \xf9w,\xc9\xf4\
V\x17\x02\xc4\x08\xb1\xb2V\xeb\x08\x03\x88}r \x02\
\xabi,r\x17\x00\xbe\xfb<|\x9a\xea\x93f\xddC\
\xb3p\xb0:o\x8e\xc0\x0e\x04\x88\x0dbd\xc7\x01\xa3\
\x1d\xc4>9`\xc4~=\xdb\xdc\x05\x00\x0d\xb9\xe4\x91\
\x8b\x1f\xd8NA8\x98\x8fx)d\xb9\x8cz\x10 \
&\x88\x8dT\x1a\x13\xf3\xc4~*y+\xe5\x94P\x00\
P\x8c\xf3\x9f<\xf0\x90\xed\x14\xc4G\xbc\xf7K\x10\xbf\
\xf4\xaa\xf3\xd61\x02\x9c!\x22\x16\x88\x89T0\x10\xeb\
\xc4|*y\xbb\xca)\xa5\x00\xa0\xe0\x83\xf5\xef\xfb\xa2\
T\x8d\x1fy>(a)N\xf3H\x8c\xb7\x02\x11\xc0\
\xf7$#\xb1\x10\xa4\xde\x8c\xc1\xc48\xb1>\x83E\xbc\
\xa9%\x15\x00V>}@<\xd3Fq\xe24\xcfI\
\x1a\xc9\xd5^\xea\xbcu\x84\x00>g5$b \xa5\
\xd9\xc48\xb1\x9eR\xe6\xae\xb2J*\x00(\xc9w\x22\
n\xba`;\x15\xf1.\xf0\xcf\x12\xc6\xf5\xde\xea\xbcu\
\x80\x00\xbe\xc6\xe7\x5c(\x96\xd2\x5cb\x9b\x18O)s\
PVi\x05\x00e\xffV\xff\xb8\xedR]\xb2\xc6\xa5\
\x9e\xc7K\x1a\x0eR\xe7\xada\x04\xf01\xbe\xc6\xe7)\
\xcd$\xa6\x89\xed\x942\xd7\xca*\xb1\x00\xa04+\xad\
~\x88\x8d\xc4\xc4\x1d_<~\x99\x85\x1f\x12\x8bvq\
\xc6\x08\xe0S|\x8b\x8fg\x89\x9a0\x99X&\xa6'\
L\xb5\x9dRj\x01\xc0\xea\xfb\xe8\xdf\x17E\xa9\x1b\xf7\
|\x7fBBY\xfaI\x9d\xb7\x06\x10\xc0\x97\xf8\x14\xdf\
\xa66\x87\x18&\x96S\xcb\x1d%\xaf\xe4\x02\xc0\xb5\xd1\
\xf7\x92\x15g\x8aR7V}\xf9\xa4\x84\xb2\xf8\xa3:\
o\x15#\x80\x0f\xf1%>Mm\x06\xb1K\x0c\x13\xcb\
\xa9e\x8f\x92Wr\x01\xc0\x80S\xf5\xef\x10Q\xae\xc6\
\xe2\x8f\xc7I8k\xc0\xab\xf3V\x11\x02\xf8\x0c\xdf\xe1\
\xc3\x5cj\x13\xbb\xc4p.\xf9k\xe5\x96^\x000\xe0\
\xbd\xfawoQ\xae\xc6\xf2\xcf,\xd1\xc4S`r\xe9\
\xe0r\xc3\x10\xc0W\xf8\x0c\xdf\x85\xcd\x5c3:\xe00\
1K\xec\x06LI?\xb4\x86\x02\x00*,\xca\xf0\xe7\
ld\x22\x1e\x00\xf1V\xc9~\x95\x88w\x16u\xde\x0a\
D\x00\xdf\xe0#|\x85\xcfr\xa9H\xac\x12\xb3\xb9\xe4\
\x8f\x96[K\x01\xc0 \x96c>\x82\x8d\x8c\xc4/\xb9\
\x9f\x97\xfc\xc3E\xde\xcaB\x00\x9f\xe0\x1b|\x94S3\
b\x94X\xcd\xa9\xc3h\xd95\x15\x00\x8c\xe29i\x8f\
c##\xf1$\xd8\xd7I\xfe\x89\x22~]V\xe7-\
#\x02\xf8\x00_\xe0\x13|\x93Q\x95\x05\xb1I\x8c\xe6\
\xd4!Hvm\x05\x00\xe3xZ*@\xb3\x9d\x93\xee\
(\xe1\xfc\xba|\xb4\xfa\xcb\x8a\xbc\xa5E\x00\xcc\xc1\x1e\
\x1f\xe0\x0bs\xe9k\x04\x10\x93\xc4\xe6\x9aae\x1d\xae\
\xb1\x00\x80 @\xf3Q\x8b\xed\xdc\xc4\x82\x0e\x5c\xdb\xcd\
\x15f\xb9u\xe9E>X\x839\xd8\x97`3\xb1H\
L\x96\xa0K\x90\x0e\xb5\x16\x00\x8c\xe4\xa3\x16?\xb6\xb0\
\x9d\x9b\xb8\xad\x98+\xcc\xbe!E\x1e)\xf2f\x83\x00\
\xd8\x821X\x83\xb9\x8d\x940\xae\xc4 \xb1\x186\xab\
\x90\xd15\x17\x00 \xe4\xc7\x16N\xb7\xb0]\x02\xf1\xcb\
3\xc1\xc0\xbb\x13\xef\x0a\x5c~Z\x82^5\xeb\x00\x86\
`\xf95\x19\x01\xb6`\xac\xcd\x22\x1a\xb1G\x0c\x16\xa1\
\xcc\x14%j/\x00\xd8\xcc\xe9\x96?\xd6\x06W]\xa9\
+\xa2q\x87\xe1\x0b\xa4\xc9wD<\xe7-\xf7\x8fS\
R\xa3\xba\x06f`\x07\x86`\x99\xfa\xce\xbd-\x80m\
{A\xac\x11s\xc4\xde\xb6Cu\xbdl\xa1\x00\x808\
\x17\x5c\x1c\xa0\x0d\xae\xbbVWL\xbb\xbc4y\xaa\x88\
 \xe6n\xb0[h\xdb\xdb0\x02`\x04V`\x06v\
`8<#\xedQb\x8cX#\xe6\xd2J6\x90\xd6\
J\x01\x00\x1a.\xb9\xbc\x956\xb8\xf3J]q\xed\xfe\
\xd2\xe8\xa3\xa2\x93E\x7f!\xe2\xa2\x15u\xde\x84\x00X\
\x80\x09\xd8\x80\x11Xiwq\x8d\xd8\x22\xc6\x88\xb5\xe2\
\x94\x9b\xa2PK\x05\x00\xfb\xb9\xe9\xe26\xda\xe0\x1dD\
]\x91\xed\xe6\xd2\xea%\xa2\x1f\x8axt\x19\x97\xadj\
\xb3\xcb\x86\xed`\x00\x16`\x026\xa5\x02AL\x11[\
\xc4X\xa9:\x06\xeb\xd5Z\x01\xd8\x04\x80\xab\xc18U\
\xb4\xf9\xba\xd4>Fl\x10\x00\x00\x05PIDAT\
\x9e\x9bE\xb8l\x95\xef\x94\xdc\xb8\xc2J5\x17+U\
\xd9\x08za\x1b6b+6c;\x18D`m\xc7\
B\x9c\x89%bJ\x9bm\xb5V\x0b\x00^b\xf5\x15\
Vze\x11F^\x97L\x9c\xd2\xe2\xc6\x15V\xaa\xf9\
\xb1\x14\xe5\xfb\xe5c\xd5\xdfHT{\xc3\x06l\xc1&\
l\xc3Fl\xc5\xe6\xd2m#v\x88!b\xa9t]\
'\xe9\xd7r\x01\x00\x10\xd6_\xbb\x996X\xf9U]\
5\xed\xf6\xd2\xf4\xb9\xa2O\x8b\xf81\x8c\x07Vp*\
\x8c\x85,9-\xa6\xddE6tCGtEgt\
\xc7\x06l\xc1\xa6\x22\x95\xdeE)b\x86\xd8!\x86v\
\x19R\xff\xee\xd6\x0b\x00\x1e\xe2\x9c\xfc\xed\xb4\xc1\x83\x18\
\xd4U\xd78\x1d\xc6\x03+8\x15\xf6o\xd2\xfel\x11\
\xab\xdbp\xd7\x1b\x17\xc6\xf0\xbd\xf4J\xda\x97\xba!\x13\
\xd9\xe8\x80.\xe8\x84n\xe8\x88\xae\xe8\x8c\xee\xa9\xf5\x8a\
!\x8fX!f\x88\x9d\x18\xfc\x8a\xe5\xd1C\x01\xd8\x04\
\x9f\x071\xf0q\x8e\xe7\xb1m\xee\xab\xb1\xe7]\x96\xa5\
\xac\xf9N\xca\x851\xbcS}K\x86\xf0\x9d\xfa4\xf5\
<\xe1\xe6\xc5\xea\xf9\xde\xca\x1dr\x07j\x9bw\xe5\xeb\
\xaa'i\xf9\xc5\xfd\xa2\xda\x86\x8f\xba=\x8dm\xf6q\
\x8c1\x8ce\x0es\xe1\x01/x\xc2\x1b\x19\xc8B&\
\xb2\xd1\x01]\xd0\x09>{\x18V\xfa\x8f\xd8 F\x88\
\x95=&\xb4\xfe\xaf\xa7\x02\x80/\xf98\xc7w\xd2\xd7\
\xf3\xa21\xe2;\xf5\x0de\x13\x01\xcc3\xe7\xb8\x5c\x96\
;\xe4\xde\xad}\xbc+s\xab,I\xcb/\xee\xff\xaf\
}?\x17\x9d\xbbAl\xb3\x8fc\x8ca,s\x98\x0b\
\x0fx\xc1\x13\xde\xc8@\x96\xa66\xd5\x88\x09b\x83\x18\
i\xca\xb0!cz+\x00`\xc1\xc3\x18\x0f\xd5\x06\xef\
llk\xd3[\xc7\x08\x10\x03\xc4\x021\xc1vWP\
\xf4X\x006\x1d|\xac6\xae/\xa2\xf2\xab\xf3\xd6!\
\x02\xf8\x9e\x18 \x16:4\x7f\xb1\xe8\xb9\x00\xe0p.\
\xea\xa0\xf2sn\xfa+\xecp\xea\x02\x01|\x8d\xcf\xf1\
=1\xb0\xd2\xe8\x1ev\xf6^\x006}\xcc)\xab\xeb\
\xe8\x05\xbf\xfe\xaa\xf3\xd60\x02\xf8\x18_\xe3\xf3\x86\xcd\
\x1cg\x9a\x17\x80\xf3q:G\x9b\xfc\xfa\xcb\x8f\x5co\
\xd7\xb6\xb7\xb6\x10\xc0\xa7\xf8\x16\x1f\xe3\xeb\xb6\xac\x9bh\
\x8d\x17\x80\x9d\xc0\xb1\x9c\xf4A\xda\xcd/\xde\xa7\xa8\xf7\
V7\x02\xf8\x10_\xe2S|[\xb75\x91\xb5\xf7\x02\
\xb0;\xa0\x9c\x0e\xe2J\xb0\x07i\x08\xdf\x19\xd5y\xab\
\x08\x01|\x86\xef\xf0!\xbe\x0cR\xbd\x97\xc1^\x00\xd6\
{\xfa\xd5\x1ar-\x11\x97\xb7r\xa1\x886\xbd\x15\x8c\
\x00>\xc2W\xf8\x0c\xdf\x15\xacj~\xd5\xbc\x00\x8c\xf7\
\x01W\xbc]U\xc3\x09\xae\xe6/\x11\x95\x9d\xb55|\
\x82o\xf0\x11\xbe\xaaM\xff,\xfaz\x01\x08\x87\x9d\xe0\
\xba\x86\xa6\xf1\xf1\x92\x1b]\xb4\xe9-#\x02\xf8\x00_\
\xe0\x13|\x93Q\x95\xfaD{\x01\x98\xee3>^\xf2\
\xc4Y~`\xe2\xc1\x14\xd39\xf9\xcc)\x08\x809\xd8\
\xe3\x03|1\x85\xc7\xca9=\xed\xf4\x020\xdf\xdb\xfc\
\xc0t'\xb1\xe1\x14\x13\x0f\xaa8C\xdb\xdel\x10\x00\
[0\x06k0\x07{\x1bI\x9dp\xf5\x02\x10\xcf\xd1\
\x9cbz\xb4\xd8\xf1\xc4\x1a\xae-\xe7N9\xbd\xf4\x16\
\x01\x01\xb0\x04S\xb0\x05c\xb0\x8e\xc0\xd6Yx\x01\x88\
\x1f\x03\x5cd\xc2\xb5\xe5\xdcO\xce\x15gGJ\x84\x07\
\xac@\x08l`\x06v`\x08\x96`\x0a\xb6\x81l|\
\xf8\x10\x02^\x00\x86\xd0\x99\x7f\xecKb\xf1\x0c\x11\x1f\
Yy\x88\xe5Q\xda&\xb0\xd5y[\x81\x00\xd8\x80\x11\
X\x81\x19\xd8\x81\xe1\x8a\xa16\xbbz\xe3\xea\x05 \x9d\
\xc7YJ\xfa)\x12G`\xff\x8ez\x1e&\xc9G[\
mv\xdd\xc0\x00,\xc0\x04l\xc0\x08\xac\xba\x06%\x95\
\xf1^\x00R!\xbdU\x0e\x0bn\xf00I>\xda^\
\x5c\x87\xf85\x9b\x1f\xb78\xa5\xa5\x97M7l\xc4V\
l\xc6v0\x00\x0b0i\xda\xf0\x12\x8d\xf3\x02\x90\xdf\
+gI\x05~\xcd\xe6\xc7-Ni\xf1$\x1c\x92\x83\
Uxx\x10\x05\xcboiH\x95\x0d\xdd\xb1\x01[\xb0\
\x09\xdb\xb0\x11[\xb1\x19\xdb\xab4\xac\x15\xa5\xbd\x00\x94\
\xe7I\x96\xa2&9\x9e$\xd5Xt\xf3\x92\xea\xf9x\
\xcc\x83(I\xa4w\xe9\xf5\x97E\xa55tB7t\
DWtFwl\xc0\x16l\xc2\xb6\xd2\xf4\xde\xabO\
\x8f\x1b^\x00\xea\xf0:\x1f\x8fy\x10%\x89t\x17\xa9\
|m\x11\x8bx\xde@=\xef\xac\x8fR\xff|\xd1\x9b\
E<Z\x8bd\xe4\xddW/\xa34x\xc1\x13\xde\xc8\
@\x162\x91\x8d\x0e\xe8\x82N\xe8\x86\x8e\xe8\x8a\xceQ\
\x84;\x13;\x04\xbc\x00\xd8ak\xcd\x99%\xb8?'\
!\xbc\xb3\xbeH=\x0f\xdf\xe0);\x7f\xa8m\x92\x91\
w\xdf\x8bh\xfb\x8a\x22V\xf9e\xd5\xde\xfd\xb5}\x07\
\x11\x89\xcbc\xb9\xee\xa9m\x88m\xf6q\x8c1\x8ce\
\x0es\xe1\x01/x\xc2\x1b\x19\xc8B&\xb2\xd1\x01]\
\xc4\xca[m\x08x\x01\xa8\xcdca\xfa\xfeT\xc3Y\
\xf2\xea\xbf\xd4\x7fR\xf4\x11\xd1\xfbD$\xee\x09\xeay\
4\x17\xc46\xfb8\xc6\x18\xc62\x87\xb9\xf0\xd0Po\
-\x22\xe0\x05\xa0E\xaf\xbaM\xc1\x08\xf4:\xc1\x0b@\
\xaf\x9ew\xbb\x1d\x01!\xe0\x05@ xs\x04zE\
\xc0\x0b@\xaf\x9ew\xbb\x1d\x01!\xe0\x05@ x\xeb\
\x1b\x81\x9e\xad\xf7\x02\xd0\xb3\xf7\xdd\xf6\xee\x11\xf0\x02\xd0\
}\x088\x00=#\xe0\x05\xa0g\xef\xbb\xed\xdd#\xe0\
\x05\xa0\xfb\x10\xe8\x1b\x80\xde\xad\xff%\x00\x00\x00\xff\xff\
\x8db\x15\xa4\x00\x00\x00\x06IDAT\x03\x00\x12\xeb\
\x93L\xcc\xc3\x1fY\x00\x00\x00\x00IEND\xaeB\
`\x82\
\x00\x00%\x0c\
\x89\
PNG\x0d\x0a\x1a\x0a\x00\x00\x00\x0dIHDR\x00\
\x00\x01\x00\x00\x00\x01\x00\x08\x06\x00\x00\x00\x5cr\xa8f\
\x00\x00\x10\x00IDATx\x01\xec\x9d\x0b\xbc=U\
U\xc7\xaf\xe5\xab\x8f\xe4\xdb>\x9a\xcf|\xa5\xf9B\x03\
\xc1\xc4\x10\x91 @I\x14H\x92@E*\xe3)\xf8\
IM\xc8\xc0\xd4>\xa2<\xb3RT\x08\xc2\x00\xc5P\
 \x08\x11IL\x10B|\x90&`(\x9a|B\x04\
\x09>\x81(\xf8\xfb^\xee\xfd\xff\xef\xe3\xdcsf\xcf\
\xac\xb5g\xef\x99u?k\x9d=gf\xef\xf5\xf8\xad\
\xb5\xd7=g\xce\xcc\x9e_\x98\x8b\xbf@ \x10\x18-\
\x02Q\x00F\x1b\xfap<\x10\x98\x9b\x8b\x02\x10Y\x10\
\x08\x8c\x18\x81(\x00#\x0e~\xb8>n\x04\xf0>\x0a\
\x00(\x04\x07\x02#E \x0a\xc0H\x03\x1fn\x07\x02\
 \x10\x05\x00\x14\x82\x03\x81\x91\x22\x10\x05`\xa4\x81\x0f\
\xb7\xc7\x8d\xc0\xa2\xf7Q\x00\x16\x91\x886\x10\x18!\x02\
Q\x00F\x18\xf4p9\x10XD \x0a\xc0\x22\x12\xc3\
l\xef+\xb7\x1e)\xfeu\xf1F\xe2\xcd\xc5[\x8b_\
.\xdeQ\xfc\xaa\x05f\x9b}\x1c\xa3\x0f}\x19\xc3X\
d\xa8[\xd0\x10\x11\x88\x02PoT\xef'\xd3\x9f!\
f\xe2\xee\xab\xf6}\xe2S\xc4\x9f\x17_%\xfe\xb1\xf8\
\x0e\xf1\x0f\xc4\xdf\x14_*\xfe\x9c\xf8\x1c\xf1\x19\xe2O\
\x88O[`\xb6\xd9\xc71\xfa\xd0\x971\x8cE\x06\xb2\
\x90\x89lt\xa0\x0b\x9d\xe8\xc6\x06l\x91\xa8\xa0\x1a\x10\
Xjc\x14\x80\xa5h\x94\xbb\xfdt\x99\xf6j\xf1\xbb\
\xc4\x9f\x123\x19oW\xfbu1\x13\xf7(\xb5o\x12\
\xef,\xdeL\xfcd\xf1\x03\xc5V\x84,d\x22\x1b\x1d\
\xe8B'\xba\xb1\x01[\xb0\x09\xdb\xb0\x11[\xb1\xd9J\
\x7f\xc8qB \x0a\x80\x13\xb0\x1d\xc4>\x5cc\xf9\xcf\
\xcaD:_\xdb\xfc\xf7\xfdO\xb5'\x8b\xdf*~\x99\
\x98\xc9\xa8\xa6(\xc2&l\xc3Fl\xc5fl\xc7\x07\
|\xc1'|+\xca\xe8\xb1\x1b\x13\x05\xa0\xff\x0cx\x80\
L`r\x1c\xa1\xf6r\xf1\x0db\xfe\xb32\x91^\xa2\
m\xfe\xfb\xaa\xa9\x92\xb0\x1d\x1f\xf0\x05\x9f\xf0\x0d\x1f\xf1\
\x15\x9f\xf1\xbdJ\xc7\x86bt\x14\x80~\x22\xc9\xc7\xe3\
\x03\xa5\xfa<\xf1\xadb&\xc7\xfej\x9f+\x1e:\xe1\
#\xbe\xe23\xbe\x83\x01X\x80\xc9\xd0}\xef\xdd\xbf\x95\
\x06D\x01X\x89\x88\xdf\xfb\xe7I\xf4\xa1\xe2\xaf\x88\xf9\
x|\xb8\xda\x97\x8a\xc7N`\x00\x16`\x026`\x04\
Vc\xc7%\x8b\xffQ\x00|a~\x8a\xc4\xbf]L\
b\xff\x87\xda\x83\xc5\xcf\x16\x07MF\x00l\xc0\x08\xac\
\xc0\x0c\xec\xc0pr\xef\xd8\xdb\x19\x81(\x00\x9d!\x5c\
%\x00Lw\xd7^>\xda~K\xedab\x12[M\
P\x02\x02`\x06v`\x08\x96`\x0a\xb6\x09\x22\xa2\xeb\
,\x04\x02\xd0Y\x085?N\xc2rr\xebF\x0d9\
^\xccG[5A\x06\x08\x80%\x98\x82-\x18\x83\xb5\
\x81\xd8q\x89\x98\xe4m\x14\x80I\xa8\xa4\xed\xe3l\xf6\
\x99\x1a\xc2GVNn=X\xdbA>\x08\x80-\x18\
\x835\x98\x83\xbd\x8f\xa6\x91H\x8d\x02\xd0>\xd0{j\
(?iq6{;m\x07\xe5E\x00\xcc\xc1\x9e\x18\
\x10\x8b\xbc\xda\x07\xa2-\x0a@z \xf7\xd3\x90o\x8b\
?$\xe6'-5A=\x22@\x0c\x88\x051!6\
=\x9aR\x9f\xea(\x00\xcdcFr}W\xdd\x8f\x14\
\xff\x9a8\xa8,\x04\x88\x09\xb1!F\xc4\xaa,\xebz\
\xb6f-\xf5Q\x00\xd6Bf\xfd~>^^\xad\xb7\
$\xd7c\xd5\x06\x95\x8d\x001\x22V\xc4\x8c\xd8\x95m\
m\xcf\xd6E\x01X;\x00\x9c`\xfa\x92\x0e\xf3\xf1\xf2\
Ij\x83\xeaB\x80\x98\x11;bH,\xeb\xb2>\x93\
\xb5Q\x00V\x03\xcdOL\xa7k7'\x986V\x1b\
T7\x02\xc4\x90X\x12Sb[\xb77\xc6\xd6G\x01\
X\x0f(X\xbc[o\xf9\x89\xe9\x15j\x83\x86\x85\x00\
1%\xb6\xc4\x98X\x0f\xcb\xbb)\xdeL;\x14@\xdc\
\x83\xceNj\xb8\xe2\xec-j\x83\x86\x8d\x001&\xd6\
\xc4|\xd8\x9e6\xf0n\xec\x05\x80%\xafN\x14N\xa7\
\x8a\xf9\xce\xa8&h\x04\x08\x10kbN\xec\xc9\x81\x11\
\xb8<\xd9\xc51\x17\x00\xae-\xbfR\xb0\xbcF\x1c4\
N\x04\x88=9@.\x8c\x12\x811\x16\x80\x87*\xd2\
T~\xae-g[o\x83F\x8c\x009@.\x90\x13\
l\x0f\x0a\x8aY\xce\x8c\xad\x00\xf0s\xd0\x15\x02\x85\xca\
\xaffP\xf4\x7f\xf2\x86\x93\x5c\x9c\xf1>V\xdb\xac\xc2\
\xf3Z\xb5\xdb\x8b_ f\xc1\x8d\xc7\xa8}\x88\xf8\x97\
\xc4\xf7\x16\xdfk\x81\xd9f\x1f\xc7\xe8C_\xc60\x16\
\x19\xc8B&\xb2\xd1\x81.\x0d\x1d\x14\x91\x13\xe4\x069\
2(\xc7\xa693\xa6\x02\xc0\xd9_\x12\x98\x0bE\xa6\
aR\xfa\xb1\x9f\xc9@V\xed=N-W\xbcq\xa7\
\x1c\x93\x96\xe5\xb76\xd4\xbe\xdf\x13\xef#~\x8f\x98\xff\
lg\xa9\xbdX\xcc*\xbf\xdfW{\xb3\x98E<\x91\
\xa3\xcdyb\x9b}\x1c\xa3\x0f}\x19\xc3Xd \x0b\
\x99\xc8F\x07\xba\xd0\x89nl\xc0\x16lB\xce\xbc\xc0\
J_\xc8\x0dr\x84\x5c\xa9\xd4\x854\xb3\xc7P\x00\xb8\
D\x94\xfb\xc99\xfb\x9b\x86N\x19\xbd\xaf\x97\x19\x1f\x17\
\x1f \xe6\xbf2Kp?_\xdbo\x10\x1f-f\xd1\
M&\xad6\xb3\x12:\xd1\x8d\x0d\xd8\x82M\xd8\x86\x8d\
\xd8\x8a\xcd\xd8\x9e\xd5(#e\xe4\x0a9C\xee\x18\x89\
,S\xcc\xd0\x0b\x00\x1f\xe7\xb8\x12\x8c\xffTeF`\
\xb2U\xe7j\xf7Abnty\x94Z~\xb2\xe2\xf2\
V\xfe+\x97\xfc_\x16\xdb\xb0\x11[\xb1\x19\xdb\xf1\x01\
_\xf0I\xaeTC\xe4\x0c\xb9C\x0eUc\xf4RC\
\x9bl\x0f\xb9\x00\xfc\x99\x00\xe0\xe3\x5c\x0dKQ\xf3\x9d\
\xfa$\xd9\xbb\x8bx\x03\xf16b\x1e\xbe\xc1wRm\
VM\xf8\x80/\xf8\x84o\xf8\x88\xaf\xf8\x5c\xbac\xe4\
\x0e9D.\x95nk+\xfb\x86Z\x00\xf8N\xca\xf7\
\xd6V\xa0d\x1c\xc4Svx<\x17\xdf\xa9w\x93^\
~\x9b\xbeM\xedP\x09\xdf\xf0\x11_\xf1\x19\xdf\xc1\xa0\
t\x7f\xc9%r\xaat;\x93\xed\x1bZ\x01\xe0\xa2\x0e\
\xbe\x97\xbe>\x19\x89|\x03.\x91\xaa\xbd\xc5\x9cq\xff\
}\xb5<\x96K\xcd(\x09\xdf\xc1\x00,\xc0\x04lJ\
\x05\x82\x9c\x22\xb7\xc8\xb1RmL\xb6kH\x05\x80\xa5\
\xa4/\x14\x02<\x88BMq\xf4\x11Y\xc4\xa3\xb56\
U\xfb7b\xce\xb8\xab\x09\x12\x02`\x01&`\x03F\
`\xa5\xdd\xc5\x11\xb9E\x8e\x91k\xc5\x19\xb7\xd4\xa0\xa6\
\xdbC)\x00|\xbf\xbc@N?U\x5c\x12\xf1$\x9c\
\xbf\x94A\x9c\x0c\xe3?\xc8\x17\xb4\x1d4\x1d\x010\x02\
+0\x03;0\x9c>\x22\xefQr\x8c\x5c#\xe7\xf2\
jv\xd06\x84\x02\xc0\x83(\xffE\xd8\xf0\x9dRM\
\x11\xf4\x1dY\xc1Oa$\xf1;\xb4]\xeb\xcfa2\
\xbd7\x023\xb0\x03C\xb0\xbc\xb67KV+&\xd7\
\xc89ro\xf5\xd1\x8a\xf6\xd4^\x00\xf6\x12\xd6<\x88\
RM\x11t\x9d\xac\xe0\xc2\x98'\xa8\xe5\xa70~\x16\
\xd3fP\x07\x04\xc0\x10,\xf9M\x1el\xc1\xb8\x838\
\xd3\xa1\xe4\x1e9h*4\xa7\xb0\x9a\x0b\x00\xc9\xf0\xf7\
9\xc1\x9a\xa2\x8b\x9f\xb4\xb8\x5c\xf6q\xea\xc3\x851j\
\x82\x1c\x10\x00[0\x06k0wP\x91,\x92\x1c$\
\x17\x93\x07z\x0dH\x91[k\x018PN\xf2_A\
M\xeft\x94,\xe0\xbf\x13?\x15i3(\x03\x02`\
\x0d\xe6`\x9fA\xddL\x15\xe4\x2299\xb3ci\x1d\
j,\x00\x00\xcd\xc3$\xfb\xc6\xf2l\x19\xb0\x91\x98\x07\
U\xf0\xc4\x1am\x06eD\x00\xcc\xc1\x9e\x18\x10\x8b\x8c\
\xaa'\xaa\x22'\xc9\xcd\x89\x07K\xddY[\x01\xe0\xa3\
\x16@\xf7\x89''\xa7\xb8C\x8e\x07S\xf0\x10\xcb>\
m\x09\xddss\xc4\x80X\x10\x13b\xd3'&\xe4&\
9\xda\xa7\x0dI\xbak*\x00{\xc93>j\xa9\xe9\
\x8d\xb8\x1a\x8c[e\xb9C\xae7#B\xf1D\x04\x88\
\x09\xb1!F\x13;d\xdaI\x8e\x92\xab\x99\xd4-W\
\x93\xfa\xae\x96\x02\xc0\xcf-\x9clI\xf5\xcf\xaa?g\
\x9e\xb9l\x95\xbb\xde\xb8h\xc5Jn\xc8\xb1E\x80\xd8\
\x10#bE\xccl\xa57\x97F\xae\x92\xb3\xcdG\xf4\
\xd4\xb3\x86\x02\xc0\x05\x17\xfc\xdc\xd2\x13Ds\xdc\xb8\xc2\
r\xd2\x5c\xb6\xda\x97\x0d\xa17\x0d\x01bE\xcc\x88]\
\xdaH\xbb\xde\xe4,\xb9k'\xd1AR\xe9\x05\x80K\
.\xfb\xbcY\xe4O\x8497\xae\xf0\x9fE\x9bA\x15\
!@\xcc\x88\x1d1\xec\xcblr\x97\x1c\xeeK\xffL\
\xbd%\x17\x00n\xba\xf8\x98<\xe0\xaa+5Y\x89'\
\xcerv\xf9\xef\xb2j\x0de\x1e\x08\x10CbIL\
=\xe4O\x93I\xee\x92\xc3\xe4\xf2\xb4~&\xc7\xda\x08\
)\xb9\x00\xfc\xa3\x1c\xe2\xbak5Y\xe9\x04icu\
\x1b\xce.k3h\x00\x08\x10KbJls\xbbC\
\x0e\x93\xcb\xb9\xf56\xd2Wj\x01\xe0L.w^5\
r\xc2\xb0\x13W\x98\xed!y\x5c~\xaa&h@\x08\
\x10SbK\x8cs\xbbE.\x93\xd3\xb9\xf5\xce\xd4W\
b\x01`\xf5\x15\xee\x06\x9bi\xbca\x87;%\x8b\x95\
j\xb8\xc2L\x9bA\x03F\x80\x18\x13kb\x9e\xd3M\
r\x9a\xdc\xce\xa9s\xa6\xae\xd2\x0a\x00\xeb\xaf\x11\xa0\x99\
\x86\x1bv\xe0\xce\xbd\xdf\x96<V\xaaQ\x134\x02\x04\
\x8851\xcf}\x87!\xb9M\x8e\x9bC\xdcV`I\
\x05\x80k\xbb?\xdc\xd6\x91\x96\xe3X\xca\xfa\xc5\x1a\xcb\
B\x96j\x82F\x84\x001\xdfB\xfe\x92\x03j\xb2\x11\
9N\xaegS8MQI\x05\xe0\x832\x94E\x18\
\xd5d\xa1\xcfH\x0b+\xbf\xe6\xfe/ \xb5A\x85 \
@\xec\xb7\x94-\xe4\x82\x9a,D\x8e\x93\xebY\x94\xcd\
RRJ\x01\xe0A\x0cL\xc6Y\xf6Z\x1dg\xa5\xd7\
\xad$\xec\x16q\xd0\xb8\x11\xe0\xb6br\x81\x9c\xc8\x85\
\x04\xb9N\xce\xe7\xd2\xb7\xa6\x9e\x12\x0a\x00\xdf\x89x\x10\
\xc3\x9aF\x1a\x1f\xe0\x81\x15<\xe1\xc6Xl\x88\xab\x1c\
\x01r\x82\xdc\xc8\xe5\x069O\xeew\xd6\xd7E@\xdf\
\x05\xe0\xa12\x9eg\xce\xa9\xc9B\x04\x98\x07VdQ\
\x16J\xaaC\x80\xdc Gr\x19N\xee3\x07r\xe9\
[\xa5\xa7\xef\x02\xc0\x82\x0e<\x8fm\x95a\x0e;\xf8\
\x88G\x80\x1dD\x87\xc8\x01!@\x8e\x90+9\x5c\x22\
\xf7\x99\x039tM\xd4\xd1g\x01\xd8]\x16\xf1DV\
5\xee\xc4I\x1e>\xe2\xb9+\x0a\x05\x83@\x80\x5c!\
gr8\xc3\x1c`.\xe4\xd0\xb5JG_\x05\x80k\
\xa3\xdf\xbf\xca\x1a\x9f\x1d\xfc\xcc\xb3\xa3\x8f\xe8\x90:`\
\x04^)\xdf\xc8\x1d5\xee\xc4\x5c`N$+\xea:\
\xa0\xaf\x02\xf0^\x19\x9e\xe3\xbb\x0f?\xf3\xec,]\x9c\
\xe9U\x13\x14\x084F\x80_\x88\xc8\x1d.\x14k<\
\xa8eG\xe6\x02s\xa2\xe5\xf0\xf6\xc3\xfa(\x00|\xc7\
\xe2cO{\xab\x9b\x8d\xe4RO\x16e\xa0\x084\x1b\
\x11\xbd\x02\x81\xe5\x08\x90;<\xba\x8c\x5cZ~\xc4\xfe\
\x1ds\x82\xb9a/y\x8a\xc4\xdc\x05\x00}\xb9~\xff\
\x04P\xae\xf6\x9a\xe2~\x1c\x0a\x04f\x22@\x0e\x91K\
3;\x1at`n0G\x0cD5\x13\x91U\x99L\
\xfa+\xf1\x93\xc4\xde\xc4\x1d_\x5c\xef\xed\xad'\xe4\x8f\
\x03\x01r\x89\x9c\xf2\xf6\x96\xb9\xc1\x1ci\xa4\xc7\xa2S\
\xce\x02\xc0\x12M\x5c\xfc`a\xf74\x19\xdc\xf3\xcdM\
\x17\xd3\xfa\xc4\xb1@ \x15\x01r\x8a\xdcJ\x1d\x97\xda\
\x9f9\xc2\x5cI\x1d\xd7\xaa\x7f\xce\x02\xc0s\xdeZ\x19\
\x990\x88U_\xb8\xed2aHt\x0d\x04\x1a#@\
n\x91c\x8d\x07\xb4\xec\x98c\xae\xcc\x9b\x96\xab\x00p\
\xc9\xe3+\xe65\xfa\xbe\xb0\x1c3\x0b?\xf8j\x09\xe9\
cE\x80\xdc\x22\xc7\xbc\xfdg\xae0g\xbc\xf5\xcc\xe5\
*\x00ow\xf7dn\x8e\xc5\x1fY\xfa)\x83\xaaP\
1b\x04\xc81r\xcd\x1b\x82\xa9s\xc6Jy\x8e\x02\
\xb0\xa7\x8c\xddX\xecI,\xff\xcc\xe2\x8f\x9e:Bv\
 \xb0\x88\x00\xb9F\xce-\xbe\xf7h\x993\xcc\x1d\x0f\
\xd9\xebd\xe6(\x00\x9c\xd4X\xa7\xd0a\x83\x07@\xec\
\xe3 7D\x06\x02\xd3\x10 \xe7\xc8\xbdi}\xba\x1e\
\xf3\x9e;\xee_\x01xN\x1a?mt\x05b\xda\xf8\
\x03t\x905\xe0\xd5\x045D`\x03\xf5\xfb-1\x97\
H\xc3l\xb3O\xbb\x82\x1a\x22@\xce\x91{\x0d\xbb\xb7\
\xea\xc6\xdca\x0e\xb5\x1a\xdcd\x90\xf7'\x00\xef\xa7\xa5\
\xb2\xd2*O\x81i\xe2k\xf4\x99\x9b\xdbU \xfc\xab\
\x98K\xa3\xbf\xa0\x16\xec`\xb6\xd9\xc71\xfa\xe8PP\
\x03\x04\xc0\x8e\x1cl\xd0\xb5u\x97Us\xa8\xb5\xa4\x09\
\x03=\x0b\x00\x95\x8b\xdb\x1d'\xa85\xd9u\xbd\xa4\xbc\
Y\x1c4\x1b\x01\x9eN\xf3yuc}zV\xbf\xd1\
\xe6D\xe2\x18}\xe8\xcb\x98\x89\x9db\xe72\x04\xc8A\
rq\xd9N\xc37\xcc!\xe6\x92\xa1\xc8\xf5\xa2\xbc\x0b\
\xc0zM\xf6[\x5c\x99\xc5\xc70{\xc9\xc3\x92\xc8G\
|\xce\x5co\x96\xe0\x16}\x19\xc3\xd8\x84a\xa3\xecJ\
\x0e\x92\x8b\x9e\xceWW\x008{\xe9\xb9\xf2\xe9\xd9B\
\xfbxq\xd0t\x04x \x05\x1fS\xa7\xf7Z\xfb(\
c\x91\xb1v\x8f8\x02\x02\xe4\x229\xc9\xb6\x073\x97\
\x98S\xe6\xb2\xbd>\x01\xbc\xd1\xdc\xd2\xe5\x02\x0fY\xfe\
6\xdeM@\xe0>\xdag\xb1\xfa,2\x90%qA\
S\x10\xf0\xce\xc9\xf995E\x7f\xabC\x1e\x05\x80+\
\x98\x9e\xdb\xca\x9af\x83XB\x89\x8f\xa7\xcdz\x8f\xb7\
\xd7\xc1r\x9d\xb3\xc8j:\x112\x90\xd5I\xc8\x08\x06\
\x93\x93\xe4\xa6\x97\xab\xcc)\xe6\x96\xa9|\x8f\x02\xe0y\
\xa9$g\xaa\x0f3E`\x98\xc2\xee%\xb7\xf6\x16[\
\x11\xb2\x90i%o\xa8r\xc8Mr\xd4\xcb?\xf3\xb9\
e]\x00\xb8\x8bi;/\xef%\xf7]\xe2\x1b\xc5A\
\xd3\x11\xd8V\x87\x1f\x22\xb6\x22d!\xd3J\xdeP\xe5\
\x90\x9b\xe4\xa8\x97\x7f\xcc-\xe6\x98\x99|\xeb\x02\xf0Z\
3\xcbV\x0b\xe2\xaa+n\xc9\x5c}$\xf6\xacD`\
\x93\x95;\x0c\xde{\xc840\xab8\x11\xe4(\xb9j\
n\xd8\x82@\xd39fY\x00\x90\xb5\xc7\x82\x91\x1e\xcd\
\xe1\x1eB\x07*\xf3\x09\x0e~y\xc8t0\xb3\x08\x91\
\x9e\xb9\xca\x1cc\xae\x998j&H\xd6\xec&~\xb0\
\xd8\x83X\x9b\xedh\x0f\xc1\x03\x95y\x7f\x07\xbf<d\
:\x98Y\x84Hr\xd5k1Q\xe6\x18s\xcd\xc4Q\
\xcb\x02\xe0\xb9n\x9a\xe7\xd9U\x13 CH \xb0\x02\
\x81#W\xbc\xb7|k6\xd7\xac\x0a\xc0S\xe4\x1d\x0f\
<TcN7H\xe21\xe2\xa0@\xa0&\x04\xc8Y\
r\xd7\xc4\xe6\x15B\x98k\xcc\xb9\x15\xbb\xd3\xdfZ\x15\
\x80]\xd2U7\x1e\xf1\x01\xf5d%\x165A\x81@\
5\x08\x90\xb3\xe4\xae\x97\xc1&s\xce\xaa\x00x\xaeg\
\xce\xe2\x0b^ \x86\xdc@\xc0\x13\x01\xcf\xdc5\x99s\
\x16\x05\x80\xbb\xc6L\x7f\x9b\x5c\x12\x91\x8fh\xdb\xf3N\
+\x89\x0f\x0a\x04\xdc\x10 w\xc9a\x0f\x05\xcc9\xe6\
^'\xd9\x16\x05\x80\x07)v2b\xca`/\xf0\xa6\
\xa8\x8cC\x81\x80)\x02\x9dsx\x8a5\x9d\xe7\x9eE\
\x01\xd8a\x8a\x81]\x0e]\xa2\xc1,T\xa1&(\x10\
\xa8\x16\x01r\x98\x5c\xf6p\xa0\xf3\xdc\xebZ\x00\x9e.\
\xaf\xf8(\xa2\xc6\x9cN4\x97\x18\x02\x03\x81~\x10\xf0\
\xcae\xe6\x1es\xb0\xb5W]\x0b\x80\xe7\xf5\xe1\xacL\
\xd3\xda\xb1\x18\x18\x08\x14\x84\x80g.w\x9a\x83]\x0b\
\xc06N \x9f\x22\xb9\xac\xb4\xa2&(\x10\xa8\x1e\x01\
r\x99\x9cNv\xa4\xc1\x80Ns\xb0K\x01x\x80\x8c\
\xe3\x82\x045\xe6t\x9a\xb9\xc4\x10\x18\x08\xf4\x8b\x80W\
N3\x07\x99\x8b\xad\xbc\xebR\x00\xb6l\xa5q\xf6 \
\xee\xa7f)\xaa\xd9=\xa3G P\x0f\x02\xe44\xb9\
\xedaq\xeb\xb9\xd8\xa5\x00l\xe1\xe1\x89d\x9e!\x0e\
\x0a\x04\x86\x88\x80Wn\xb7\x9e\x8b]\x0a\xc0\xe6N\x11\
\xfa\xb4\x93\xdc\x10\x1b\x08\xf4\x8d@Rn'\x18\xdbz\
.\xb6-\x00\x0f\x97q\xacQ\xa6\xc6\x9c\xce2\x97\x18\
\x02\x03\x812\x10\xf0\xcam\xe6\x22s2\xd9\xcb\xb6\x05\
\x80GI%+k0\xe0\x5c\xf5\xb9M\x1c\x14\x08\x0c\
\x11\x01r\x9b\x1c\xf7\xf0\xad\xd5\x9cl[\x006\xf5\xf0\
@2\xcf\x13\x07\x05\x02CF\xc0+\xc7[\xcd\xc9\xb6\
\x05\xc0k}\xb8\xf3\x87\x1c\xf9\xf0-\x10\x10\x02\x8dr\
\x5c\xfdR\xa9\xd5\x9cl[\x006J\xb5\xaeA\x7f\xee\
\x9c\xba\xa2A\xbf\xe8\x12\x08\xd4\x8c\x009N\xae[\xfb\
\xd0jN\xb6)\x00\x5c{\xfc@k\xeb%\xef\x22q\
P 0\x06\x04<r\x9d9\xc9\xdcL\xc2\xafM\x01\
\xd80IC\xf3\xce\xdc5\xd5\xbcw\xf4\x0c\x04\xeaE\
\xc0+\xd7\x93\xe7f\x9b\x02\xf0,'\xdc/v\x92\x1b\
b\x03\x81\xd2\x10\x98\x9a\xeb\x1d\x8cM\x9e\x9bm\x0a\xc0\
3;\x18\xb8\xd6P\xd6O\xbbt\xad\x83\xb1?\x10\x18\
\x18\x02\xe4:9o\xedV{{+\x19\x00\x00\x10\x00\
IDAT\xf2\xdclS\x00\x92\xbfg4\xf0\xf2r\
\xf5\xf1\x00Db\x83\x02\x81\xe2\x10 \xd7\xc9yk\xc3\
\x92\xe7fj\x01\xb8\x9f,~\xb2\xd8\x9a\xbeb-0\
\xe4\x05\x02\x85#\xe0\x91\xf3\xccM\xe6hc\xd7S\x0b\
\x00\x0a\x1a\x0bO\xe8\xf8\xb5\x84\xbe\xd15\x10\x18\x02\x02\
\x13s\xde\xc0\xb1\xa49\x9aZ\x00\x9ed`\xe0$\x11\
WN\xda\x19\xfb\x02\x81\x01#\xe0\x95\xf3Is4\xb5\
\x00x= \xf2\x9b\x03\x0et\xb8\x16\x08LB\xc0+\
\xe7\x93\xe6hj\x01x\xfc$O:\xeec\x91\x84\xef\
w\x94\x11\xc3\x03\x81\xda\x10 \xe7\xc9}k\xbb\x93\xe6\
hj\x01x\x8c\xb5\xb5\x92\xf7mqP 0F\x04\
\x96\xe5\xbe\x11\x00Is4\xb5\x00\xfc\xaa\x91\x91K\xc5\
\x5c\xbb\xf4Ml\x07\x02#B\xc0#\xf7\x93\xe6hj\
\x01x\xa4Cp\xaes\x90\x99[\xe4\xbd\xa4p;\xf1\
\xa1\xe2\x7f\x10\x9f\xda3\xbf@\xfa\xad\x09\x99}\xfb\x05\
\xb6`\x0c\xd6`n\xedcny\x1e\xb9\x9f4GS\
\x0b\xc0\xaf8 \xc4w!\x07\xb1YD\xdeGZH\
\xc8\x1b\xd5\x9e)>X\xbc\x9b\x98\x077\xf6\xc9I\x1f\
\x03eo\x13Bf\x9f>\xa1\x1bl\xc1\x18\xac\xc1\x1c\
\xec\x89A\x13\xfbK\xec\xe3\x91\xfbIs4\xa5\x00\xdc\
W\x08r\xc7\x91\x1aS\xf2\xb85\xd2\xd4\xc05\x84\xbd\
D\xfb\xbf!&!\x1f\xa26(/\x02`\x0e\xf6\xc4\
\x80X\xe4\xd5n\xa3m]\xee\xdb\x88\x9b\x97\xc2\x1ce\
\xae\xce\xbf\x99\xf5\x92R\x00\x1e:KX\xcb\xe37\xb4\
\x1c\xd7\xe7\xb0\x1d\xa5\x9c\x85\x1d\x92~s\xd5\x98 {\
\x04\x88\x01\xb1 &\xf6\xd2}%z\xe5~\xe3\xb9\x9a\
R\x00\x1e\xe4\x84\x05\x1f\xe5\x9cD\xbb\x88}\x9e\xa4\xb2\
\xc6\xbb\x9a\xa0\x82\x10 &\xc4\xa6 \x93f\x9a\xe2\x95\
\xfb\x8d\xe7jJ\x01\xf8\xe5\x99\xee\xb4\xeb\xc0c\x93\xda\
\x8d\xecg\xd4Q\xfd\xa8\x0d\xad\x0d\x10\xa8-6^\xb9\
\xdfx\xae\xa6\x14\x80\xd6\x8f\x1f\x9a\x118\x8f\x8b!f\
\xa8l}xW\x8d\xdcL\x1cT&\x02\xc4\x86\x18\x95\
i\xddj\xab\xe6s\x7f\xf5\xee\xce{\x1a\xcf\xd5\x94\x02\
p\xff\xcefM\x16\xc0R\xc9\x93\x8f\x94\xb7w\x8f\xf2\
L\x0a\x8bV PS\x8c\xbcr\xbf\xf1\x5cM)\x00\
I\xb7\x19\xae\x08\xca\xb4\xb7\xb7O;X\xd0\xb1\x0dd\
\xcbV\xe2\xa0\xb2\x11 F\xc4\xaal+\xef\xb1\xce+\
\xf7\x1b\xcf\xd5\x94\x02p\xef{l6\x7f\xbd\xd3\x5c\xa2\
\x8f\xc0g\xfb\x88\x0d\xa9\x0e\x08\xd4\x12+\xaf\xdco<\
WS\x0a@J\xdf\x94\x98\xb2:JJ\xff\xbe\xfa&\
]a\xd5\x97\x91\xa1w\x1e\x81Zb\xf5\xb3yk\xed\
_\x1a\xcf\xd5\xc6\x1d\xedm\x0c\x89\x81@ \xd07\x02\
)\x05\xe0.'c\x7f\xd1I\xae\xb5X\x8f\xab\xb6\xac\
m\x0cy\xf7 PK\xac\xbcr\xbf\xf1\x5cM)\x00\
?\xbd\x07[\xf3\xd7Z\xae\xe5\xfe\xaa\xb9\xe7!\xd0\x0b\
\x81Zb\xe5\x95\xfb\x8d\xe7jJ\x01\xb8\xc3)Z\x8d\
\x7f\xb2p\xd2\xdfT\xec\xad\xea\xe8\xf5`G\x89\x0e2\
B\x80\x18\x11+#q~b$\xd9+\xf7\x1b\xcf\xd5\
\x94\x02\xe0\xf5\x93E\xe3\x8b\x16\x04X\xdft|\xdf\x06\
\x84\xfe\x99\x08\xd4\x14#\xaf\xdco<WS\x0a\x80\xd7\
E\x0b\x8d/[\x9c\x19z\xff\x0e'K\x85\xc7s\xdd\
$6\xc8\x00\x01bC\x8c\x0cDe\x11\xe1\x95\xfb\x8d\
\xe7jJ\x01\xf0\xbal\xf1\xc1Y\xa0\xb6S\xb2\x9f\x9d\
\xa8\x90d\x8c@m\xb1\xf1\xca\xfd\xc6s5\xa5\x00\xfc\
\xd88X\x8b\xe2\x1e\xb6\xb8QI\xcb\x13]^Y\x89\
\xadc2\x93\x98\x10\x9b*|^0\xd2+\xf7\x1b\xcf\
\xd5\x94\x02\xf0\xa3\x05\xa3\xad\x9bGX\x0b\xcc \xeft\
\xe9\xd8R|\x8d8\xa8_\x04\x88\x01\xb1 &\xfdZ\
\x92\xae\xdd+\xf7\x1b\xcf\xd5\x94\x02\xf0\x13\xf9w\x8b\xd8\
\x9aj\xb9jk\xa5\xdf\x9f\xd5\x0e\x9e\xc5v\x98\xda\x9b\
\xc4Ay\x11\x00s\xb0'\x06\xc4\x22\xafv\x1bm\x1e\
\xb9\xcf\x1ce\xae6\xb20\xa5\x00 \xf0\x7fy1\xe6\
G\x1b\xcb\xcb)\x8ek\xb9\x0f\x91B>\xcam\xaf\x96\
\x84<Q\xedi=\xf3\xf7\xa4\xdf\x9a\x90\xd9\xb7_`\
\x0b\xc6`\x0d\xe6`O\x0c\xac}\xcd%\xcf#\xf7\x93\
\xe6hj\x01\xf0\xb8\xc2\xea\xb1\xb9\xd0v\xd4s\xb7d\
\x9f%&!\xffP\xed\xce=\xf3\x17\xa5\xdf\x9a\x90\xd9\
\xb7_`\x0b\xc6`\x0d\xe6\xd6>f\x91\xb7D\x89G\
\xee'\xcd\xd1\xd4\x02\xf0?K\x8c\xb7\xdaLz\x94\x91\
\x95\xd2\x90\x13\x08\x14\x80\x80G\xee'\xcd\xd1\xd4\x02\xc0\
\xc7@k\xdc\x9eh-0\xe4\x05\x02\x95 \xe0\x91\xfb\
Is4\xb5\x00|\xc7\x01X.\x86\xf0\xf8.\xe4`\
j\x88\x0c\x04\xcc\x10 \xe7\xc9}3\x81\x0b\x82\x92\xe6\
hj\x01\xf0x\x94\x11v?\x8d\x97\xe0@`\xe8\x08\
,\xf1\xcf+\xe7\x93\xe6hj\x01\xe07\xd7%>\x98\
m>\xc3LR\x08\x0a\x04\xea@\xc0+\xe7\x93\xe6h\
j\x01\xb8\xda\x09\xdbg9\xc9\x0d\xb1\x81@\xa9\x08x\
\xe5|\xd2\x1cM-\x00\xdcf\x98\xa4\xa0!\xfa\xcfi\
\xd8/\xba\x05\x02CA\xc0#\xe7\x99\x9b\xcc\xd1\xc6\x18\
\xa5\x16\x00\x04\xf3,6ZK\xe6\x89.^\xab\xa3X\
\xda\x19\xb2\x02\x81\xd6\x08,\x19H\xae\x93\xf3Kv\x99\
l&\xcf\xcd6\x05\xe0\xeb&\xa6.\x17\x02 \x1b/\
\xdf\x15\xef\x02\x81\xc1\x22@\xae\x93\xf3\xd6\x0e&\xcf\xcd\
6\x05\xe0k\xd6V/\xc8\xdbt\xa1\x8d&\x10\x18:\
\x02^\xb9\x9e<7\xdb\x14\x80+\x9c\xa2\xf3B'\xb9\
!6\x10(\x0d\x01\xaf\x5cO\x9e\x9bm\x0a\x00\xdf3\
\xb8\xe3\xc8\x1aT\x9e\xebf-3\xe4\x05\x02E \xb0\
\xc2\x08\x8f\x5cgN27W\xa8\x9a\xfe\xb6M\x01@\
\xe2e\xbc\x183\xb7Fnh,3\xc4\x05\x02\xa5!\
@\x8e\x93\xeb\xd6v\xb5\x9a\x93m\x0b\xc0%\xd6\xd6/\
\xc8ca\x87\x85\xcdh\x02\x81A\x22\xe0\x95\xe3\xad\xe6\
d\xdb\x02p\xb1Shx\xb0\xa3\x93\xe8\x10\x1b\x08\x14\
\x81\x80W\x8e\xb7\x9a\x93m\x0b\xc0\xbf;A\xb9\xb5\xe4\
z-\x95,\xd1A\x81@~\x04\x96h$\xb7\xc9\xf1\
%\xbb\xcc6[\xcd\xc9\xb6\x05\xe0\x872\xfb\xcbb\x0f\
\xda\xceCh\xc8\x0c\x04\x0a@\xc0+\xb7\x99\x8b\xcc\xc9\
d\x17\xdb\x16\x00\x14]\xc8\x8b\x03\xbf\xccAf\x88\x0c\
\x04J@\xc0+\xb7[\xcf\xc5.\x05\xe0\x02'Dw\
p\x92\x1bb\x03\x81\xbe\x11\xf0\xca\xed\xd6s\xb1K\x01\
8\xdf\x09M\x16I`\x8dw'\xf1!6\x10\xc8\x87\
\xc0\x12M\xe44\xb9\xbdd\x97\xd9f\xeb\xb9\xd8\xa5\x00\
\xf0\xf8\xa1\xcf\x98\xb9\xb0\x5c\xd0N\xcb\xdf\xc6\xbb@\xa0\
z\x04\xbcr\x9a9\xc8\x5cl\x05P\x97\x02\x80\xc2s\
xq\xe0]$\xd3\xeb\xb1I\x12\x1d\x14\x08dE\x80\
\x5c&\xa7=\x94v\x9a\x83]\x0b\xc0\xd9\x1e\x1e-\xc8\
\xfc\x83\x856\x9a@\xa0v\x04<s\xb9\xd3\x1c\xecZ\
\x00\xb8\xf6\xf8\xabN\xd1\xd9\xcdIn\x88\x0d\x04\xb2 \
\xb0D\x89W.3\xf7\x98\x83KT\xa5mv-\x00\
h;\x83\x17\x07\xdeD2\xbd\xee\x9a\x92\xe8\xa0@ \
\x0b\x02\xe40\xb9\xec\xa1\xac\xf3\xdc\xb3(\x00\xff\xec\xe1\
\xd9\x82\xcc\xd7-\xb4\xd1\x04\x02\xb5\x22\xe0\x99\xc3\x9d\xe7\
\x9eE\x01\xb8\x5c\x91\xe1\xa3\x88\x1as\x02<\x8f;\xa7\
\xcc\x0d\x0d\x81\x81\xc0\x04\x04\xc8]rx\xc2\xa1\xce\xbb\
\x98s\xcc\xbdN\x82,\x0a\x00\x06\xf0\xd0HZ\x0f\xfe\
c\x0f\xa1!3\x10\xf0D`A\xb6g\xee\x9a\xcc9\
\xab\x02p\xca\x82\xc3\x1e\xcd\x1b%\xd4c\xfd4\x89\x0d\
\x0a\x04\xdc\x10 g\xc9]/\x05&s\xce\xaa\x00\x5c\
%/\xb9 A\x8d9=B\x12\xf7\x11\x07\x05\x025\
!@\xce\x92\xbb\x1e63\xd7\x98s\x9de[\x15\x00\
\x0c9\x89\x17'\xde\xdfIn\x88\x0d\x04\xbc\x10\xd8\xcf\
K\xb0\xe4\x9a\xcd5\xcb\x02p\xa2\x0c\xbbY\xecA\x8f\
\x97\xd0}\xc5A\xcd\x10\xb8\xbdY\xb7\xa4^\x1e2\x93\
\x0c\xa8\xa5\xb3\xec$W\x9f\xa0\xd6\x83\x98c\xcc5\x13\
\xd9\x96\x05\xe0.Yt\xbc\xd8\x8b\x0e\xf2\x12<@\xb9\
I\x0f\x88l\xe8\xbf\x87\xcc\x86\xaa\xab\xeb\xe6\x99\xab\xcc\
1\xe6\x9a\x09(\x96\x05\x00\x83>\xca\x8b\x13?Vr\
\xdf\x22\x0e\x9a\x8d@\xab\xf5\xe1f\x88\xf5\x909Ce\
\x95\x87\xc9Qr\xd5\xcbx\xd39f]\x00\xf8m\xf2\
,/\xcf%\xf7m\xe2\x87\x89\x83\xa6#\xc0\xf5\xe17\
M\xef\x92t\x14Y\xc8L\x1a4\xc2\xce\xe4&9\xea\
\xe5:s\x8b9f&\xdf\xba\x00`\xd8\x07yqb\
\xee\xa7>\xd8I\xf6\x90\xc4\xde-g\x8e\x15[\x11\xb2\
\x90i%o\xa8r\x0e\x96c\xe4\xa8\x1a\x172\x9f[\
\x1e\x05\xe0Sr\x9d5\xca\xd4\xb8\x10gW\x7f\xd3E\
\xf2\xb0\x84\x1e&w\xae\x11w%d \xab\xab\x9c\xa1\
\x8f''\xc9M/?\x99S\xcc-S\xf9\x1e\x05\x00\
\x03?\xc0\x8b#\x1f\xea({(\xa2\xef\x94#{\x89\
\xbb\x122\x90\xd5U\xce\xd0\xc7{\xe7\xa4\xcb\x9c\xf2*\
\x00\xc7)\xda\xff-\xf6\xa2m%x\x0fq\xd0t\x04\
>\xab\xc3,E\xa5\xa6\x151\x16\x19\xad\x06\x8fh\x10\
\xb9HNz\xb9\xcc\x5cbN\x99\xcb\xf7*\x00\x18z\
\x14/\x8e\xfcn\xc9f\xa5\x155AS\x108]\xc7\
\xf8xz\x91\xda\xa6D_\xc60\xb6\xe9\x98\xb1\xf6#\
\x07\xc9\xc59G\x00\xdc\xe6\x92w\x01\xb8\xce\x11\x14\xee\
\xb4z\xaf\xa3\xfc!\x89\xe6\xae\xb1\x17\xc9!V\xa69\
O\xedZ\xc41\xfa\xd0\x971k\xf5\x8b\xfd\xeb\x11 \
\x07\xc9\xc5\xf5{l\xb7\x98CU\x16\x00`x\x1f/\
\x8e\xbc\xa7d\xf31UMP\x03\x04NV\x9f\xdf\x11\
s\xa6\x9a\x85*\xc0\x0ef\x9b}\x1c\xa3\x8f\xba\x045\
@\x00\xec\xc8\xc1\x06][wq\x9dC\x9e\x9f\x00\xf0\
\x98\xca\xc5Yd\xb6\xbd\xf8\x08\x09\xe6c\x98\x9a\xa0\x86\
\x08\xdc\xaa~<J\x8a\x8f\xf80\xdb\xec\xd3\xee\xa0\x86\
\x08\x90s\xe4^\xc3\xee\xad\xba1w\x98C\xad\x067\
\x19\xe4]\x00\xb0\xe1=\xbc82W]\x1d\xe3(?\
D\x07\x02\x93\x10 \xe7\xc8\xbd\xf9cN/\xdesg\
.G\x01\xe0\xec\xe5\xa5N\x00-\x8a}\x8d6<\x17\
_\x90\xf8\xa0@`\x1d\x02\xe4\x1a9\xb7n\x87\xc3\x06\
s\x86\xb9\xe3 z\xbd\xc8\x1c\x05\x00m\xef\xe4\xc5\x99\
\xffV\xf29s\xad&(\x10pC\x80\x1c#\xd7\xdc\
\x14,\x08\xce1g\xb2|\x02\xc0\x1f\xae`\xfa$\x1b\
\xce\xcc\xa5\x92\xac\xc4\xe2\xac&\xc4\x8f\x14\x01r\x8b\x1c\
\xf3v\x9f\xb9\xc2\x9c\xf1\xd6\x93\xad\x00\xe0\xc8;xq\
\xe6\xe7I\xfe\x87\xc5A\x81\x80\x07\x02\xe4\x169\xb6L\
\xb6\xc3\x9b\x1cse\xde\xec\x5c_\x01P\xc6]L\xee\
'5\xa4hw1\xb7d\xaa\x09\x0a\x04\xcc\x10 \xa7\
\xc8-3\x81k\x08b\x8e0W\xd68l\xbb;g\
\x01\xc0\xf2?\xd7\x0b?m\xa8q%\xae\xcc\xda\xd9U\
C\x08\x1f\x13\x02\xe4\x129\xe5\xed3s\x839\xe2\xad\
g\x9d\xfc\xdc\x05\x80\x95L\xde\xbaN\xbb\xef\x06\xeb\xa6\
m\xea\xab\x22\xa4\x8f\x00\x01r\x88\x5c\xca\xe1*s\x83\
9\x92C\xd7\xbc\x8e\xdc\x05\x00\xa5\xacg\x9e\x03\xd0\xfb\
H\xd9?\x89\xbd\xd6f\x93\xe8\xa0\x81#@\xee|L\
>\x92KjV\x93\xe1\x1e\xe6\x04s\xc3P\xe4lQ\
}\x14\x00\xacz\xb3^~$\xf6&\x16\x13=UJ\
\x1e(\x0e\x0a\x04R\x10\xe0\xd2hr\x87\x22\x902\xae\
M_\xe6\x02s\xa2\xcd\xd8Nc\xfa*\x00\xd7\xcb\xea\
7\x89s\xd0\xc6R\xf2\x09qP \x90\x82\x00\x97H\
\x93;)c\xda\xf6e.0'\xda\x8eo=\xae\xaf\
\x02\x80\xc1'\xe8\x85\x8f=j\xdc\xe9\xa5\xd2\xd0\xf9A\
\x8a\x92\x114\x0e\x04\xc8\x15r&\x87\xb7\xcc\x01\xe6B\
\x0e]\xabt\xf4Y\x000\x86%\x94\xb8\xdd\x91mo\
\xdeA\x0a\xb2\x7f\xc7\x92\xce\xa0\xba\x10 G\xc8\x95\x99\
V\x1bt \xf7\x99\x03\x06\xa2\xda\x89\xe8\xbb\x00\xf0\xdd\
g\xefv\xa6\xb7\x1a\xf5*\x8d\x22\xc0j\x82\x02\x81U\
\x08\x90\x1b\xe4\xc8\xaa\x03N;\xc8}\xe6\x80\x93\xf8\xd9\
b\xfb.\x00X\xc8%\x8f\x5c\xfc\xc0v\x0e&\xc0|\
\xc4\xcb\xa1+t\xd4\x83\x009An\xe4\xb2\x98\x9c'\
\xf7s\xe9\x9b\xa8\xa7\x84\x02\x80a\xfc\xfe\xc9\x03\x0f\xd9\
\xce\xc1|\xc4c\xf5\x1b\xce\xf4\xe6\xd0\x17:\xcaE\x80\
_\x88\xc8\x05r\x22\x97\x95\xe4:9\x9fK\xdf\x9az\
J)\x00\x18\xc8\xea\xb3?d#\x13s\x92\xe7|\xe9\
\xca\xf13\x8f\xd4\x04\x15\x88\x00\xb1g2\x92\x0bI\xe6\
u\xe8L\x8e\x93\xeb\x1dD\xd8\x0d-\xa9\x00\xb0\xf2\xe9\
\xeb\xed\x5ck$\x89\x9fy.PO\xae\xf6R\x134\
\x22\x04\x88\xf9\xe7\xe4/9\xa0&\x1b\x91\xe3\xe4z6\
\x85\xd3\x14\x95T\x00\xb0\x93\xefD\xdct\xc1v.\xe6\
\xbf\xc0\xbfI\x19\xd7{\xab\x09\x1a\x01\x02\xc4\x9a\x98s\
\xa1XNw\xc9mr<\xa7\xce\xa9\xbaJ+\x00\x18\
\xfb\xd7z\xe1\xb6K5\xd9\x88K=O\x916\x02\xa4\
&h\xc0\x08\x10cbM\xccs\xbaIN\x93\xdb9\
u\xce\xd4Ub\x01\xc0hVZ\xed\xe3\x81\x14\xdc\xf1\
\xc5\xe3\x97Y\xf8\x01;\x82\x87\x83\x001%\xb6\xc4\xb8\
\x93W-\x06\x93\xcb\xe4t\x8b\xa1\xbeCJ-\x00x\
\xcd\xfa\xf4\xdfb#3s\xcf\xf7\x97\xa4\x93\xa5\x9f\xd4\
\x04\x0d\x00\x01bIL\x89mnw\xc8ar9\xb7\
\xdeF\xfaJ.\x00\x5c\x1b\xfdjyq\x8b87\xb1\
\xea\xcbeR\xca\xe2\x8fj\x82*F\x80\x18\x12Kb\
\x9a\xdb\x0dr\x97\x1c&\x97s\xebn\xa4\xaf\xe4\x02\x80\
\x03<\x9df\x176zb\x16\x7f<Q\xbaY\x03^\
MPE\x08\x103bG\x0c\xfb2\x9b\xdc%\x87\xfb\
\xd2?So\xe9\x05\x00\x07\xce\xd1\xcb\xae\xe2\xbe\x88\xe5\
\x9fY\xa2\x89\xa7\xc0\xf4eC\xe8MC\x80X\x113\
b\x976rF\xef\x84\xc3\xe4,\xb9\x9b0$\x7f\xd7\
\x1a\x0a\x00\xa8\xb0(\xc3\x1f\xb1\xd1\x13\xf3\x00\x88\x8fK\
\xf7\x87\xc4\xfcgQ\x13T \x02\xc4\x86\x18\x11+b\
\xd6\x97\x89\xe4*9\xdb\x97\xfe\xc6zk)\x008\xc4\
r\xcc\xfb\xb3\xd1#s&\xf7\x1b\xd2\xbf\x878\xa8,\
\x04\x88\x09\xb1!F}ZF\x8e\x92\xab}\xda\xd0X\
wM\x05\x00\xa7xN\xdaAl\xf4\xc8<\x09\xf6\xa3\
\xd2\x7f\x96\x98\xb3\xcbj\x82zD\x80\x18\x10\x0bbB\
lz4e\x8e\xdc$G\xfb\xb4!Iwm\x05\x00\
\xe7xZ*@\xb3\xdd'o+\xe5\x9c]>R\xed\
\xc3\xc4Ay\x11\x00s\xb0'\x06\xc4\xc2]\xfb\x0c\x05\
\xe4$\xb99\xa3[Y\x87k,\x00 \x08\xd0|\xd4\
b\xbbofA\x07\xae\xed\xe6\x0a\xb3\xbem\x19\x8b~\
\xb0\x06s\xb0/\xc1gr\x91\x9c,\xc1\x96$\x1bj\
-\x008\xc9G-N\xb6\xb0\xdd7s[1W\x98\
}W\x86\xec+\x0e\xf2A\x00l\xc1\x18\xac\xc1\xdcG\
K\x9aTr\x90\x5cL\x1bUH\xef\x9a\x0b\x00\x10r\
\xb2\x85\x9f[\xd8.\x819\xf3L2\xf0\xdf\x89\xff\x0a\
\x5c~Z\x82]5\xdb\x00\x86`y\xad\x9c\x00[0\
\xd6f\x11D\xee\x91\x83E\x18\xd3\xc6\x88\xda\x0b\x00>\
\xf3s\xcb\xefj\x83\xab\xae\xd4\x14A\xdcax\x84,\
\xf9\x81\x98\xe7\xbc\xf5}rJfTG`\x06v`\
\x08\x96\xb9\xef\xdc[\x06\xd8\x8a7\xe4\x1a9G\xee\xad\
8T\xd7\xdb!\x14\x00\x10\xe7\x82\x8b-\xb4\xc1u\xd7\
j\x8a\xa1G\xc8\x92\xbf\x10\x93\xc4\xdc\x0d\xf6Bm\x07\
MG\x00\x8c\xc0\x0a\xcc\xc0\x0e\x0c\xa7\x8f\xc8{\x94\x1c\
#\xd7\xc8\xb9\xbc\x9a\x1d\xb4\x0d\xa5\x00\x00\x0d\x97\x5cn\
\xae\x0d\xee\xbcRS\x1c\xbdN\x16]$\xbeX\xfc\xa7\
b.ZQ\x13$\x04\xc0\x02L\xc0\x06\x8c\xc0J\xbb\
\x8b#r\x8b\x1c#\xd7\x8a3\xae\x8dAC*\x00\xf8\
\xcfM\x17[j\x83\xff j\x8a\xa4Md\xd5\xb1\xe2\
\x9b\xc4<\xba\x8c\xcbV\xb59J\xc2w0\x00\x0b0\
\x01\x9bR\x81 \xa7\xc8-r\xacT\x1b\x93\xed\x1aZ\
\x01X\x04\x80\xab\xc1\xf8\xa9h\xf1}\xa9-7\x8bp\
\xd9*\xdf)\xb9q\x85\x95j\x1eP\xaa\xb1\x06v\xe1\
\x1b>\xe2+>\xe3;\x18\x18\x88\xf6\x13!\xc9\xe4\x12\
9\xa5\xcda\xd1P\x0b\x00Qb\xf5\x15Vze\x11\
F\xde\x97\xcc\xfc\xa4\xc5\x8d+\xacTs\xab\x0c\xe5\xfb\
\xe5\x81j7\x14\xd7N\xf8\x80/\xf8\x84o\xf8\x88\xaf\
\xf8\x5c\xbao\xe4\x0e9D.\x95nk+\xfb\x86\x5c\
\x00\x00\x84\xf5\xd7\x9e\xaf\x0dV~US\x0dm-K\
\x0f\x17\x7fY\xcc\xc90\x1eX\xc1Oa,d\xc9\xcf\
b\xda]$a\x1b6b+6c;>\xe0\x0b>\
\x15i\xf4\x1aF\x913\xe4\x0e9\xb4F\x97\xfaw\x0f\
\xbd\x00\x10!\x8c\x94\xe2\xda\x00\x00\x04\xa9IDAT\
~\x93\xdfJ\x1b<\x88AMu\xc4\xcfa<\xb0\x82\
\x9f\xc2\xbe(\xeb\xef\x10\xb3\xba\x0dw\xbdqa\x0c\xdf\
K\x1f\xad}\xb9\x09\x9d\xe8\xc6\x06l\xc1&l\xc3F\
l\xc5fl\xcfm\x97\x85>r\x85\x9c!w,\xe4\
\x15+c\x0c\x05`\x11|\x1e\xc4\xc0\xc79\x9e\xc7\xb6\
\xb8\xaf\xc6\x96\xff\xb2,e\xcdwR.\x8c\xe1?\xd5\
\xf7\xe4\x08\xdf\xa9\xafP\xcb\x13n\x8eQ\xcb\xf7V\xee\
\x90\xdbN\xdb\xfcW~\x9aZ&-g\xdc\xef\xafm\
\xe4\xa8\x99'\xb6\xd9\xc71\xfa\xd0\x971\x8cE\x06\xb2\
\x90\x89lt\xa0\x0b\x9d\xe8\xc6\x06l\xc1&\xe4\xcc\x0b\
\xac\xf4\x85\xdc G\xc8\x95y\x17\x86\xfe2\xa6\x02@\
,\xf98\xc7w\xd2\x93x30\xe6;\xf5s\xe4\x13\
\x09\xcc3\xe7\xb8\x5c\x96;\xe4\xce\xd4>\xfe+s\xab\
,\x93\x963\xee\xff\xaf}?\x15\xdf\xbd\xc0l\xb3\x8f\
c\xf4\xa1/c\x18\x8b\x0cd!\x13\xd9\xe8@\x97\x86\
\x0e\x8a\xc8\x09r\x83\x1c\x19\x94c\xd3\x9c\x19[\x01\x00\
\x0b\x1e\xc6\xb8\x9b6\xf8\xcf\xc6\xb66\x83F\x8c\x009\
@.\x90\x13l\x8f\x0a\x8a1\x16\x80\xc5\x00\x9f\xa0\x8d\
g\x88\xa9\xfcj\x82F\x88\x00\xb1'\x07\xc8\x85\x11\xba\
?77\xe6\x02@\xc0\xb9\xa8\x83\xca\xcfo\xd3\xd7\xb0\
#x\x14\x08\x10kbN\xec\xc9\x81\x89N\x8fa\xe7\
\xd8\x0b\xc0b\x8c\xf9\xc9\xea\xa9z\xc3\xd9_5A\x03\
F\x80\x18\x13kb>`7\x9b\xb9\x16\x05`=N\
wi\x93\xb3\xbf\x9c\xe4\xfa\xa4\xb6\x83\x86\x85\x001%\
\xb6\xc4\x98X\x0f\xcb\xbb\x96\xdeD\x01X\x0d\x1c\xcbI\
\xef\xa8\xdd\x9c\xf1\xbeTmP\xdd\x08\x10CbIL\
\x89m\xdd\xde\x18[\x1f\x05`m@\xf99\x88+\xc1\
\xde\xa0.|gT\x13T\x11\x02\xc4\x8c\xd8\x11Cb\
\x99d\xfaX:G\x01\x98\x1d\xe9\xe3\xd4\xe5\xc9b.\
o\xe5B\x11m\x06\x15\x8c\x001\x22V\xc4\x8c\xd8\x15\
lj\xff\xa6E\x01h\x1e\x03\xaex{\x9c\xba\x93\x5c\
\x83\xbfDT~\xd6F\xc4\x84\xd8\x10#bU\x9b\xfd\
\xbd\xd8\x1b\x05 \x1dv\x92\xeb\x89\x1a\xc6\xc7Knt\
\xd1fP\x8f\x08\x10\x03bAL\x88M\x8f\xa6\xd4\xa7\
:\x0a@\xfb\x98\xf1\xf1\x92'\xcer\x82\x89\x07S\xb4\
\x97\x14#\xdb \x00\xe6`O\x0c\x88E\x1b\x19\x13\xc7\
\x8cig\x14\x80\xee\xd1\xe6\x04\xd3\xf6\x12\xc3OL<\
\xa8\xe2fm\x07\xf9 \x00\xb6`\x0c\xd6`\x0e\xf6>\
\x9aF\x225\x0a\x80]\xa0\xf9\x89\xe9\x00\x89\xe3\x895\
\x5c[\xce\x9drz\x1bd\x80\x00X\x82)\xd8\x821\
X\x1b\x88\x0d\x11Q\x00\xecs\x80\x8bL\xb8\xb6\x9c\xfb\
\xc9\xb9\xe2\xec`\xa9\x88\x84\x15\x08\x89\x04f`\x07\x86\
`\x09\xa6`\x9b(&\xbaOC \x0a\xc04t\xba\
\x1f\xbbJ\x22\xde)\xe6#+\x0f\xb1<L\xdb$\xb6\
\x9a\xa0\x09\x08\x80\x0d\x18\x81\x15\x98\x81\x1d\x18N\xe8\xea\
\xb3klR\xa3\x00\xe4\x8b8KI\x1f\x22u$\xf6\
o\xa8\xe5a\x92|\xb4\xd5\xe6\xa8\x09\x0c\xc0\x02L\xc0\
\x06\x8c\xc0j\xd4\xa0\xe4r>\x0a@.\xa4\x97\xeba\
\xc1\x0d\x1e&\xc9G\xdb\x0dt\x88\xb3\xd9\x9c\xdc\xe2'\
-\xbd\x1d4\xe1#\xbe\xe23\xbe\x83\x01X\x80\xc9\xa0\
\x1d/\xd1\xb9(\x00\xfdG\xe56\x99\xc0\xd9lNn\
\xf1\x93\x16O\xc2ar\xb0\x0a\x0f\x0f\xa2`\xf9-u\
\xa9\x92\xb0\x1d\x1f\xf0\x05\x9f\xf0\x0d\x1f\xf1\x15\x9f\xf1\xbd\
J\xc7\x86bt\x14\x80\xf2\x22\xc9R\xd4L\x8e\xb7\xc9\
4\x16\xdd|\x90Z>\x1e\xf3 J&\xd2\xa7\xf5\xfe\
jqi\x84M\xd8\x86\x8d\xd8\x8a\xcd\xd8\x8e\x0f\xf8\x82\
O\xf8V\x9a\xdd\xeb\xec\x19\xe3F\x14\x80:\xa2\xce\xc7\
c\x1eD\xc9Dz\xb9L~\x8a\x98E<\x9f\xa9\x96\
\xff\xac\xfb\xa9}\xbf\xf8T1\x8f\xd6b2\xf2\xdfW\
oM\x08Y\xc8D6:\xd0\x85Ntc\x03\xb6`\
\x13\xb6a#\xb6b\xb3\x89\xf2\x10\xe2\x87@\x14\x00?\
l\xbd%\xb3\x04\xf7\x95R\xc2\x7f\xd6\xa3\xd5\xf2\xf0\x0d\
\x9e\xb2\xf3\x22m3\x19\xf9\xef{?m?J\xcc*\
\xbf\xac\xda\xfbbmo#f\xe2\xf2X\xae\x9d\xb4\x0d\
\xb3\xcd>\x8e\xd1\x87\xbe\x8ca,2\x90\x85Ld\xa3\
\x03]\xe8D76`\x8bD\x05\xd5\x86@\x14\x80\xda\
\x22\x96f\xefO\xd4\x9d%\xaf\xfeK\xede\xe2\x0b\xc5\
\xe7\x8a\x99\xb8\xa7\xab\xe5\xd1\x5c0\xdb\xec\xe3\x18}\xe8\
\xcb\x18\xc6\x22C]\x83\x86\x88@\x14\x80!F5|\
JF`\xac\x03\xa2\x00\x8c5\xf2\xe1w  \x04\xa2\
\x00\x08\x84\xa0@`\xac\x08D\x01\x18k\xe4\xc3\xef@\
@\x08D\x01\x10\x08A\xe3F`\xcc\xdeG\x01\x18s\
\xf4\xc3\xf7\xd1#\x10\x05`\xf4)\x10\x00\x8c\x19\x81(\
\x00c\x8e~\xf8>z\x04\xa2\x00\x8c>\x05\xc6\x0d\xc0\
\xd8\xbd\xff9\x00\x00\x00\xff\xff\xf1\xaf\x08\xf6\x00\x00\x00\
\x06IDAT\x03\x00\x1a\x9d6L\x8a{k\xf8\x00\
\x00\x00\x00IEND\xaeB`\x82\
\x00\x00#\x8c\
\x89\
PNG\x0d\x0a\x1a\x0a\x00\x00\x00\x0dIHDR\x00\
\x00\x01\x00\x00\x00\x01\x00\x08\x06\x00\x00\x00\x5cr\xa8f\
\x00\x00\x10\x00IDATx\x01\xec\x9d\x09\xb4}U\
]\xc7\x9f\xe5\xd4\xd2\x9cmi\x8e9\xa59!\x89R\
Z\x0e\xe8\xd2\xc4!Q \x07\x02\x15\xa9L&\xc1\x95\
\x9a\x90\x81\xa9-Q&\xb3RT\x08\xd4\x00\xc5P \
X\x88Hi\x81\x10\xe2@\x9a\x80\xa1h\xb2B\x14\x09\
V\xe2\x80~?\x8f\xf7\xfe\xbc\xf1\xde\xb3\xcf\xd9\xbf}\
\xf69\xe7\xfb\xd6\xefw\xf7\xb9\xe7\x9e\xf3\x1b\xbe\xbf\xe1\
\xdd{\x86}~a\xc1\x7fF\xc0\x08L\x16\x017\x80\
\xc9\x86\xde\x8e\x1b\x81\x85\x057\x00g\x81\x11\x980\x02\
n\x00\x13\x0e\xbe]\x9f6\x02x\xef\x06\x00\x0af#\
0Q\x04\xdc\x00&\x1ax\xbbm\x04@\xc0\x0d\x00\x14\
\xccF`\xa2\x08\xb8\x01L4\xf0v{\xda\x08,{\
\xef\x06\xb0\x8c\x84G#0A\x04\xdc\x00&\x18t\xbb\
l\x04\x96\x11p\x03XFb\x9c\xe3\xad\xe5\xd6=\xc4\
\xbf.~\xac\xf8I\xe2g\x88\x9f+\xdeA\xfc\xc2%\
f\x99u|\xc66l\xcb>\xec\x8b\x0cmf\x1a#\
\x02n\x00\xc3\x8d\xeamd\xfa\xc3\xc5\x14\xee^\x1a\xdf\
!>^\xfc\xaf\xe2K\xc4?\x10\xdf \xfe\x8e\xf8\xab\
\xe2\xf3\xc5\x9f\x16\x9f.>Y\xfcQ\xf1\x89K\xcc2\
\xeb\xf8\x8cm\xd8\x96}\xd8\x17\x19\xc8B&\xb2\xd1\x81\
.t\xa2\x1b\x1b\xb0E\xa2LC@`\xa5\x8dn\x00\
+\xd1\xa8w\xf9a2\xedE\xe2\xb7\x88?.\xa6\x18\
\x7f\xa8\xf1\xcbb\x0a\xf7p\x8d\xaf\x11\xef$~\xa2\xf8\
A\xe2;\x88s\x11\xb2\x90\x89lt\xa0\x0b\x9d\xe8\xc6\
\x06l\xc1&l\xc3Fl\xc5\xe6\x5c\xfa-'\x08\x01\
7\x80 `;\x88\xbd\x9b\xf6\xe5?+\x85t\x96\x96\
\xf9\xef\xfb\x9f\x1a?$~\xbd\xf89b\x8aQCU\
\x84M\xd8\x86\x8d\xd8\x8a\xcd\xd8\x8e\x0f\xf8\x82O\xf8V\
\x95\xd1S7\xc6\x0d\xa0\xff\x0c\xb8\x9dL\xa08\x0e\xd5\
x\xa1\xf8*1\xffY)\xa4\xa7j\x99\xff\xbe\x1a\x06\
I\xd8\x8e\x0f\xf8\x82O\xf8\x86\x8f\xf8\x8a\xcf\xf8>H\
\xc7\xc6b\xb4\x1b@?\x91\xe4\xeb\xf1~R}\xa6\xf8\
:1\xc5\xb1\x8f\xc6\xc7\x88\xc7N\xf8\x88\xaf\xf8\x8c\xef\
`\x00\x16`2v\xdf{\xf7o\xad\x01n\x00k\x11\
\x89{\xbf\xb5D\x1f$\xfe\x82\x98\xaf\xc7\x87h|\x9a\
x\xea\x04\x06`\x01&`\x03F`5u\x5c\x8a\xf8\
\xef\x06\x10\x0b\xf3\x83%\xfe\x8db\x12\xfb?4\x1e \
~\x94\xd8\xb41\x02`\x03F`\x05f`\x07\x86\x1b\
o\xed\xb5\x9d\x11p\x03\xe8\x0c\xe1:\x01`\xba\xab\xd6\
\xf2\xd5\xf6k\x1a\x0f\x16\x93\xd8\x1aL\x09\x08\x80\x19\xd8\
\x81!X\x82)\xd8&\x88\xf0\xa6\xf3\x100\xa0\xf3\x10\
j\xfe9\x09\xcb\xc1\xad\xab\xb5\xcb\xd1b\xbe\xdaj0\
e@\x00,\xc1\x14l\xc1\x18\xac3\x88\x9d\x96\x88\x8d\
\xbcu\x03\xd8\x08\x95\xb4u\x1c\xcd>E\xbb\xf0\x95\x95\
\x83[w\xd2\xb2)\x06\x01\xb0\x05c\xb0\x06s\xb0\x8f\
\xd14\x11\xa9n\x00\xed\x03\xbd\xbbv\xe5\x94\x16G\xb3\
\xb7\xd7\xb2\xa9,\x02`\x0e\xf6\xc4\x80X\x94\xd5>\x12\
mn\x00\xe9\x81\xdc[\xbb|]\xfc^1\xa7\xb44\
\x98zD\x80\x18\x10\x0bbBlz4ex\xaa\xdd\
\x00\x9a\xc7\x8c\xe4\xfa\xa66?L\xfckbS]\x08\
\x10\x13bC\x8c\x88U]\xd6\xf5l\xcdf\xea\xdd\x00\
6C\xe6\xe6\xf5|\xbd\xbcToI\xae\xfbh4\xd5\
\x8d\x001\x22V\xc4\x8c\xd8\xd5mm\xcf\xd6\xb9\x01l\
\x1e\x00\x0e0}N\x1f\xf3\xf5\xf2\x81\x1aM\xc3B\x80\
\x98\x11;bH,\x87e}!k\xdd\x00\xd6\x03\xcd\
)\xa6\x93\xb4\x9a\x03L\xdbh4\x0d\x1b\x01bH,\
\x89)\xb1\x1d\xb67\x99\xadw\x03\xb8\x19P\xb0x\xab\
\xder\x8a\xe9\xf9\x1aM\xe3B\x80\x98\x12[bL\xac\
\xc7\xe5\xdd\x0cof}d nBgG\x0d\x5cq\
\xf6:\x8d\xa6q#@\x8c\x8951\x1f\xb7\xa7\x0d\xbc\
\x9bz\x03`\xca\xabc\x85\xd3\x09b~3j0M\
\x00\x01bM\xcc\x89=90\x01\x977vq\xca\x0d\
\x80k\xcb/\x16,/\x15\x9b\xa6\x89\x00\xb1'\x07\xc8\
\x85I\x220\xc5\x06p\x17E\x9a\xce\xcf\xb5\xe5,\xeb\
\xadi\xc2\x08\x90\x03\xe4\x029\xc1\xf2\xa8\xa0\x98\xe7\xcc\
\xd4\x1a\x00\xa7\x83.\x12(t~\x0d\xa3\xa2\xff\x937\
\x1c\xe4\xe2\x88\xf7\xbb\xb4\xcc,</\xd3\xf8l\xf1o\
\x89\x99p\xe3\xde\x1a\xef,\xfe%\xf1-\xc5\xb7Xb\
\x96Y\xc7gl\xc3\xb6\xec\xc3\xbe\xc8@\x162\x91\x8d\
\x0eti\xd7Q\x119An\x90#\xa3rl\x963\
Sj\x00\x1c\xfd%\x81\xb9Pd\x16&\xb5\x7f\xf6S\
\x19\xc8\xac\xbdGi\xe4\x8a7\xee\x94\xa3h\x99~k\
+\xad\xfb}\xf1\x9e\xe2\xb7\x89\xf9\xcfv\xaa\xc6s\xc5\
\xcc\xf2\xfbm\x8d\xd7\x88\x99\xc4\x139Z\x5c$\x96Y\
\xc7gl\xc3\xb6\xec\xc3\xbe\xc8@\x162\x91\x8d\x0et\
\xa1\x13\xdd\xd8\x80-\xd8\x84\x9cE\x81\x03}!7\xc8\
\x11re\xa0.\xa4\x99=\x85\x06\xc0%\xa2\xdcO\xce\
\xd1\xdf4t\xea\xd8\xfaJ\x99\xf1\x11\xf1\xbeb\xfe+\
3\x05\xf7\xe3\xb4\xfcJ\xf1\x11b&\xdd\xa4h\xb5X\
\x94\xd0\x89nl\xc0\x16l\xc26l\xc4Vl\xc6\xf6\
\xa2FeRF\xae\x903\xe4N&\x91u\x8a\x19{\
\x03\xe0\xeb\x1cW\x82\xf1\x9f\xaa\xce\x08ll\xd5\x19Z\
\xbd\xbf\x98\x1b]\xee\xa9\x91SV\x5c\xde\xca\x7f\xe5\x9a\
\xff\xcbb\x1b6b+6c;>\xe0\x0b>\xc9\x95\
\xc1\x109C\xee\x90C\x831z\xa5\xa1M\x96\xc7\xdc\
\x00\xfeL\x00\xf0un\x08SQ\xf3\x9b\xfa8\xd9\xbb\
\xb3\xf8\xf6\xe2g\x8ay\xf8\x06\xbfI\xb58h\xc2\x07\
|\xc1'|\xc3G|\xc5\xe7\xda\x1d#w\xc8!r\
\xa9v[[\xd97\xd6\x06\xc0oR~\xb7\xb6\x02\xa5\
\xe0N<e\x87\xc7s\xf1\x9bz\x17\xe9\xe5\xdc\xf4\xf5\
\x1a\xc7J\xf8\x86\x8f\xf8\x8a\xcf\xf8\x0e\x06\xb5\xfbK.\
\x91S\xb5\xdb\x99l\xdf\xd8\x1a\x00\x17u\xf0\xbb\xf4\x15\
\xc9H\x94\xdb\xe1<\xa9z\xb5\x98#\xee\x7f\xa0\x91\xc7\
ri\x98$\xe1;\x18\x80\x05\x98\x80M\xad@\x90S\
\xe4\x169V\xab\x8d\xc9v\x8d\xa9\x010\x95\xf49B\
\x80\x07Qh\xa8\x8e\xde/\x8bx\xb4\xd6\xb6\x1a\xffF\
\xcc\x11w\x0d&!\x00\x16`\x026`\x04VZ]\
\x1d\x91[\xe4\x18\xb9V\x9dq+\x0dj\xba<\x96\x06\
\xc0\xef\xcb\xb3\xe5\xf4C\xc45\x11O\xc2\xf9K\x19\xc4\
\xc10\xfe\x83|V\xcb\xa6\xd9\x08\x80\x11X\x81\x19\xd8\
\x81\xe1\xec=\xca~J\x8e\x91k\xe4\x5cY\xcd\x01\xda\
\xc6\xd0\x00x\x10\xe5?\x0b\x1b~Sj\xa8\x82\xbe!\
+8\x15F\x12\xbfI\xcbC=\x1d&\xd3{#0\
\x03;0\x04\xcb\xcb{\xb3d\xbdbr\x8d\x9c#\xf7\
\xd6\x7f:\xa05Co\x00{\x08k\x1eD\xa9\xa1\x0a\
\xbaBVpa\xcc\xfd5r*\x8c\xd3bZ4u\
@\x00\x0c\xc1\x92s\xf2`\x0b\xc6\x1d\xc4e\xdd\x95\xdc\
#\x07\xb3\x0a-)l\xc8\x0d\x80d\xf8\xfb\x92`\xcd\
\xd0\xc5)-.\x97\xbd\xaf\xb6\xe1\xc2\x18\x0d\xa6\x00\x04\
\xc0\x16\x8c\xc1\x1a\xcc\x03T$\x8b$\x07\xc9\xc5\xe4\x1d\
\xa3vH\x91;\xd4\x06\xb0\x9f\x9c\xe4\xbf\x82\x86\xde\xe9\
pY\xc0\x7f'N\x15i\xd1T\x00\x01\xb0\x06s\xb0\
/\xa0n\xae\x0ar\x91\x9c\x9c\xbbam\x1b\x0c\xb1\x01\
\x004\x0f\x93\xec\x1b\xcb\xd3d\xc0c\xc5<\xa8\x82'\
\xd6h\xd1T\x10\x010\x07{b@,\x0a\xaa\xdeP\
\x159Inn\xf8a\xad+\x87\xd6\x00\xf8\xaa\x05\xd0\
}\xe2\xc9\xc1)\xee\x90\xe3\xc1\x14<\xc4\xb2O[\xac\
{a\x81\x18\x10\x0bbBl\xfa\xc4\x84\xdc$G\xfb\
\xb4!I\xf7\x90\x1a\xc0\x1e\xf2\x8c\xafZ\x1az#\xae\
\x06\xe3VY\xee\x90\xeb\xcd\x08+\xde\x10\x01bBl\
\x88\xd1\x86\x1b\x14ZI\x8e\x92\xab\x85\xd4\xadV\x93\xfa\
n(\x0d\x80\xd3-\x1clI\xf5/\xd7\xf6\x1cy\xe6\
\xb2U\xeez\xe3\xa2\x95\x5cr-'/\x02\xc4\x86\x18\
\x11+b\x96Wzsi\xe4*9\xdb|\x8f\x9e\xb6\
\x1cB\x03\xe0\x82\x0bN\xb7\xf4\x04\xd1\x027\xae0\x9d\
4\x97\xad\xf6e\x83\xf5\xa6!@\xac\x88\x19\xb1K\xdb\
3\xdf\xd6\xe4,\xb9\x9bOb\x80\xa4\xda\x1b\x00\x97\x5c\
\xf6y\xb3\xc8\x9f\x08sn\x5c\xe1?\x8b\x16M\x03B\
\x80\x98\x11;b\xd8\x97\xd9\xe4.9\xdc\x97\xfe\xb9z\
kn\x00\xdct\xf1ay\xc0UW\x1a\x8a\x12O\x9c\
\xe5\xe8\xf2\xdf\x15\xd5je\x11\x08\x10CbIL#\
\xe4\xcf\x92I\xee\x92\xc3\xe4\xf2\xac\xed\xb2|\xd6FH\
\xcd\x0d\xe0\x83r\x88\xeb\xae5\x14\xa5c\xa4\x8d\xd9m\
8\xba\xacE\xd3\x08\x10 \x96\xc4\x94\xd8\x96v\x87\x1c\
&\x97K\xebm\xa4\xaf\xd6\x06\xc0\x91\x5c\xee\xbcj\xe4\
D\xc6\x8d\xb8\xc2l7\xc9\xe3\xf2S\x0d\xa6\x11!@\
L\x89-1.\xed\x16\xb9LN\x97\xd6;W_\x8d\
\x0d\x80\xd9W\xb8\x1bl\xae\xf1\x197\xf8\xb1d1S\
\x0dW\x98i\xd14b\x04\x881\xb1&\xe6%\xdd$\
\xa7\xc9\xed\x92:\xe7\xea\xaa\xad\x010\xff\x1a\x01\x9ak\
x\xc6\x0d\xb8s\xefw%\x8f\x99j4\x98&\x80\x00\
\xb1&\xe6\xa5\xef0$\xb7\xc9\xf1\xec\x10\xb7\x15XS\
\x03\xe0\xda\xee\xf7\xb5u\xa4\xe5~Le\xfdd\xed\xcb\
D\x96\x1aL\x13B\x80\x98?E\xfe\x92\x03\x1a\x8a\x11\
9N\xae\x17S8KQM\x0d\xe0=2\x94I\x18\
5\x14\xa1OJ\x0b3\xbf\x96\xfe/ \xb5\xa6J\x10\
 \xf6\xdb\xc9\x16rAC\x11\x22\xc7\xc9\xf5\x22\xca\xe6\
)\xa9\xa5\x01\xf0 \x06\x8aq\x9e\xbd\xb9>g\xa6\xd7\
\xa7K\xd8\xb5b\xd3\xb4\x11\xe0\xb6br\x81\x9c(\x85\
\x04\xb9N\xce\x97\xd2\xb7\xa9\x9e\x1a\x1a\x00\xbf\x89x\x10\
\xc3\xa6Ff\xfe\x80\x07V\xf0\x84\x9b\xccb-n\xe0\
\x08\x90\x13\xe4F)7\xc8yr\xbf\xb3\xbe.\x02\xfa\
n\x00w\x91\xf1<sNC\x11\x22\xc0<\xb0\xa2\x88\
2+\x19\x1c\x02\xe4\x069R\xcapr\x9f\x1a(\xa5\
o\x9d\x9e\xbe\x1b\x00\x13:\xf0<\xb6u\x86\x05\xac\xe0\
+\x1e\x01\x0e\x10m\x91#B\x80\x1c!WJ\xb8D\
\xeeS\x03%tm\xa8\xa3\xcf\x06\xb0\xab,\xe2\x89\xac\
\x1a\xc2\x89\x83<|\xc5\x0bWd\x05\xa3@\x80\x5c!\
gJ8C\x0dP\x0b%t\xad\xd3\xd1W\x03\xe0\xda\
\xe8w\xae\xb3&f\x05\xa7yv\x88\x11m\xa9#F\
\xe0\x05\xf2\x8d\xdc\xd1\x10N\xd4\x025\x91\xac\xa8\xeb\x0e\
}5\x80\xb7\xcb\xf0\x12\xbf}8\xcd\xb3\x93tq\xa4\
W\x83\xc9\x084F\x803D\xe4\x0e\x17\x8a5\xde\xa9\
\xe5\x86\xd4\x025\xd1r\xf7\xf6\xbb\xf5\xd1\x00\xf8\x8d\xc5\
\xd7\x9e\xf6V7\xdb\x93K=\x99\x94\x81&\xd0l\x0f\
oe\x04V#@\xee\xf0\xe82ri\xf5'\xf9\xdf\
Q\x13\xd4F~\xc93$\x96n\x00\xe8+u\xfe\x13\
@\xb9\xdak\x86\xfb\xfe\xc8\x08\xccE\x80\x1c\x22\x97\xe6\
n\x98a\x03j\x83\x1a\xc9 \xaa\x99\x88\xa2\xcad\xd2\
_\x89\x1f(\x8e&\xee\xf8\xe2z\xefh=\x96?\x0d\
\x04\xc8%r*\xda[j\x83\x1ai\xa4'\xc7F%\
\x1b\x00S4q\xf1C\x0e\xbbg\xc9\xe0\x9eon\xba\
\x98\xb5\x8d?3\x02\xa9\x08\x90S\xe4V\xea~\xa9\xdb\
S#\xd4J\xea~\xad\xb6/\xd9\x00x\xce[+#\
\x13vb\xd6\x17n\xbbL\xd8\xc5\x9b\x1a\x81\xc6\x08\x90\
[\xe4X\xe3\x1dZnX\xa2V\x16M+\xd5\x00\xb8\
\xe4\xf1\xf9\x8b\x1ac_\x98\x8e\x99\x89\x1fb\xb5X\xfa\
T\x11 \xb7\xc8\xb1h\xff\xa9\x15j&Z\xcfB\xa9\
\x06\xf0\xc6pO\x16\x16\x98\xfc\x91\xa9\x9f\x0a\xa8\xb2\x8a\
\x09#@\x8e\x91k\xd1\x10\xcc\xac\x99\x5c\xcaK4\x80\
\xdde\xec6\xe2Hb\xfag&\x7f\x8c\xd4a\xd9F\
`\x19\x01r\x8d\x9c[~\x1f1R3\xd4N\x84\xec\
-2K4\x00\x0ejlQ\x18\xb0\xc0\x03 \xf6\x0c\
\x90k\x91F`\x16\x02\xe4\x1c\xb97k\x9b\xae\x9fE\
\xd7N\xf8O\x00\x9e\x93\xc6\xa9\x8d\xae@\xcc\xda\x7f_\
}\xc8\x1c\xf0\x1aLF\xa0\x18\x02\xe4\x1c\xb9\x17\xa9\x90\
\xda\xa1\x86\xc2tD\x7f\x03\x88~Z*3\xad\xf2\x14\
\x980\x80,\xd8\x08\xcc@\x80\xdc#\x07gl\xd2\xf9\
\xa3u5\xd4Y\xe2\x0a\x01\x91\x0d\x80\xce\xc5\xed\x8e+\
\xd4e]\xbcR\xd2^+6\x19\x81>\x11 \x07\xc9\
\xc5(\x1b\xa8!j)D~t\x03\x081zI(\
Wf\xf15l\xe9\xad\x07#\xd0\x0b\x02\xe4 \xb9\x18\
\xa9|p\x0d\x80\xa3\x97\x913\x9f\x9e&\xb4\x8f\x16\x9b\
\x8c@\x0d\x08\x90\x8b\xe4d\x94-\xd4\x125\x95]~\
\xd47\x80We\xb7t\xb5\xc0\x03W\xbf\xf5;#\xd0\
;\x02\xd19\xb9XS\xb9\xbd\x8ch\x00\x5c\xc1\xf4\x98\
\xdc\x86\xae\x90\xc7\x14J\x5c\x8c\xb1b\x95\x17\x8d@\xef\
\x08\x90\x93\xe4f\x94!\xd4\x14\xb5\x95U~D\x03\x88\
\xbcT\x92\x89=\x0e\xce\x8a\x80\x85\x19\x81|\x08\x90\x9b\
\xe4h>\x89\xab%e\xaf\xad\xdc\x0d\x80\xbb\x98\xb6_\
ms\xd6wo\x91\xb4\xab\xc5&#P#\x02\xe4&\
9\x1ae\x1b\xb5E\x8de\x93\x9f\xbb\x01\xbc,\x9be\
\xeb\x05q\xd5\x15\xb7d\xae\xff\xc4k\x8c@=\x08\x90\
\xa3\xe4jv\x8b\x96\x04f\xad\xb1\x9c\x0d\x00Y\xbb-\
\x19\x191\x1c\x12!\xd42\x8d@\x00\x02\x91\xb9J\x8d\
QkY\xcc\xce&H\xd6\xec\x22\xbe\x938\x82\x98\x9b\
\xed\x88\x08\xc1\x96i\x04\x02\x10 W\xa3&\x13\xa5\xc6\
\xa8\xb5,f\xe7l\x00\x91\xf3\xa6E\x1e]\xcd\x02\xa4\
\x85\x18\x815\x08\x1c\xb6\xe6}\xce\xb7\xd9j-W\x03\
x\xb0\xbc\xe3\x81\x87\x1a\xb2\xd3U\x92x\xa4\xd8d\x04\
\x86\x84\x009K\xeef\xb1y\x8d\x10j\x8d\x9a[\xb3\
:\xfdm\xae\x06\xb0s\xba\xea\xc6{\xbc[[2\x13\
\x8b\x06\x93\x11\x18\x0c\x02\xe4,\xb9\x1bep\x96\x9a\xcb\
\xd5\x00\x22\xe73g\xf2\x85(\x10-\xd7\x08D\x22\x10\
\x99\xbbYj.G\x03\xd8Z\x08f=7)y\xcb\
\xf4~-D\xdei%\xf1&#\x10\x86\x00\xb9K\x0e\
G(\xa0\xe6\xa8\xbdN\xb2s4\x00\x1e\xa4\xd8\xc9\x88\
\x19;G\x817C\xa5?2\x02Y\x11\xe8\x9c\xc33\
\xac\xe9\x5c{9\x1a\xc0\xf3f\x18\xd8\xe5\xa3\xf3\xb4\xf3\
g\xc5&#0d\x04\xc8ar9\xc2\x87\xce\xb5\xd7\
\xb5\x01<L^\xf1UDCv:6\xbbD\x0b4\
\x02\xfd \x10\x95\xcb\xd4\x1e5\xd8\xda\xab\xae\x0d\xe0Y\
\xad5\xcf\xdf\xf1\x83\xf37\xf1\x16F`\x10\x08D\xe6\
r\xa7\x1a\xec\xda\x00\x9e\x19\x04\xff\xf1\x92\xcbL+\x1a\
LF`\xf0\x08\x90\xcb\xe4t\xb2#\x0dv\xe8T\x83\
]\x1a\xc0\xedd\x1c\x17$h\xc8N'f\x97h\x81\
F\xa0_\x04\xa2r\x9a\x1a\xa4\x16[y\xd7\xa5\x01l\
\xd7J\xe3\xfc\x9d\xb8\x9f\x9a\xd9V\xe7o\xe9-\x8c\xc0\
p\x10 \xa7\xc9\xed\x08\x8b[\xd7b\x97\x06\xf0\x94\x08\
O$\xf3d\xb1\xc9\x08\x8c\x11\x81\xa8\xdcn]\x8b]\
\x1a\xc0\x93\x82\x22\xf4\x89 \xb9\x16k\x04\xfaF )\
\xb7\x13\x8cm]\x8bm\x1b\xc0\xddd\x1cs\x94i\xc8\
N\xa7f\x97h\x81F\xa0\x0e\x04\xa2r\x9bZ\xa4&\
\x93\xbdl\xdb\x00~;YS\xb3\x1d\xce\xd0f\xd7\x8b\
MF`\x8c\x08\x90\xdb\xe4x\x84o\xadj\xb2m\x03\
\xd86\xc2\x03\xc9<Sl2\x02cF *\xc7[\
\xd5d\xdb\x06\xf0\xf8\xa0\x08\x9d\x15$\xd7b\x8d@-\
\x084\xca\xf1\x16\xc6\xb6\xaa\xc9\xb6\x0d\xe0\xb1-\x0c\x9c\
\xb7\x0bwN]4o#\x7fn\x04\x06\x8e\x009N\
\xae\xe7v\xa3UM\xb6i\x00\x5c{|\x87\xdc\xd6K\
\xdeg\xc4&#0\x05\x04\x22r\x9d\x9a\xa46\x93\xf0\
k\xd3\x00\xb6J\xd2\xd0|c\xee\x9aj\xbe\xb5\xb74\
\x02\xc3E *\xd7\x93k\xb3M\x03xd\x10\xee\xe7\
\x06\xc9\xb5X#P\x1b\x023s\xbd\x83\xb1\xc9\xb5\xd9\
\xa6\x01<\xa2\x83\x81\x9b\xed\xca\xfci\xe7o\xf6\xa1\xd7\
\x1b\x81\x91!@\xae\x93\xf3\xb9\xddJ\xae\xcd6\x0d \
\xf9wF\x03//\xd46\x11\x80H\xac\xc9\x08T\x87\
\x00\xb9N\xce\xe76,\xb96S\x1b\xc0md\xf1\x83\
\xc4\xb9\xe9\x0b\xb9\x05Z\x9e\x11\xa8\x1c\x81\x88\x9c\xa76\
\xa9\xd1\xc6\xae\xa76\x00\x144\x16\x9e\xb0\xe1\x97\x12\xb6\
\xf5\xa6F`\x0c\x08l\x98\xf3\x19\x1cK\xaa\xd1\xd4\x06\
\xf0\xc0\x0c\x06n$\xe2\xe2\x8dVz\x9d\x11\x181\x02\
Q9\x9fT\xa3\xa9\x0d\xe0\xfeA\x01\xf9j\x90\x5c\x8b\
5\x02\xb5\x22\x10\x95\xf3I5\x9a\xda\x00\xee\x17\x80&\
\x93$|;@\xaeE\x1a\x81\x9a\x11 \xe7\xc9\xfd\xdc\
6&\xd5hj\x03\xb8wnk%\xef\xebb\x93\x11\
\x98\x22\x02\xabr?\x13\x00\x99\xa0\xb2\xb5\x00\x00\x10\x00\
IDATI5\x9a\xda\x00~5\x93\x91+\xc5\x5c\
\xbe\xf2\x8d\x97\x8d\xc0\x84\x10\x88\xc8\xfd\xa4\x1aMm\x00\
\xf7\x08\x08\xce\x15\x012K\x8b\xbc\x85\x14n/>H\
\xfc\x0f\xe2\x13\xcc\x0b\x11\x18\x80-\x18\x835\x98\x0b\xe6\
ASD\xee'\xd5hj\x03\xf8\x95\x00\xb8\xf9-\x14\
 \xb6\x88\xc8[I\x0b\x09y\xb5\xc6S\xc4\x07\x88w\
\x11\xf3\xe0F\xf3\xc2Bn\x0c\xc0\x16\x8c\xc1\x1a\xcc\xc1\
\x9e\x18\x08\xf2ARD\xee'\xd5hJ\x03\xb8\xb5 \
\xe6\x8e#\x0dY)\xe2\xd6\xc8\xac\x06n\x22\xec\xa9Z\
\xff\x151\x09yg\x8d\xa6\xb2\x08\x809\xd8\x13\x03b\
QV{\x1em[r?\x8f\xb8E)\xd4(\xb5\xba\
\xf8f\xdeKJ\x03\xb8\xcb<a-?\xbf\xaa\xe5~\
}\xee\xb6\x83\x943\xb1C\xd29W\xedc\xca\x8f\x00\
1 \x16\xc4$\xbf\xf4X\x89Q\xb9\xdf\xb8VS\x1a\
\xc0\x1d\x83\xb0\xe0\xab\x5c\x90\xe8\x10\xb1[K*s\xbc\
k0U\x84\x001!6\x15\x994\xd7\x94\xa8\xdco\
\x5c\xab)\x0d\xe0\x97\xe7\xba\xd3n\x03\x1e\x9b\xd4n\xcf\
~\xf6:\xbc\x1f\xb5\xd6\xda\x00\x81\xa1\xc5&*\xf7\x1b\
\xd7jJ\x03h\xfd\xf8\xa19\x81\x8b\xb8\x18b\x8e\xca\
\xd6\x1f\xbfX{>Ql\xaa\x13\x01bC\x8c\xea\xb4\
n\xbdU\x8b\xb9\xbf~u\xe75\x8dk5\xa5\x01\xdc\
\xb6\xb3Y\x1b\x0b`\xaa\xe4\x8d?\xa9o\xedn\xf5\x99\
d\x8b\xd6 0\xa4\x18E\xe5~\xe3ZMi\x00I\
\xb7\x19\xae\x09\xca\xac\xb7?\x9c\xf5aE\x9f\xdd^\xb6\
<]l\xaa\x1b\x01bD\xac\xea\xb6\xf2&\xeb\xa2r\
\xbfq\xad\xa64\x80[\xdeds\xf6\xd7\x1fg\x97\x18\
#\xf0Q1b-5\x00\x81\xa1\xc4**\xf7\x1b\xd7\
jJ\x03H\xd96%\xa6\xcc\x8e\x92\xb2}_\xdb&\
]a\xd5\x97\x91\xd6\xbb\x88\xc0Pb\xf5\xd3Ek\xf3\
\xbf4\xae\xd5\xc6\x1b\xe6\xb7\xd1\x12\x8d\x80\x11\xe8\x1b\x81\
\x94\x06pc\x90\xb1\xbf\x18$7\xb7\xd8\x88\xab\xb6r\
\xdbhy7!0\x94XE\xe5~\xe3ZMi\x00\
?\xb9\x09\xdb\xec\xafC\xb9\x96\xfb\x8b\xd9=\xb7\xc0(\
\x04\x86\x12\xab\xa8\xdco\x5c\xab)\x0d\xe0\x86\xa0h5\
>e\x11\xa4\xbf\xa9\xd8\xeb\xb4a\xd4\x83\x1d%\xda\x94\
\x09\x01bD\xac2\x89\x8b\x13#\xc9Q\xb9\xdf\xb8V\
S\x1a@\xd4)\x8b\xc6\x17-\x08\xb0\xbe\xe9\xe8\xbe\x0d\
\xb0\xfe\xb9\x08\x0c)FQ\xb9\xdf\xb8VS\x1a@\xd4\
E\x0b\x8d/[\x9c\x1b\xfa\xf8\x0d>$\x15\x11\xcfu\
\x93XS\x06\x04\x88\x0d1\xca \xaa\x88\x88\xa8\xdco\
\x5c\xab)\x0d \xea\xb2\xc5;\x15\x81:\x9f\x92\xbd\xf3\
\x89\xb2\xa4\xcc\x08\x0c-6Q\xb9\xdf\xb8VS\x1a\xc0\
\x0f2\x07kY\xdc]\x97\x17\x062\xf2D\x97\x17\x0c\
\xc4\xd6)\x99IL\x88\xcd |^22*\xf7\x1b\
\xd7jJ\x03\xf8\xde\x92\xd1\xb9\x87\xbb\xe7\x16X@\xde\
I\xd2\xb1\x9d\xf82\xb1\xa9_\x04\x88\x01\xb1 &\xfd\
Z\x92\xae=*\xf7\x1b\xd7jJ\x03\xf8\x91\xfc\xbbV\
\x9c\x9b\x86r\xd5\xd6Z\xbf?\xa5\x15<\x8b\xed`\x8d\
\xdf\x17\x9b\xca\x22\x00\xe6`O\x0c\x88EY\xedy\xb4\
E\xe4>5J\xad6\xb20\xa5\x01 \xf0\x7fy\xc9\
\xcc\xf7\xca,\xaf\xa48\xae\xe5>P\x0a\xf9*\xf7l\
\x8d$\xe4\xb1\x1aO4/D`\x00\xb6`\x0c\xd6`\
\x0e\xf6\xc4@p\x0f\x92\x22r?\xa9FS\x1b@\xc4\
\x15V\xf7\x19d\xe8V\x1b\xfd3\xbd=ULB\xfe\
\xa1\xc6\x9d\xcc\x0b\x11\x18\x80-\x18\x835\x98\x0b\xe6\xe1\
\xd1\x0a\x8b#r?\xa9FS\x1b\xc0\xff\xac0>\xd7\
b\xd2\xa3\x8cr)\xb5\x1c#P\x01\x02\x11\xb9\x9fT\
\xa3\xa9\x0d\xe0[\x01\xa0= @\xa6E\x1a\x81! \
\x10\x91\xfbI5\x9a\xda\x00\xbe\x11\x80*\x17CD\xfc\
\x16\x0a0\xd5\x22\x8d@6\x04\xc8yr?\x9b\xc0%\
AI5\x9a\xda\x00\x22\x1ee\x84\xdd\x0f\xe5\xc5l\x04\
\xc6\x8e\xc0\x0a\xff\xa2r>\xa9FS\x1b\x00\xe7\x5cW\
\xf8\x90m\xf1\xe1\xd9$Y\x90\x11\x18\x06\x02Q9\x9f\
T\xa3\xa9\x0d\xe0\xd2 l\x1f\x19$\xd7b\x8d@\xad\
\x08D\xe5|R\x8d\xa66\x00n3LR\xd0\x10\xfd\
G7\xdc\xce\x9b\x19\x81\xb1 \x10\x91\xf3\xd4&5\xda\
\x18\xa3\xd4\x06\x80`\x9e\xc5\xc6\x98\x93y\xa2K\xd4\xec\
(9\xed\xb4,#\xd0\x1a\x81\x15;\x92\xeb\xe4\xfc\x8a\
UY\x16\x93k\xb3M\x03\xf8r\x16SW\x0b\x01\x90\
mV\xaf\xf2;#0Z\x04\xc8ur>\xb7\x83\xc9\
\xb5\xd9\xa6\x01|)\xb7\xd5K\xf2\xb6]\x1a=\x18\x81\
\xb1#\x10\x95\xeb\xc9\xb5\xd9\xa6\x01\x5c\x14\x14\x9d'\x04\
\xc9\xb5X#P\x1b\x02Q\xb9\x9e\x5c\x9bm\x1a\x00\xbf\
3\xb8\xe3(7\xa8<\xd7-\xb7L\xcb3\x02U \
\xb0\xc6\x88\x88\x5c\xa7&\xa9\xcd5\xaaf\xbfm\xd3\x00\
\x90x\x01/\x99\x99[#\xb7\xca,\xd3\xe2\x8c@m\
\x08\x90\xe3\xe4zn\xbbZ\xd5d\xdb\x06p^n\xeb\
\x97\xe41\xb1\xc3\xd2\xa2\x07#0J\x04\xa2r\xbcU\
M\xb6m\x00\xe7\x06\x85\x86\x07;\x06\x89\xb6X#P\
\x05\x02Q9\xde\xaa&\xdb6\x80\x7f\x0b\x82\xf2\x19\x92\
\x1b5U\xb2D\x9b\x8c@y\x04Vh$\xb7\xc9\xf1\
\x15\xab\xb2-\xb6\xaa\xc9\xb6\x0d\xe0\xbb2\xfb\xf3\xe2\x08\
\xda>B\xa8e\x1a\x81\x0a\x10\x88\xcamj\x91\x9aL\
v\xb1m\x03@\xd19\xbc\x04\xf0s\x02dZ\xa4\x11\
\xa8\x01\x81\xa8\xdcn]\x8b]\x1a\xc0\xd9A\x88>/\
H\xae\xc5\x1a\x81\xbe\x11\x88\xca\xed\xd6\xb5\xd8\xa5\x01\x9c\
\x15\x84&\x93$0\xc7{\x90x\x8b5\x02\xe5\x10X\
\xa1\x89\x9c&\xb7W\xac\xca\xb6\xd8\xba\x16\xbb4\x00\x1e\
?\xf4\xc9l.\xac\x16\xb4\xe3\xea\xb7~g\x04\x06\x8f\
@TNS\x83\xd4b+\x80\xba4\x00\x14\x9e\xceK\
\x00\xef,\x99Q\x8fM\x92h\x93\x11(\x8a\x00\xb9L\
NG(\xedT\x83]\x1b\xc0i\x11\x1e-\xc9|\xc9\
\xd2\xe8\xc1\x08\x0c\x1d\x81\xc8\x5c\xeeT\x83]\x1b\x00\xd7\
\x1e\x7f1(:\xbb\x04\xc9\xb5X#P\x04\x81\x15J\
\xa2r\x99\xda\xa3\x06W\xa8J[\xec\xda\x00\xd0v2\
/\x01\xfcx\xc9\x8c\xbakJ\xa2MF\xa0\x08\x02\xe4\
0\xb9\x1c\xa1\xacs\xed\xe5h\x00\xff\x14\xe1\xd9\x92\xcc\
\x97/\x8d\x1e\x8c\xc0P\x11\x88\xcc\xe1\xce\xb5\x97\xa3\x01\
\x5c\xa8\xc8\xf0UDCv\x02\xbc\x88;\xa7\xb2\x1bj\
\x81F`\x03\x04\xc8]rx\x83\x8f:\xaf\xa2\xe6\xa8\
\xbdN\x82r4\x00\x0c\xe0A\x90\x8c\x11\xfc\xc7\x11B\
-\xd3\x08D\x22\xb0$;2w\xb3\xd4\x5c\xae\x06p\
\xfc\x92\xc3\x11\xc3\xab$4b\xfe4\x895\x19\x810\
\x04\xc8Yr7JA\x96\x9a\xcb\xd5\x00.\x91\x97\x5c\
\x90\xa0!;\xdd]\x12\xf7\x14\x9b\x8c\xc0\x90\x10 g\
\xc9\xdd\x08\x9b\xa95j\xae\xb3\xec\x5c\x0d\x00C\x8e\xe3\
%\x88\xf7\x09\x92k\xb1F \x0a\x81\xbd\xa3\x04Kn\
\xb6Z\xcb\xd9\x00\x8e\x95a\xd7\x88#\xe8~\x12\xba\x97\
\xd8d\x04\xaaG@\x06\x92\xab\xf7\xd7\x18A\xd4\x18\xb5\
\x96Ev\xce\x06p\xa3,:Z\x1cE\xfbG\x09\xb6\
\x5c#\x90\x19\x81\xc8\x5c\xa5\xc6\xa8\xb5,&\xe7l\x00\
\x18\xf4\x01^\x82\xf8>\x92\xfb:\xb1\xc9\x08\xd4\x8c\x00\
9J\xaeF\xd9\x98\xb5\xc6r7\x00\xceM\x9e\x1a\xe5\
\xb9\xe4\xbeA|W\xb1\xc9\x08\xd4\x88\x00\xb9I\x8eF\
\xd9FmQc\xd9\xe4\xe7n\x00\x18\xf6\x1e^\x82\x98\
\xfb\xa9\x0f\x08\x92m\xb1F\xa0+\x02\x07H\x009\xaa\
!\x84\xb2\xd7VD\x03\xf8\xb8\x5cg\x8e2\x0d!\xc4\
\xd1\xd5\xdf\x0c\x91l\xa1F\xa0=\x02\xe4$\xb9\xd9^\
\xc2\xec=\xa9)jk\xf6V\x89\x9fF4\x00Lx\
7/\x81|P\xa0l\x8b6\x02m\x10\x88\xce\xc9\x90\
\x9a\x8aj\x00G\x09\xc1\xff\x16G\xd1\xb3$x7\xb1\
\xc9\x08\xd4\x80\x00\xb9HNF\xd9B-QS\xd9\xe5\
G5\x00\x0c=\x9c\x97@~\xabd3\xd3\x8a\x06\x93\
\x11\xe8\x0d\x01r\x90\x5c\x5c\x08\xb4 \xac\x96\xa2\x1b\xc0\
\x15\x81\xa0p\xa7\xd5\xdb\x03\xe5[\xb4\x11h\x82\x009\
H.6\xd9\xb6\xcd6\xd4\xd0 \x1b\x00\xce\xbe\x83\x97\
@\xde]\xb2\x99mU\x83\xc9\x08\x14G\x80\xdc#\x07\
#\x15\x87\xd6P\xe47\x00@\xa1s]\xc6B \x1f\
*\xd9|\x0d\xd3`2\x02\xc5\x10 \xe7\xc8\xbdH\x85\
\xd4\x0e5\x14\xa6#\xba\x01`\xf8\xdbx\x09d\xae\xba\
:2P\xbeE\x1b\x81\x8d\x10 \xe7\xc8\xbd\xc5\xcf\x82\
^\xa2kg\xa1D\x03\xe0\xe8\xe5\xf9A\x00-\x8b}\
\xa9\x16\x22'_\x90x\x93\x11\xd8\x82\x00\xb9F\xcem\
Y\x11\xb0@\xcdP;\x01\xa2o\x16Y\xa2\x01\xa0\xed\
\xcd\xbc\x04\xf3\xdfJ>\x17ch0\x19\x810\x04\xc8\
1r-L\xc1\x92\xe0\x125S\xe4\x1b\x00\xfep\x05\
\xd3\xc7X\x08f.\x95d&\x96`5\x16?Q\x04\
\xc8-r,\xda}j\x85\x9a\x89\xd6S\xac\x01\xe0\xc8\
\x9bx\x09\xe6\xad%\xff}b\x93\x11\x88@\x80\xdc\x22\
\xc7V\xc9\x0exS\xa2V\x16\xcd.\xf5\x13\x00e\xdc\
\xc5\x14~PC\x8av\x15sK\xa6\x06\x93\x11\xc8\x86\
\x009Ene\x13\xb8\x89 j\x84Z\xd9\xe4\xe3\xbc\
\xabK6\x00,\xffs\xbdpjCC(qe\xd6\
N\xa1\x1a,|J\x08\x90K\xe4T\xb4\xcf\xd4\x065\
\x12\xadg\x8b\xfc\xd2\x0d\x80\x99L^\xbfE{\xec\x02\
\xf3\xa6m\x1b\xab\xc2\xd2'\x80\x009D.\x95p\x95\
\xda\xa0FJ\xe8Z\xd4Q\xba\x01\xa0\x94\xf9\xccK\x00\
z+)\xfbGq\xd4\xdcl\x12m\x1a9\x02\xe4\xce\
\x87\xe5#\xb9\xa4a=e\x5cCMP\x1b\x19E\xce\
\x17\xd5G\x03\xc0\xaa\xd7\xea\xe5{\xe2hb2\xd1\x13\
\xa4\xe4\x0eb\x93\x11HA\x80\x89=\xc8\x1d\x9a@\xca\
~m\xb6\xa5\x16\xa8\x896\xfbv\xda\xa7\xaf\x06p\xa5\
\xac~\x8d\xb8\x04m#%\x1f\x15\x9b\x8c@\x0a\x02'\
icrGC8Q\x0b\xd4D\xb8\xa2\xb5\x0a\xfaj\
\x00\xd8q\x8c^\xf8\xda\xa3!\x9c\x9e&\x0d\x9d\x1f\xa4\
(\x19\xa6i @\xae\x903%\xbc\xa5\x06\xa8\x85\x12\
\xba\xd6\xe9\xe8\xb3\x01`\x0cS(q\xbb#\xcb\xd1\xfc\
<)(\xfe\x1bK:M\xc3B\x80\x1c!W\xe6Z\
\x9da\x03r\x9f\x1a\xc8 \xaa\x9d\x88\xbe\x1b\x00\xbf}\
^\xdd\xce\xf4V{\xbdP{\x11`\x0d&#\xb0\x0e\
\x01r\x83\x1cY\xf7A\xd0\x0ar\x9f\x1a\x08\x12?_\
l\xdf\x0d\x00\x0b\xb9\xe4\x91\x8b\x1fX.\xc1\x04\x98\xaf\
x%tY\xc7p\x10 '\xc8\x8dR\x16\x93\xf3\xe4\
~)}\x1b\xea\xa9\xa1\x01`\x18\xe7?y\xe0!\xcb\
%\x98\xafxgJ\x11Gz5\x98&\x8c\x00g\x88\
\xc8\x05r\xa2\x14\x0c\xe4:9_J\xdf\xa6zji\
\x00\x18\xb8\x87^\xbe+.E\x1c\xe49K\xcaJ\x9c\
\xe6\x91\x1aS\x85\x08\x10{\x8a\x91\x5cH2\xaf\xc3\xc6\
\xe48\xb9\xdeAD\xbe]kj\x00\xcc|\xfa\x8a|\
\xae5\x92\xc4i\x9e\xb3\xb5%W{i0M\x08\x01\
b\xfei\xf9K\x0eh(F\xe48\xb9^L\xe1,\
E55\x00\xec\xe47\x117]\xb0\x5c\x8a\xf9/\xf0\
/R\xc6\xf5\xde\x1aL\x13@\x80X\x13s.\x14+\
\xe9.\xb9M\x8e\x97\xd49SWm\x0d\x00c\xffZ\
/\xdcv\xa9\xa1\x18q\xa9\xe7\xf1\xd2F\x804\x98F\
\x8c\x001&\xd6\xc4\xbc\xa4\x9b\xe44\xb9]R\xe7\x5c\
]56\x00\x8cf\xa6\xd5O\xb1P\x98\xb9\xe3\x8b\xc7\
/3\xf1Ca\xd5V\x17\x8c\x001%\xb6\xc4\xb8\x93\
\xaa\x16;\x93\xcb\xe4t\x8b]cw\xa9\xb5\x01\xe0\xf5\
K\xf4\xf25qi\xe2\x9e\xef\xcfI)S?i0\
\x8d\x00\x01bIL\x89miw\xc8ar\xb9\xb4\xde\
F\xfajn\x00\x5c\x1b\xfd\x22yq\xad\xb841\xeb\
\xcb\x05R\xca\xe4\x8f\x1aL\x03F\x80\x18\x12KbZ\
\xda\x0dr\x97\x1c&\x97K\xebn\xa4\xaf\xe6\x06\x80\x03\
\x17\xeaegq_\xc4\xe4\x8f\xc7J9s\xc0k0\
\x0d\x08\x01bF\xec\x88a_f\x93\xbb\xe4p_\xfa\
\xe7\xea\xad\xbd\x01\xe0\xc0\xe9zy\xb1\xb8/b\xfag\
\xa6h\xe2)0}\xd9`\xbdi\x08\x10+bF\xec\
\xd2\xf6\x9c\xb3u\xc2\xc7\xe4,\xb9\x9b\xb0K\xf9M\x87\
\xd0\x00@\x85I\x19\xfe\x88\x85\x9e\x98\x07@|D\xba\
\xdf+\xe6?\x8b\x06S\x85\x08\x10\x1bbD\xac\x88Y\
_&\x92\xab\xe4l_\xfa\x1b\xeb\x1dJ\x03\xc0!\xa6\
c\xde\x87\x85\x1e\x99#\xb9_\x91\xfe\xdd\xc4\xa6\xba\x10\
 &\xc4\x86\x18\xf5i\x199J\xae\xf6iCc\xdd\
Cj\x008\xc5s\xd2\xf6g\xa1G\xe6I\xb0\x1f\x90\
\xfeS\xc5\x1c]\xd6`\xea\x11\x01b@,\x88\x09\xb1\
\xe9\xd1\x94\x05r\x93\x1c\xed\xd3\x86$\xddCk\x008\
\xc7\xd3R\x01\x9a\xe5>\xf9YR\xce\xd1\xe5\xc34\xde\
Ul*\x8b\x00\x98\x83=1 \x16\xe1\xda\xe7( \
'\xc9\xcd9\x9b\xd5\xf5\xf1\x10\x1b\x00\x08\x024_\xb5\
X\xee\x9b\x99\xd0\x81k\xbb\xb9\xc2\xaco[\xa6\xa2\x1f\
\xac\xc1\x1c\xeck\xf0\x99\x5c$'k\xb0%\xc9\x86\xa1\
6\x00\x9c\xe4\xab\x16\x07[X\xee\x9b\xb9\xad\x98+\xcc\
\xbe)C\xf6\x12\x9bb\x10\x00[0\x06k0\x8f\xd1\
\x92&\x95\x1c$\x17\xd3\xf6\xaad\xeb!7\x00 \xe4\
`\x0b\xa7[X\xae\x819\xf2L2\xf0\xdf\x89\xff\x0a\
\x5c~Z\x83]C\xb6\x01\x0c\xc1\xf2r9\x01\xb6`\
\xac\xc5*\x88\xdc#\x07\xab0\xa6\x8d\x11Co\x00\xf8\
\xcc\xe9\x96\xdf\xd3\x02W]i\xa8\x82\xb8\xc3\xf0PY\
\xf2\x1d1\xcfy\xeb\xfb\xe0\x94\xcc\x18\x1c\x81\x19\xd8\x81\
!X\x96\xbeso\x15`k\xde\x90k\xe4\x1c\xb9\xb7\
\xe6\xa3a\xbd\x1dC\x03\x00q.\xb8x\x8a\x16\xb8\xee\
ZC5twY\xf2\x17b\x92\x98\xbb\xc1\x9e\xa0e\
\xd3l\x04\xc0\x08\xac\xc0\x0c\xec\xc0p\xf6\x1ee?%\
\xc7\xc85r\xae\xac\xe6\x00mci\x00@\xc3%\x97\
O\xd2\x02w^i\xa8\x8e^.\x8b>#>W\xfc\
\xa7b.Z\xd1`\x12\x02`\x01&`\x03F`\xa5\
\xd5\xd5\x11\xb9E\x8e\x91k\xd5\x19\xd7\xc6\xa015\x00\
\xfc\xe7\xa6\x8b\xed\xb4\xc0\x7f\x10\x0dU\xd2\xe3e\xd5\xbb\
\xc4\xdf\x17\xf3\xe82.[\xd5\xe2$\x09\xdf\xc1\x00,\
\xc0\x04lj\x05\x82\x9c\x22\xb7\xc8\xb1ZmL\xb6k\
l\x0d`\x19\x00\xae\x06\xe3T\xd1\xf2\xfbZGn\x16\
\xe1\xb2U~Sr\xe3\x0a3\xd5\xdc\xaeVc3\xd8\
\x85o\xf8\x88\xaf\xf8\x8c\xef`\x90At\x9c\x08I&\
\x97\xc8)-\x8e\x8b\xc6\xda\x00\x88\x12\xb3\xaf0\xd3+\
\x930\xf2\xbef\xe6\x94\x167\xae0S\xcdu2\x94\
\xdf\x97\xfbi\xdcJ<t\xc2\x07|\xc1'|\xc3G\
|\xc5\xe7\xda}#w\xc8!r\xa9v[[\xd97\
\xe6\x06\x00 \xcc\xbf\xf68-0\xf3\xab\x86\xc1\xd03\
d\xe9!\xe2\xcf\x8b9\x18\xc6\x03+8\x15\xc6D\x96\
\x9c\x16\xd3\xea*\x09\xdb\xb0\x11[\xb1\x19\xdb\xf1\x01_\
\xf0\xa9J\xa371\x8a\x9c!w\xc8\xa1M6\x19\xfe\
\xea\xb17\x00\x22\xc49\xf9\xa7k\x81\x071h\x18\x1c\
q:\x8c\x07Vp*\xec\xdfe\xfd\x0dbf\xb7\xe1\
\xae7.\x8c\xe1w\xe9\xbd\xb4\xae4\xa1\x13\xdd\xd8\x80\
-\xd8\x84m\xd8\x88\xad\xd8\x8c\xed\xa5\xed\xca\xa1\x8f\x5c\
!g\xc8\x9d\x1c\xf2\xaa\x951\x85\x06\xb0\x0c>\x0fb\
\xe0\xeb\x1c\xcfc[^7\xc4\x91\xff\xb2Le\xcdo\
R.\x8c\xe1?\xd5\xb7\xe4\x08\xbf\xa9/\xd2\xc8\x13n\
\x8e\xd4\xc8\xefV\xee\x90\xdb^\xcb\xfcW~\xa8F\x8a\
\x96#\xee\xb7\xd52r4,\x12\xcb\xac\xe33\xb6a\
[\xf6a_d \x0b\x99\xc8F\x07\xba\xd0\x89nl\
\xc0\x16lB\xce\xa2\xc0\x81\xbe\x90\x1b\xe4\x08\xb9\xb2\xe8\
\xc2\xd8_\xa6\xd4\x00\x88%_\xe7\xf8Mz\x1coF\
\xc6\xfc\xa6~\xb4|\x22\x81y\xe6\x1c\x97\xcbr\x87\xdc\
)Z\xc7\x7fen\x95\xa5h9\xe2\xfe\xffZ\xf7\x13\
\xf1\xcf\x96\x98e\xd6\xf1\x19\xdb\xb0-\xfb\xb0/2\x90\
\x85Ld\xa3\x03]\xdauTDN\x90\x1b\xe4\xc8\xa8\
\x1c\x9b\xe5\xcc\xd4\x1a\x00X\xf00\xc6]\xb4\xc0\x7f6\
\x96\xb5h\x9a0\x02\xe4\x00\xb9@N\xb0<)(\xa6\
\xd8\x00\x96\x03|\x8c\x16\x1e.\xa6\xf3k0M\x10\x01\
bO\x0e\x90\x0b\x13t\x7faa\xca\x0d\x80\x80sQ\
\x07\x9d\x9fs\xd3\x97\xb1\xc2<\x09\x04\x8851'\xf6\
\xe4\xc0\x86NOa\xe5\xd4\x1b\xc0r\x8c9e\xf5\x10\
\xbd\xe1\xe8\xaf\x06\xd3\x88\x11 \xc6\xc4\x9a\x98\x8f\xd8\xcd\
f\xae\xb9\x01\xdc\x8c\xd3\x8dZ\xe4\xe8/\x07\xb9>\xa6\
e\xd3\xb8\x10F\x81\x5cf\x00\x00\x03)IDAT\
 \xa6\xc4\x96\x18\x13\xebqy\xd7\xd2\x1b7\x80\xf5\xc0\
1\x9d\xf4\x0eZ\xcd\x11\xef\xf35\x9a\x86\x8d\x001$\
\x96\xc4\x94\xd8\x0e\xdb\x9b\xcc\xd6\xbb\x01l\x0e(\xa7\x83\
\xb8\x12\xec\x95\xda\x84\xdf\x8c\x1aL\x03B\x80\x98\x11;\
bH,\x93L\x9f\xca\xc6n\x00\xf3#}\x946y\
\x90\x98\xcb[\xb9PD\x8b\xa6\x8a\x11 F\xc4\x8a\x98\
\x11\xbb\x8aM\xed\xdf47\x80\xe61\xe0\x8a\xb7\xfbj\
s\x92k\xf4\x97\x88\xca\xcf\xa1\x111!6\xc4\x88X\
\x0d\xcd\xfe^\xecu\x03H\x87\x9d\xe4z\x80v\xe3\xeb\
%7\xbah\xd1\xd4#\x02\xc4\x80X\x10\x13b\xd3\xa3\
)\xc3S\xed\x06\xd0>f|\xbd\xe4\x89\xb3\x1c`\xe2\
\xc1\x14\xed%y\xcf6\x08\x809\xd8\x13\x03b\xd1F\
\xc6\x86\xfbLi\xa5\x1b@\xf7hs\x80\xe9\xd9\x12\xc3\
)&\x1eTq\x8d\x96M1\x08\x80-\x18\x835\x98\
\x83}\x8c\xa6\x89Hu\x03\xc8\x17hN1\xed+q\
<\xb1\x86k\xcb\xb9SNoM\x19\x10\x00K0\x05\
[0\x06\xeb\x0cb-\xc2\x0d \x7f\x0ep\x91\x09\xd7\
\x96s?9W\x9c\x1d \x15NX\x81\x90H`\x06\
v`\x08\x96`\x0a\xb6\x89b\xbc\xf9,\x04\xdc\x00f\
\xa1\xd3\xfd\xb3K$\xe2\xcdb\xbe\xb2\xf2\x10\xcb\x83\xb5\
Lbk0m\x80\x00\xd8\x80\x11X\x81\x19\xd8\x81\xe1\
\x06\x9b\xc6\xac\x9a\x9aT7\x80r\x11g*\xe9\x03\xa5\
\x8e\xc4\xfe\x0d\x8d<L\x92\xaf\xb6Z\x9c4\x81\x01X\
\x80\x09\xd8\x80\x11XM\x1a\x94R\xce\xbb\x01\x94Bz\
\xb5\x1e&\xdc\xe0a\x92|\xb5\xbd\xbd>\xe2h6\x07\
\xb78\xa5\xa5\xb7\xa3&|\xc4W|\xc6w0\x00\x0b\
0\x19\xb5\xe35:\xe7\x06\xd0\x7fT\xae\x97\x09\x1c\xcd\
\xe6\xe0\x16\xa7\xb4x\x12\x0e\xc5\xc1,<<\x88\x82\xe9\
\xb7\xb4\xc9 \x09\xdb\xf1\x01_\xf0\x09\xdf\xf0\x11_\xf1\
\x19\xdf\x07\xe9\xd8X\x8cv\x03\xa8/\x92LEMq\
\xbcA\xa61\xe9\xe6\x1d5\xf2\xf5\x98\x07QRH\x9f\
\xd0\xfbK\xc5\xb5\x116a\x1b6b+6c;>\
\xe0\x0b>\xe1[mvo\xb1g\x8a\x0bn\x00\xc3\x88\
:_\x8fy\x10%\x85\xf4\x5c\x99\xfc`1\x93x>\
B#\xffY\xf7\xd6\xf8N\xf1\x09b\x1e\xadE1\xf2\
\xdfWo\xb3\x10\xb2\x90\x89lt\xa0\x0b\x9d\xe8\xc6\x06\
l\xc1&l\xc3Fl\xc5\xe6,\xca-$\x0e\x017\
\x808l\xa3%3\x05\xf7\xc5R\xc2\x7f\xd6#4\xf2\
\xf0\x0d\x9e\xb2\xf3;Z\xa6\x18\xf9\xef{\x1b-\xdfS\
\xcc,\xbf\xcc\xda\xfbd-?SL\xe1\xf2X\xae\x1d\
\xb5\x0c\xb3\xcc:>c\x1b\xb6e\x1f\xf6E\x06\xb2\x90\
\x89lt\xa0\x0b\x9d\xe8\xc6\x06l\x91(\xd3\xd0\x10p\
\x03\x18Z\xc4\xd2\xec\xfd\x916g\xca\xab\xff\xd2x\x81\
\xf8\x1c\xf1\x19b\x0a\xf7$\x8d<\x9a\x0bf\x99u|\
\xc66l\xcb>\xec\x8b\x0cmj\x1a#\x02n\x00c\
\x8c\xaa}JF`\xaa;\xb8\x01L5\xf2\xf6\xdb\x08\
\x08\x017\x00\x81`2\x02SE\xc0\x0d`\xaa\x91\xb7\
\xdfF@\x08\xb8\x01\x08\x04\xd3\xb4\x11\x98\xb2\xf7n\x00\
S\x8e\xbe}\x9f<\x02n\x00\x93O\x01\x030e\x04\
\xdc\x00\xa6\x1c}\xfb>y\x04\xdc\x00&\x9f\x02\xd3\x06\
`\xea\xde\xff\x1c\x00\x00\xff\xff\xec=\x8f\xaf\x00\x00\x00\
\x06IDAT\x03\x00n\xbf&L\x1f-\xdc\xec\x00\
\x00\x00\x00IEND\xaeB`\x82\
\x00\x00\x11\xcc\
\x89\
PNG\x0d\x0a\x1a\x0a\x00\x00\x00\x0dIHDR\x00\
\x00\x01\x00\x00\x00\x01\x00\x08\x06\x00\x00\x00\x5cr\xa8f\
\x00\x00\x10\x00IDATx\x01\xec\x9dI\xa8tW\
\x11\xc7\x9f\xbap\x02\x15\xd1\x80(\x06D\x8d\x0b5Y\
EDc\x12\x07L\x16\x0e\xa0\x06TpV\x14'\x5c\
\x88\xa2B\x12PQ\x5c\x88\x13\x8a\xb3\x82\x0aQ\xc1a\
\x91\x88C\xa2Q\xc4\xac\x12uaT\x84\x88\x22D\x11\
\x15\x9c\x16A\xeb\xff\xd1\x0d\xfd\xbd\xef\xf5\xeb\xdb}O\
\x9dSu\xeb\xf7q\xaaOw\xdf{\xcf\xa9\xfaU\xd5\
\xff\xf5\xfb^\xbf~w?\xe2\x1f\x04 P\x96\x00\x02\
P6\xf5\x04\x0e\x81\xa3#\x04\x80*\x80@a\x02\x08\
@\xe1\xe4\x13zm\x02\x8a\x1e\x01\x10\x05\x0c\x02E\x09\
 \x00E\x13O\xd8\x10\x10\x01\x04@\x140\x08\x14%\
\x80\x00\x14M<a\xd7&\xb0\x8e\x1e\x01X\x93`\x86\
@A\x02\x08@\xc1\xa4\x132\x04\xd6\x04\x10\x805\x09\
f\x08\x14$\x80\x00\x14L:!\xd7&\xb0\x19=\x02\
\xb0I\x83\xfb\x10(F\x00\x01(\x96p\xc2\x85\xc0&\
\x01\x04`\x93\x06\xf7!P\x8c\x00\x02P,\xe1\x84[\
\x9b\xc0\xf1\xe8\x11\x80\xe3Dx\x0c\x81B\x04\x10\x80B\
\xc9&T\x08\x1c'\x80\x00\x1c'\xc2c\x08\x14\x22\x80\
\x00\x14J6\xa1\xd6&pR\xf4\x08\xc0ITx\x0e\
\x02E\x08d\x17\x80\x87Z\x9e\x9ef\xf6j\xb3k\xcc\
>l\xf6\x19\xb3\xcf\x07\xb6/\x9bo?0\xbb\xd5\xec\
\xf6\x95\xe9\xbe\x9e\xd3\xb1\xc8\xbeW\xf7M\xb5\xa5\x1aS\
\xad\xa9\xe6T{\xaaAKc\xce\x91M\x00\x1ei\x98\
\xdfh\xf6\x0d\xb3?\x9b\xfd\xc1\xec{f\x9f4\xbb\xda\
L\xc7^a\xf3K\x03\xdb\x0b\xcd\xb7\xcb\xcd.4{\
\xf4\xcat_\xcf\xe9Xd\xdf\xab\xfb\xa6\xdaR\x8d\xa9\
\xd6Ts\xaa=\xd5\xa0jQ5\xa9c\xaaQKk\
\x8e\x91A\x00\xeei(_kv\xb3\xd9o\xcc\xa4\xc0\
\xcf\xb1\xf9Af\x0c\x08D \xa0ZTM\xaa6U\
\xa3\xaaU\xd5\xacj7\x82\x7fG\xdb\x9c\x88,\x00\x82\
\xfa\x1es\xfcN\xb3\x8f\x9b=\xd9\x8c\x01\x81\x0c\x04T\
\xab\xaaY\xd5\xaejX\xb5\x1c\xd2\xef\xa8\x02\xf0\x0e\xa3\
\xf5{3\xcd\xf7\xb3\x99\x01\x81\x8c\x04T\xbb\xaa\xe1u\
-\x87\x8b!\x9a\x00\x5ca\x84~a&\xd5\xbc\xb7\xcd\
\x0c\x08,\x81\x80jY5\xad\xdaV\x8d\x87\x89)\x92\
\x00\xbc\xcf\xa8\x5co\xf6X3\x06\x04\x96H@\xb5\xad\
\x1aW\xadw\x8b\xef\xb4\x8d\x22\x08\xc0y\xe6\xe0\x0df\
o3c@\xa0\x02\x01\xd5\xbaj^\xb5?4\xde\xd1\
\x02\xf0x\x8b\xfeGf\xcf4c@\xa0\x12\x01\xd5\xbc\
j_=0,\xee\x91\x02p\xb1E\xfd]\xb3\x0b\xcc\
\x18\x10\xa8H@\xb5\xaf\x1eP/\x0c\x89\x7f\x94\x00H\
\xf5\xbem\x11\x0f\x7f\x09d>0 0\x92\x80z@\
\xbd\xa0\x9eh\xee\xc7\xae\x05G\x08\x80\x02\xbe\xce\x1c\xd3\
l\x13\x03\x02\xe5\x09\xa8\x17\x86\xf4\xc4\x08\x01\xf8\xa2\xa5\
[/}lb@\x00\x02+\x02\xea\x09\xf5\xc6\xeaa\
\x9f\xa9\xb7\x00\xe8\xc7\x1f\xfa\xcf\x8f>\xd1\xb1\x0b\x04r\
\x11Po\xa8G\xbay\xddS\x00\xf4\x06\x08\xfd\xf8\xa3\
[pl\x04\x81\x84\x04\xd4#\xea\x95\xd9\xaeOY\xa0\
\xa7\x00|`\x8aC\x9c\x03\x01\x08\x1cu\xeb\x95^\x02\
\xa0\xf7C\xeb]P\xe4\x16\x02\x10\xd8M@\xbd\xa2\x9e\
\xd9}\xe6\xcc3z\x08\x80~\x13\xea]3\xfd\xe4r\
\x08T#\xa0\x9eQ\xef\xb8\xc6\xddC\x00\xdeb\x11\xe8\
\x97!lb@\x00\x02\x13\x09\xa8g\xd4;\x13O?\
\xfb\xb4\xa9\x8f\xbc\x05@\x1f\x88\xf0\x86\xa9\xcep\x1e\x04\
 p\x16\x01\xf5\x8ez\xe8\xac'[>\xf0\x16\x80\x97\
\x9b\xb3\xfa\x9dh\x9b\x18\x10\x80\xc0\x9e\x04\xd4;\xea\xa1\
=/\x9b~\xba\xb7\x00\xbcx\xba+M\xce\xbc\xcdV\
\xd1\xdb*\xbfj\xf3H\xbb\xc3\xf6o=\xb4\xe6\xc8\x98\
\xd8\xfb\xe8H\xb5\xa5\x1ak\x9d\xdb\xd3\xd6s\xed!O\
\x01\xd0\x87#\xea\xa3\x91N\x0b\xae\xc5\xb1[l\x91W\
\x99=\xc0\xec\x22\xb3g\x9b]5\xd8n\xb2\xfd[\x0f\
\xad9:\xae\xea\xfb\xab\xb6Tc\xaa5\xd5\x9cj\xaf\
u\x9e\x8f\xaf\xa7\x1eR/\x1d\x7f~\xeb\xe3}\x0ex\
\x0a\xc0\x95\xfb8r\xc0\xb9w\xd95\xfa\x1e\xe9\x096\
\xeb\xe3\x9a\xffn3\x03\x02=\x08\xa8\xd6Ts\xaa=\
\xd5\xa0j\xd1s_\xb7^\xf2\x14\x00}f\xba\x17\x94\
?\xd9\xc2\x97\x98}\xcc\x8c\x01\x81\x91\x04T\x83\xaaE\
\xd5\xa4\x97\x1fn\xbd\xe4)\x00Or\xa2!\xb5}\x9e\
\xad\xfdS3\x06\x04\x22\x10P-\xaa&U\x9b\x1e\xfe\
x\xf5\xd2\x91\x97\x00\xe8{\x16\xaf71\xbc\xd9\x08\x0b\
\xb8M\x0c\x08\x84!\xa0\x9aTmz8\xa4^\x9a\xf4\
\x17\x88\xf6\xdd\xdcK\x00\xce\xdf\xd7\x91\x89\xe7\xeb?]\
\xf4\x92k\xe2\xe9\x9c\x06\x81\xae\x04T\x9b\xaaQ\x8fM\
\x1f\xe3\xb1\xa8\x97\x00<\xc2\xc3Y[S\x7f\x8e\xc9&\
\x06\x04\xc2\x12\xf0\xaaQ\x97\x9e\xf2\x12\x00\x97\x97+\x96\
\xf2\xaf\x991 \x10\x99\x80W\x8d\xba\xf4\x94\x97\x00<\
\xd0!Cz\x03\x86~\xfc\xe2\xb04KB\xa0\x19\x01\
\xd5\xa8j\xb5\xd9\x82\xab\x85v\xf6\xd4\xea\xbc\xbd&/\
\x01\xb8\xef^^L;Y\x7f^i\xda\x99\x9c\x05\x81\
\xb1\x04<j\xd5\xa3\xa7\xdc~\x0ap\x0f\x07\xfe\xffq\
X\x93%!\xe0A\xc0\xa3V=z\xcaM\x00<\xa0\
\xb2&\x04 \xd0\x98\x80\xd7\xb7\x00\x8d\xddd9\x08@\
\xe04\x02\x87\x1eC\x00\x0e%\xc7u\x10X\x00\x01\x04\
`\x01I$\x04\x08\x1cJ\x00\x018\x94\x1c\xd7A`\
\x01\x04\x10\x80\x05$\x91\x10j\x13\x98\x13=\x020\x87\
\x1e\xd7B 9\x01\x04 y\x02q\x1f\x02s\x08 \
\x00s\xe8q-\x04\x92\x13@\x00\x92'\x10\xf7k\x13\
\x98\x1b=\x020\x97 \xd7C 1\x01\x04 q\xf2\
p\x1d\x02s\x09 \x00s\x09r=\x04\x12\x13@\x00\
\x12'\x0f\xd7k\x13h\x11=\x02\xd0\x82\x22k@ \
)\x01\x04 i\xe2p\x1b\x02-\x08 \x00-(\xb2\
\x06\x04\x92\x12@\x00\x92&\x0e\xb7k\x13h\x15=\x02\
\xd0\x8a$\xeb@ !\x01\x04 a\xd2p\x19\x02\xad\
\x08 \x00\xadH\xb2\x0e\x04\x12\x12@\x00\x12&\x0d\x97\
k\x13h\x19=\x02\xd0\x92&kA \x19\x01\x04 \
Y\xc2p\x17\x02-\x09 \x00-i\xb2\x16\x04\x92\x11\
@\x00\x92%\x0cwk\x13h\x1d=\x02\xd0\x9a(\xeb\
A \x11\x01\x04 Q\xb2p\x15\x02\xad\x09 \x00\xad\
\x89\xb2\x1e\x04\x12\x11@\x00\x12%\x0bWk\x13\xf0\x88\
\x1e\x01\xf0\xa0\xca\x9a\x10HB\x00\x01H\x92\xa8\x04n\
^f>\xca\xae\xb1ymzl\x0f\x19Q\x09 \x00\
Q3\x93\xc7/5\xf9\xff\xcc\xdd\x1bWv\xb5\xcdk\
\xd3s:&A\xd0yv\x88\x11\x89\x00\x02\x10)\x1b\
\xf9|Q\x83\xcbvy.A\xd0y\x12\x82]\xe7r\
\xfc\x04\x02^O!\x00^d\x97\xbd\xae\xbe\x9a\xeb+\
\xbb\xe6}\x22]\x0b\xc1>\xd7p\xae#\x01\x04\xc0\x11\
\xee\x82\x97\xd6W\xf3C\xc3\x93h\xcc\xb9\xfe\xd0}\xb9\
\xee\x04\x02\x08\xc0\x09Px\xeaT\x02-^\xc6#\x02\
\xa7\x22\xeew\x10\x01\xe8\xc7z\x09;\xa9\xf9\xf52\xbe\
E,\x88\xc0D\x8a\x9e\xa7!\x00\x9etY{\x17\x01\
D`\x17!\xe7\xe3\x08\x803\xe0\x85-\x7f\xa9C<\
\x88\x80\x03\xd4\xa9K\x22\x00SIq\x9e\x08\xa8Y5\
\xb76\xad\xcb\x7f\x0c\xb6\xa6:a=\x04`\x02$N\
9C@Mz\xe6\x8e\xd3\x8d\xd6G\x04\x8e\xc1\xf5~\
\x88\x00x\x13f\xfd}\x08 \x02\xfb\xd0jp.\x02\
\xd0\x00b\x91%n\xea\x14'\x22\xd0\x09\xb4\xb6A\x00\
D\x01\x9bJ\x00\x11\x98J*\xc9y\x08@\x92D\x15\
t\xb3\xfc+\x81\x1e9G\x00zP^\xce\x1e\xd7v\
\x0e\x05\x11p\x06\x8e\x008\x03^\xd8\xf2\xfa\x16\x00\x11\
XPR\x11\x80\x05%\xb3S(z;\xb0\x84\xa0\xd3\
vg\xb6\xe1\x95\xc0\x19\x0c\xedo\x10\x80\xf6L+\xac\
\xd8\xfbU\x80\x98\x96\x12\x01\x05\xdc\xc3\x10\x80\x1e\x94\x97\
\xb7\x87^\x01 \x02\x0b\xc8+\x02\xb0\x80$\x0e\x0aA\
\xdf\x0a \x02\x83\xe0\xb7\xda\x16\x01hE\xb2\xe6:\x88\
@\xf2\xbc#\x00\xc9\x13\x18\xc0}D\xa0q\x12z.\
\x87\x00\xf4\xa4\xbd\xdc\xbd\x10\x81\xa4\xb9E\x00\x92&.\
\xa0\xdb\x88@\xc0\xa4\xecr\x09\x01\xd8E\x88\xe3\xfb\x10\
@\x04\xf6\xa1\x15\xe0\x5c\x04 @\x12\x16\xe6\x02\x220\
#\xa1\xbd/E\x00z\x13\xaf\xb1\x1f\x22\x90$\xcf\x08\
@\x92D%t\x13\x11H\x904\x04 A\x92\x12\xbb\
\x88\x08\x04O\x1e\x02\x10<A\x0bp\x0f\x11\x98\x98\xc4\
\x11\xa7!\x00#\xa8\xd7\xdb\x13\x11\x08\x9as\x04 h\
b\x16\xe8\x16\x22\x100\xa9\x08@\xc0\xa4,\xd8%D\
 Xr\x11\x80`\x09)\xe0\x0e\x22pB\x92G=\
\x85\x00\x8c\x22_{_D H\xfe\x11\x80 \x89(\
\xe8\xc6H\x11\xd0\xde\x05\x91\x9f\x1b2\x02p.\x13\x9e\
\xe9G@\x8d8\xe2CE\xae\xb6\x10\xf5\x11c6\xd5\
\x1e\x08@\xed\xfcG\x88~\xa4\x08D\x88\xffh\xa4\x13\
\x08\xc0H\xfa\xec\xbd&0B\x04\xf4\x0a@\xb6\xf6\xa1\
\xe4\x8c\x00\x94L{\xc8\xa0G\x89@H\x18\xbd\x9cB\
\x00z\x91f\x9f)\x04z\x8b\xc0\xa5S\x9cZ\xf29\
\x08\xc0\x92\xb3\x9b3\xb6\x9e\x220\xfc[\x80\xd1)B\
\x00Fg\x80\xfd!0\x90\x00\x020\x10>[\x9fH\
@\xaf\x00\xf4c\xba\x13\x0f6~R\x7f\xe0\xa4\xf1\x92\
\xb9\x96C\x00r\xe5k\xe9\xde\xf6l~\xb1\xfc\xa1n\
*\x1b\x02P9\xfb\xb1b\xef\xdd\xfc\xc3\xa3\x8f\xe0\x00\
\x02\x10!\x0b\xf80\xaa\xf9\xb5oi\xfa\x08@\xe9\xf4\
\x87\x08^M\xd8\xeb{\xfe\xcd\x80G\xbc\x05ys\xff\
\x10\xf7\x11\x80\x10i(\xeb\xc4\xc8\xe6\xd7\xdee\xc1\xaf\
\x03G\x00\xd6$\x98{\x13P\x03\x8e\xf8\xca\xaf\xff\xf9\
\xd7\xde\xbd\xe3=k\xbf(\x0f\x10\x80(\x99\xa8\xe5\x87\
\x1apT\xf3_^\x0b\xf5\xe9\xd1\x22\x00\xa7\xf3\xe1h\
{\x024\x7f{\xa6\x07\xaf\x88\x00\x1c\x8c\x8e\x0b\x0f \
@\xf3\x1f\x00\xcd\xf3\x12\x04\xc0\x93.ko\x12\xa0\xf9\
W4\x22M\x08@\xa4l,\xd7\x17\x9a?hn\x11\
\x80\xa0\x89Y\x90[4\x7f\xe0d\x22\x00\x81\x93\xb3\x00\
\xd7h\xfe\xe0ID\x00\x82'(\xb1{4\xff\x09\xc9\
\x8b\xf6\x14\x02\x10-#\xcb\xf0\x87\xe6O\x92G\x04 \
I\xa2\x12\xb9I\xf3'J\x16\x02\x90(Y\x09\x5c\xa5\
\xf9\x13$i\xd3E\x04`\x93\x06\xf7\xe7\x10\xa0\xf9w\
\xd0\x8bx\x18\x01\x88\x98\x95|>\xd1\xfc\xf9rv\xc6\
c\x04\xe0\x0c\x06nf\x10\xa0\xf9g\xc0\x1b})\x02\
0:\x03\xb9\xf7\xa7\xf9s\xe7\xef\x08\x01H\x9e\xc0\x81\
\xee\xd3\xfc{\xc0\x8fz*\x02\x1053\xb1\xfd\xa2\xf9\
c\xe7g\xb2w\x08\xc0dT\x9c\xb8A\x80\x0f\xf3\xd8\
\x80\x91\xf9.\x02\x909{c|\xd7W\xff\xde;\xeb\
c\xbc\xf8$\x1f\x07\xea\x08\x80\x03\xd4\x05/\xa9\xe6\xef\
\xfd\xd5?}\xf3G\xae\x07\x04 rv\xf0\x8d\xe6w\
\xae\x01\x04\xc0\x19\xf0\xc2\x96\xbf\xb4c<4\x7f\x07\xd8\
\x08@\x07\xc8\x0b\xda\xe2\xb2N\xb1\xd0\xfc\x9d@#\x00\
\x9d@/`\x1b\x9a\xff\x80$F\xbf\x04\x01\x88\x9e\xa1\
Z\xfe\xf1\x95\xbfs\xbe\x11\x80\xce\xc0\x13o\xa7\xe6\xf4\
t_\xeb\xf3\xa3>O\xc2'\xac\x8d\x00\x9c\x00\x85\xa7\
\xb6\x12P\x93n=8\xe3\x80\xd6\xa5\xf9g\x00<\xf4\
R\x04\xe0Pr\x5c\xd7\x8a\xc0b\x9b\xbf\x15 \xcfu\
\x10\x00O\xba\xcb[\xfb\xda\xc6!\xd1\xfc\x8d\x81\xee\xbb\
\x1c\x02\xb0/\xb1\xda\xe7\xaba[\x89\x80\xd6\xe2e\xff\
\xe0zB\x00\x06' \xe1\xf6z;\xb0\x9aw\x8e\xeb\
\xba\x9e\xe6\x9fC\xb0\xd1\xb5\x08@#\x90\xc5\x96\x99\xf3\
*\xa0D\xf3g\xa9\x07\x04 K\xa6b\xf9\xa9&\xbe\
\x9b\xb9\xb4\xaf\x10\xe8|\xbe\xf2\x1b\xb8(\x03\x01\x88\x92\
\x89\x9c~\xe8\xdb\x015\xf5.\xef%\x18j|\x9d\xbf\
\xeb\x5c\x8ew$\x80\x00t\x84\xbd\xd0\xad\xd4\xd4z5\
 \x93\x18\xc8\xd6\x0d\xaf\xa6\xd7\xf3\x9a\xf5\xdcB\x11\xe4\
\x0d\x0b\x01\xc8\x9b\xbb\x88\x9eK\x0cd\xeb\x86/\xd9\xf4\
\x11\x13\xb3\xcd'\x04`\x1b\x19\x9e\x87@\x01\x02\x08@\
\x81$\x13\x22\x04\xb6\x11@\x00\xb6\x91\xe1y\x08\x14 \
\x80\x00\x14H2!\xf6#\x90m'\x04 [\xc6\xf0\
\x17\x02\x0d\x09 \x00\x0da\xb2\x14\x04\xb2\x11@\x00\xb2\
e\x0c\x7f!\xd0\x90\x00\x02\xd0\x10&K\xd5&\x901\
z\x04 c\xd6\xf0\x19\x02\x8d\x08 \x00\x8d@\xb2\x0c\
\x042\x12@\x002f\x0d\x9f!\xd0\x88\x00\x02\xd0\x08\
$\xcb\xd4&\x905z\x04 k\xe6\xf0\x1b\x02\x0d\x08\
 \x00\x0d \xb2\x04\x04\xb2\x12@\x00\xb2f\x0e\xbf!\
\xd0\x80\x00\x02\xd0\x00\x22K\xd4&\x909z\x04 s\
\xf6\xf0\x1d\x023\x09 \x003\x01r9\x042\x13@\
\x002g\x0f\xdf!0\x93\x00\x020\x13 \x97\xd7&\
\x90=z\x04 {\x06\xf1\x1f\x023\x08 \x003\xe0\
q)\x04\xb2\x13@\x00\xb2g\x10\xff!0\x83\x00\x02\
0\x03\x1e\x97\xd6&\xb0\x84\xe8\x11\x80%d\x91\x18 \
p \x01\x04\xe0@p\x5c\x06\x81%\x10@\x00\x96\x90\
Eb\x80\xc0\x81\x04\x10\x80\x03\xc1qYm\x02K\x89\
\x1e\x01XJ&\x89\x03\x02\x07\x10@\x00\x0e\x80\xc6%\
\x10X\x0a\x01\x04`)\x99$\x0e\x08\x1c@\xc0K\x00\
\xee:\xc0\x97]\x97\xdck\xd7\x09\x1c\x87@\x0f\x02\x13\
\xf6\xf0\xa8U\x8f\x9e:\xf2\x12\x80\x7fN\x80\xb4\xef)\
\x0f\xdf\xf7\x02\xce\x87\xc0 \x02\x1e\xb5\xea\xd1Sn\x02\
\xf0W\x07\xf0\x17\xda\x9a\xf77c@ 2\x01\xd5\xa8\
j\xb5\xb5\x8f\x1e=\xe5&\x00\x7fl\x1d\xfdj\xbd\xe7\
\xaff&\x08D%\xe0U\xa3.=\xe5\xf5-\xc0\xef\
\x9c\xb2\xf3\x1a\xa7uY\x16\x02\x93\x08L8\xc9\xabF\
]z\xcaK\x00~5\x01\xd4!\xa7\x5cl\x17\xbd\xde\
\xac\xe2\xb8O\xc5\xa0\x93\xc5\xac\xdaT\x8dz\xb8}\x87\
\xc7\xa2^\x02\xa0\x97+\x7f\xf1p\xd8\xd6\xfc\x90\xd9\x13\
\xcd\x18\x10\x88D@5\xa9\xda\xf4\xf0I\xbd\xf4[\x8f\
\x85\xbd\x04@\xbe\xfeD7\x0ev\x0f[\xf3\xebf\x02\
n\x13\x03\x02\xc3\x09\xa8\x16U\x93\xaaM\x0fg\xbcz\
\xc9\xed?\x01\x05\xe1\xfb\xbaq\xb2\x87\xd8\xba7\x9b\xe9\
%\x97M\x0c\x08\xf8\x13\xd8\xb2\x83jP\xb5\xa8\x9a\xdc\
r\xca\xec\xa7\xddz\xc9\xf3\x15\xc0\xf5\xb3\xc3>}\x01\
\xa9\xedG\xed\x94\x9f\x99\xbd\xd2L?~\xb1i\xb1\xe3\
_\x8b\x8d,_`\xaa5\xd5\x9cjO5\xa8Z\xf4\
\x8c\xc2\xad\x97<\x05@\xdf\xb3\xfc\xd8\x93\xcajm\xfd\
\xa7\xcb\xa7\xed\xfe\xdf\xccn5\xfb\x96\xd9u\x83\xed2\
\xdb\xbf\xf5\xd0\x9a\xa3\xe3\xaa\xbe\xbfjK5\xa6ZS\
\xcd\xa9\xf6Z\xe7\xf9\xf8z\xea!\xf5\xd2\xf1\xe7\x9b<\
\xf6\x14\x009\xf8%\xddt4\xbd\x01\xe3Y\xb6\xdf\x0b\
\x06\xdb\xf9\xb6\x7f\xeb\xa15G\xc7U}\x7f\xd5\x96j\
\xacunO[\xcf\xb5\x87\xbc\x05\xe0s\x16\xd9?\xcc\
\x18\x10HM`\x90\xf3\xea\x1d\xf5\x90\xdb\xf6\xde\x02\xf0\
_\xf3\x5c\xdf#\xd9\xc4\x80\x00\x04\xf6$\xa0\xdeQ\x0f\
\xedy\xd9\xf4\xd3\xbd\x05@\x9e|\xd0n\xfem\xc6\x80\
\x00\x04\xa6\x13P\xcf\xa8w\xa6_q\xc0\x99=\x04@\
obx\xf7\x01\xbeq\x09\x04*\x13P\xcf\xa8w\x5c\
\x19\xf4\x10\x00\x05\xf0^\xbb\xf9\xa5\x19\x03\x02\xe9\x08\x0c\
pX\xbd\xa2\x9eq\xdf\xba\x97\x00(\x90\xb7\xea\x06\x83\
\x00\x04v\x12\xe8\xd6+=\x05\xe0\x06\x0b\xfb\xfdf\x0c\
\x08@`;\x01\xf5\x88ze\xfb\x19\x0d\x8f\xf4\x14\x00\
\xb9\xfdv\xbb\xf9\x8e\x19\x03\x02\x108\x97\x80zC=\
r\xee\x11\xa7gz\x0b\x80\xc2x\x89\xdd\xdcn\xc6\x80\
@x\x02\x1d\x1dTO\xa87:ny\xe4\xfa\xcb@\
\xdb\x02\xb9\xd3\x0e\x5ce\xa6\xd9&\x06\x04\xca\x13P/\
\x0c\xe9\x89\x11\xaf\x00\x94\xed\x9f\xdb\x8d\xdeV\xa9\xc0\xed\
.\x03\x02e\x09\xa8\x07\xd4\x0b\xea\x89\xee\x10F\x09\x80\
\x02\xbd\xc5n\x9ea\xa6\x97>61 P\x8e\x80j\
_=\xa0^\x18\x12\xfcH\x01P\xc0R\xbd\xa7\xd8\x1d\
\xfd\xe7\x87M\x0c\x08\xc4!\xe0\xec\x89j^\xb5\xaf\x1e\
p\xdej\xfb\xf2\xa3\x05@\x9e\xe9%\xd0\x15vG?\
\xfe\xb0\x89\x01\x81\xc5\x13P\xad\xab\xe6U\xfbC\x83\x8d\
 \x00k\x00\xfa\xf1\xc7\x95\xf6@\xef\x82\xb2\x89\x01\x81\
\xc5\x11Pm\xab\xc6U\xeb!\x82\x8b$\x00\x02\xa27\
@<\xce\xee\xbc\xd3L\xbf\x0ca\x13\x03\x02\xe9\x09\xa8\
\x96U\xd3\xaam\xd5x\x98\x80\xa2\x09\xc0\x1a\x8c\xde\x07\
\xad?\xaf\xa4Y\xbf\x13\xbd~\x9e\x19\x02]\x084\xda\
D\xb5\xab\x1a^\xd7r\xa3e\xdb-\x13U\x00\x14\xa1\
~\x13J\xaay\x9e=x\x9d\x99>\x1a\xc9&\x06\x04\
\xc2\x13P\xad\xaafU\xbb\x03\x8d\xfa\x99\x00\x00\x01u\
IDAT\xaaa\xd5rH\xa7#\x0b\xc0\x1a\x98>\
\x10\xe1\x13\xf6\xe0\x12\xb3G\x99\xbd\xc9\xec\x9bfa\xa1\
\x9ao\x8cZ\x04T\x8b\xaaI\xd5\xa6jT\xb5\xaa\x9a\
U\xed\x86&\x91A\x006\x01\xea\xc3\x11?bO<\
\xd7\xec\xc1f\x0f3{\xba\x99\xfe\x1c\xd3\xb56\xeb\xd8\
gm\xfeB`\xfb\x8a\xf9v\xa3\xd9mf\xbf^\x99\
\xee\xeb9\x1d\x8b\xec{u\xdfT[\xaa1\xd5\x9aj\
N\xb5\xa7\x1aT-\xaa&uL5ji\xcd1\xb2\
\x09\xc0q\xaa\xfa\x0bD\xfa\xcc\xf4O\xd9\x81k\xcc\xa4\
\xc0\xfa\xb8\xe6\x97\xd9\xfd\xa8\xf6\x22\xf3\xed\xa9f\x17\x99\
]\xb02\xdd\xd7s:\x16\xd5\xef2~YN\xb6\xc5\
\xaa\xdaR\x8d\xa9\xd6Ts\xaa=\xd5\xa0]\x92sd\
\x17\x80\x9c\xd4\xf1\x1a\x02A\x08 \x00A\x12\x81\x1b\x10\
\x18A\x00\x01\x18A\x9d=!\x10\x84\x00\x02\x10$\x11\
\xb8\x11\x83@5/\x10\x80j\x19'^\x08l\x10@\
\x006`p\x17\x02\xd5\x08 \x00\xd52N\xbc\x10\xd8\
 \x80\x00l\xc0\xe0nm\x02\x15\xa3G\x00*f\x9d\
\x98!\xb0\x22\x80\x00\xac@0A\xa0\x22\x01\x04\xa0b\
\xd6\x89\x19\x02+\x02\x08\xc0\x0a\x04Sm\x02U\xa3G\
\x00\xaaf\x9e\xb8!`\x04\x10\x00\x83\xc0\x80@U\x02\
\x08@\xd5\xcc\x137\x04\x8c\x00\x02`\x10\x18\xb5\x09T\
\x8e\x1e\x01\xa8\x9c}b/O\x00\x01(_\x02\x00\xa8\
L\x00\x01\xa8\x9c}b/O\x00\x01(_\x02\xb5\x01\
T\x8f\xfe\xff\x00\x00\x00\xff\xff\x83\x7f\x85\x86\x00\x00\x00\
\x06IDAT\x03\x00\x7fn\xb7.\xb0%\x08>\x00\
\x00\x00\x00IEND\xaeB`\x82\
\x00\x00\x18\xf9\
\x89\
PNG\x0d\x0a\x1a\x0a\x00\x00\x00\x0dIHDR\x00\
\x00\x01\x00\x00\x00\x01\x00\x08\x06\x00\x00\x00\x5cr\xa8f\
\x00\x00\x10\x00IDATx\x01\xec\x9d\x0bz\xe38\
\x0e\x84\xa3\xbd\xd8N\x9f\xac3'\xeb\xd9\x93y\xeb\xf7\
\x88\x89\xe2\xb7d\x82\xcf\xea\x8fh\xc9\xb2D\x02\x05T\
\x91\x92\x9d\xe4?\x1f\xfeg\x04\x8c\xc0\xb4\x08X\x00\xa6\
M\xbd\x037\x02\x1f\x1f\x16\x00W\x81\x11\x98\x18\x01\x0b\
\xc0\xc4\xc9w\xe8s#@\xf4\x16\x00P\xb0\x19\x81I\
\x11\xb0\x00L\x9ax\x87m\x04@\xc0\x02\x00\x0a6#\
0)\x02\x16\x80I\x13\xef\xb0\xe7F Eo\x01H\
Hxk\x04&D\xc0\x020a\xd2\x1d\xb2\x11H\x08\
X\x00\x12\x12\xde\x1a\x81\x09\x11\xb0\x00L\x98t\x87<\
7\x02\xdb\xe8-\x00[4\xbco\x04&C\xc0\x020\
Y\xc2\x1d\xae\x11\xd8\x22`\x01\xd8\xa2\xe1}#0\x19\
\x02\x16\x80\xc9\x12\xeep\xe7F\xe02z\x0b\xc0%\x22\
~m\x04&B\xc0\x020Q\xb2\x1d\xaa\x11\xb8D\xc0\
\x02p\x89\x88_\x1b\x81\x89\x10\xb0\x00L\x94l\x87:\
7\x02\xb7\xa2\xb7\x00\xdcB\xc5\xc7\x8c\xc0$\x08X\x00\
\x06L\xf4\xe9t\xfa\xeb\x8e}\xea\xf8\xd6\xfe\x5c\xbcN\
\xef\xfd\xb8~@\x88\xaa\x86$\xcc\x13\xbe[\xfc\xff\xaa\
\xe1\x94\x05\xa0\x06\xea\x99\xc6\xdc\x14\x12\xc4\xa5\x98\xb0\x93\
\xba\xffs\xc7~\xeb\xf8\xd6(\xba\xed\xeb\xb4\xff\xe3z\
\x8ds\xd9\x18\x8711\xfaP\xb7n\xcf\x10\x10\x88\xe0\
\xb5\xcd\x0f\xd8}a\xae\xf7i\x9f\xcf\xfa\xc9\xf9\xbe\x05\
 '\x9aA}\xa9*\x981(\x1e\x88\x87\xe9\xd0i\
[H\x14\x11\xc5\x84\x05y\xf1\xa3[\xc6aL\xec\xcb\
\x1f9\xc5\xfe\xa7\xb6\x18\xe7\xfc\xb8h\xd6\x17\xc2\x83\xfc\
!\xaa\xe0\xf5\x0c\x86\xdf:\x9f\x96U\x08\xee\x0dj\x01\
\xb8\x87L\xc5\xe3\xca>\x05\x83A\xa8Dt\x8a\x07R\
a\x15\xbd{84\xbe\xe1'v\xf6]\xb1\xd0\x10\x84\
\x22\x05\xfd\xd0\xbb\x0ao*x\xe2\x86\xfc`\xb3\xc7\x03\
\x84\x80k\xf7\x5c\xb3\xfb\x5c\x0b\xc0n\xc8b.P\xa1\
$\xc2S,\xc9\xf6\x16M\x8cs\xef\xf7\x8a P\xd0\
\x0a\xf3\x840 \x08\xa3\xc4v\x17\x9d\xd3\xe9\x04\x81\x89\
\xfd\xee9O\xde\x00\xb3P\x9c,\x00O2\x10\xf5\xb6\
\x8a\xe3\x8b\xf0\xda?i\x1cHO\xb21\xbd\x1c\xb6\x11\
\x1f\xa4@\x08\x08\x1d1\x80(#\x06L\x9c\xef\xc6\x95\
\xa3\x8f\xbb>X\x00\xeeB\x93\xff\x0dU\xfb\x17\xe9\xd5\
\xfb,\x84W\xa8\x0f\x1b\x05\xceL'xN\x88\x02\x82\
\x80H<\xbc\xa8\xf57O\xff\xce\xfe9\xdc\xa4f\xde\
\x12\xc8GNX\x00\x1e\xa1\x93\xe9=\x15\x03I\x84\xf0\
\x18\xc5\x8de\xea}\xa8n\xc0\x05A@\x08\x04\xdb)\
\xac\xf0\x0b\xa0F\x1c\xb9\x86\xc9\xd9\xd7\x0f\x9f,\x00?\
\xe0\xc8\xf7B\xd5{&\xbd\xb6'\xf5\x9a\x88\xaf]\xb7\
\x1d\x08\xa4\x95\x01\xab\x82n\xc4@9G\xc8v\x84\xf9\
\xfc\xd4\x88>\x19\xd5\x02\x00\x0a\x19\x8dD\xc9 <\x96\
\xbd\x102\xba\xdaSW\xcc\x80_b\xd0\x81\xe3\xdd\xe4\
\xdd\x02\x90\xa9\x9aDzf)\xcf\xf6\x99\xf0|\xd0M\
OB\xf0 \x8c\xddo!\x82\xbb/zv\x81\x05\xe0\
\x19BO\xde\x17\xf1\xcfK}\x9d\x16\x92 \xf5\xebv\
\x1b\x81/! \x07\xb7O\xa9v\xf4\xbf\xd5F\xde9\
\xb0\x05`'`\xe9t\x8aN\xc62\x1f\xebf\xc9\x97\
\xfc\x1fh\x8b\xf0\xf2\xd0\xb0\x9bg\x04-ao\x01\xd8\
\x99\x0d\x91>\xcd\xf8&\xfeN\xec\x82O\xffZ\x11\x04\
\x8f3T\xf7\x16\x80\x17\xd3i\xe2\xbf\x08T\xfd\xd3,\
\x04k\x0e^\xd9X\x00\x9e\xa0d\xe2?\x01\xa8\xdd\xb7\
-\x04/\xe4\xc6\x02\xf0\x00$\x91\x9f\xfbJ/\xf5\x1f\
`\xd4\xc1[\x16\x82\x07I\xb2\x00\xdc\x01G\xe4\x87\xf8\
<`\xbas\x86\x0fw\x86\x00B\x80\xa0w\xe6v\xac\
\xbb\x16\x80\x0b|E|\x1e\xf2\xf1y\xbe\x9f\xec_`\
3\xc0KD@)>\x0d/\x04\xaf\xe6\xca\x02\xb0A\
J\x95Aa0\xf3o\x8ezw@\x04\x10\x02r=\
`h\xfbB\xb2\x00\x08/\x11\x9fY\x1f\xe2{\xc9/\
<&i\x88\x80R?\xf7j`z\x01P\x050\x13\
@\xfeY\x96\xfc\xff\x88\xe0\xf7LoM\xd7\x10\x02j\
`\xba\xc0\x09xZ\x01\x10\xf1G\x9b\xf5\x13\xa9\xffV\
b\x7fa\xcb\xed\x7f\xbft\xf8\x9e\xe9\xad\x9f\x8d~V\
\xa3\xdfd\x8c\xa5\xc3\xc34D@%1\xc6j`O\
V\xa6\x14\x00e\x1a\xc5\xefy\xd6\x87\x80\x90qK\xf4\
D\xeaOQ\xf8\x1flO!\xdc;\x97~V\xa3\xdf\
d\x8c\xb5\xe8\x1a\xc6\xc7\x8fd\xf8\xa5\xc3\xdd6\x84\x80\
\xda\xe86\x80\xbd\x8eO'\x00+\xf9{\xbb\xd7\x87X\
\xd8\x99x\x22$[\xc8\x98\x8d\xe8{\x0b\x87\xf3\xe5\x07\
\xe3\xe3G2\xfcB\x18\x92 pZo\x86\x08\xf0\xb3\
\x05S\xdc\x12N%\x00\x9d\x91\xffLx\xb1\x07R%\
\xe3\x98\x0e\xb5\xdd$\x0cI\x10\x10\x83\xb4J\xe8\xc2\xf7\
\x15Y\xc8?\x85\x08L#\x00\x9d\x90\x1f\x92@vq\
ha\xcb\x0c\xcb\xb1\xb5.\xfb\xdb,\xcbB\x0c\x08\x02\
\xf1,\x8a\xa0\xa7\xd5\x01\x22\xd0\xd5-\x81\xf0\xdd\xd5\xa6\
\x10\x00\x91\x9f\xfb\xfdV\x97\xfd\x10\xfcL\x0e\x91\x85-\
\xafw%\xb1\xa7\x93\x15#b\x80\xf5\x22\x06\xdc\x12\x0c\
+\x02C\x0b\x80\x88\x9f\x9e\xf4\xb3\xa4k\x8d'\xcc\x84\
\x10\x1e\x1b\x9a\xf4\xf7\x80\xbf!\x06\xf7N\xad}|X\
\x11\x18V\x00 \xbf\xaa\x86\x99\xbf%\xf2Ct\x08\xaf\
\xda_\x98\x05y-7\xdd\x04\x08x,B\x02a\xc4\
\xb4\xdbT\x1bR\x04\x86\x14\x80\x0d\xf9[\xaa\xa0\xbfU\
\xe4\x90\xdf\xa4\x7f\x90\x15a\x84\x10\xb0\xe4N\x0f\x0f\x1f\
\x9c]\xfc-D\x80I\xa5\xf8\xc0\xaf\x0cx\xe4\x9c\xe1\
\x04@\xe4\xa7xZJ\x12\xc4W]/\xf8u$G\
S^#\xc0\xd2\xc3\xc3E\x00\xb4\xb4\x22\xe0\xb6Re\
vjie)\x88\x8e\xb5\xa1\x04@Y\x81d\xad<\
\xec\xa3\x80U\xc7\x0b>\x1d\xcb\x8e\xaf:# \x10\xc1\
\x10\x11\xc0\xce\xc7\x1a\xf8o\x88O\x08\x86\x11\x00\x91\x1f\
En\x81\xfc,\xf1Y\xea\xb3\x84m\xa0N\xc7p\x01\
\x11\xc0\x14MK\x22\xc0-\x01\xe2$\xb7\xfal\xc3\x08\
\x80\xe0\xaf\xbd\xec\xff\x22\xbe\x0a\x95}\xb9\xe4\x96\x1b\x01\
a\xcb3\x82E\xfd\xb6\x22\x04M\x88\x80\xf08\xd4\x86\
\x10\x00\xcd\xfe\xb5\xc9\xcf}>\xb3\xbe\x89\x7f\xa8\x0c\xf7\
_\xd4\x98\x10t+\x02\xdd\x0b\xc0J~\x96\xff\xfb\xab\
(\xcf\x15\x10\xbf\xebe`\x1e\x18\xea\xf4\x82\x10hd\
n\xb7j\x8bo\x97\x22\xd0\xb5\x00\x88\xfc\x10\xaf\x16\xf9\
\xd3C\xbe\xda\x85\xa7\xfa\x9f\xbbI\x04\xc8\x05\x22P\xfb\
\xb6\xa0;\x11\xe8V\x00V\xf2\xd7z\xe8\xc7\xacO\xc1\
\xcd\xcd\xbc\xc6\xa2\x97\x100!T\x17\x01\xc1RtR\
\xd2x\x87[\x97\x02P\x91\xfc\xcc\xf6\x90\x9f\xeda\xd0\
}a\x1c\x02\x88\x80\xac\xa5\x87\x84q\xc1f\xe8\xb9;\
\x01\xa8H~?\xe8\xcbPp\xa5\xba\x90\x08\xb4\xb0\x1a\
(\x15\xee\xe1q\xba\x12\x00\x91\x9f\xa5U\x8de?\xe4\
\xa7\xa0\x0e\x03\xed\x0b\xcb#\x80\x08\xc8X\x0dx\xc5v\
\x07\xfe\xae\x04@1\x98\xfc\x02\xc1m\x1f\x02\x12\x01\x9e\
\xd7\xd4~6\xb0\xcf\xe9\x17\xcf~\xf7\xb4n\x04@\xb3\
?30+\x80wc\xdes=\xf7\xfb\x8c\xbb\xe7\x1a\
\x9f\xdb \x02\x12\x01\xf2h\x11\xb8\xc8M\x17\x02\xb0\x92\
\xbf\xf4\xec\x0f\xf9\xbdt\xbc(\x98\x9e_Z\x04\xae\xb3\
\xd7\x85\x00\xc8\xed\x92\xe4\x87\xf4&\xbf@\x1f\xb1Y\x04\
~f\xb5y\x01Xg\xff\x9f^\xc7\xbd:\x7f\xa1D\
E\x82\x08\xc4\x8d\xe2\x9e\xab\x22\xa0\xfcr;\xc0s\x81\
\xaa~\xbc;x\x8e\xeb\x9b\x16\x80\x95\xfc\xa5f\xff3\
\xf9s\x80\xea>\xdaG@\x22@\xbe\xa7\xff\x84\xa0i\
\x01P\x19\x95\x22\xff\x87\x0a\xc23\x82\x00\x9f\xad\xady\
\x9fv\xc5\xd7\xac\x00\xac\xb3\x7f\xa9z4\xf9K!\xdd\
\xe083\x8b@\x93\x02\xb0\x92\xbf\xd4\xec\xcf\x97|\xa6\
\x9d\x01\x1a\xe4c\x15\x97z\x13\x81\x5c 5)\x00\x0a\
\xae$\xf9y \xa4!\xddfG`F\x11hN\x00\
\xd6\xd9\xbfD-2\xf3\x9b\xfc%\x90\xeeh\x8c\xd9D\
\xa09\x01P\xad\x94\x98\xfdM~\x01\xddS\xd3\xc4\xc0\
o\xe3-b\xc2\x85o\x0cNq[\xd8\x94\x00(\xc9\
%fd\x93_\x15\xdezS-@v~\xf3\xaev\
O'\xf9\xcb\xaf}+i\xa5\xbfv\xae\x10_k9\
\xcfjF\x00\x94e\xc8\x1f>\xfbk\x89\xc7891\
t_\x19\x11P\x1d\x9c\x89\xaf.!\xfb\x14$T\xac\
\xd5Z3\x02P\x08\x01\x96v\x85\x86\xf20{\x11\x10\
\xf9\x11g\x13\x7f/po\x9c\xdf\x84\x00\xac\x89\x8f\x9e\
\xfd\xbd\xf4\x7f\xa3P\xa2/-T\x03\xd1at\xd7\x7f\
\x13\x02 \xd4\xfe+\x0bm^\xfa\x87\xc2\x9b\xa3\xf3\xe8\
\x09 \x87\x8f\xd5\xfb\xc8\xed@u\x01X\x95?\xfa^\
\xcfK\xff\xdc\x95\x93\xb1\xbf\xb5\x062\xf6\xe8\xae^E\
\xa0\xba\x00\xc8\xd1h\xe5\xf7\xd2_ \xb7\xdaD~\xc4\
?\xba\x06Z\x0d\xbf\xba_U\x05@\xc9\xe7\xa1O$\
\x08\xfc\xc4W\xf4\x18\x91\xfe\xcf\xd07\x020C\x9cM\
\xc6XU\x00\x84H\xb4\xf2\xffOc\xb8\x19\x81!\x10\
\x88\x08\xa2\x9a\x00\x14\x98\xfd\xbd\xf4\x8f\xa8\x98\xfc}\x86\
?\x00\xce\xef\xf28=V\x13\x00A\x18\x9ax?\xf5\
\x17\xc2}4\xdf\x02\xbc\x96\xa7\x90\xd5l\x15\x01Xg\
\xff\xc8\xc4\xfb\xa9\xffkE\xd5\xc2YS|\xe7\xbe\x05\
\xa0o\xf9PE\x00n9\x92\xf3\x98g\xff\x9ch\xba\
\xaf\x16\x10\x90\x0f!BYK\x00\x22\x1f\xfey\xf6W\
\xb5t\xd4\x9c\xaf\x17\x92\xa5Im\x0c\x01X\x97\xff/\
\x84|\xec\x14\x01\xe5\x8f\xfd\x8eA\xe7\xab\xdaE L\
$k\xac\x00\x22\x1f\xfe\x85\x01\xd5nm\xf4\xed\x99\x04\
\x9b\x99\xcdy{\x9cF0z|\xc6\xc1wk\x08@\
\xd8\xc3?\x15\x93g\xff\x83\x85P\xf3\xb25oaE\
^3\xb6\x0cc\xff-|\xc2\xb0)*\x00\xc1\xcb\x7f\
\xcf\x22\x19\xaa\xadb\x17\xce\xdf5\xf8\xe1\xdfd-*\
\x00\x8a/\xec\xe1\x9fT\xd2\xb3\xbf\x00\xee\xb5)\x7f\xcc\
r\xfczv\xb6\xbd\x86\x91\xd3o\xbe\xc8\x06\x1e9\xfb\
\xbc\xea\xab\x98\x00h\xf6\x0f[\xfa+*\xcf\x1e\x02\xa1\
\xf7\x86\x08\xc8(\xfa\x99\xf3\x89\x00\xf2\xb7)\x8bLh\
\xc5\x04@\xc5\x19&\x00*\x9a\x22`)\x06\xb7\x02\x08\
\x90O\x19\x7f\xb6\x0b!\xc0 E\x81\x91\xab\x0dA|\
\xc4\x09\xf11^\x9f\x9d\x89\xfe\xaf\xa4\x00D=\xfd\x07\
\xb8h\x9c\xdc\x7f\x05\x04$\x02\x9f\xabA\x0a\xed\x0e\xdb\
\x88\x8fX\x8b\x11?\xa5\xb3\xa4\x00\x84\xad\x00R0\xde\
\x1a\x01#\xb0\x0f\x81\x22\x02\xa0\xfb\xff\xb0%\xba\xe6\x84\
\xb0\xbe\xf7A\xe9\xb3\x8d@\x7f\x08\x14\x11\x80@X\xbc\
\xfc\x0f\x04\xd7]\xd7E\xa0\xc4\xe8\xa5\x04 \xec\xe3\xbf\
\x12 y\x0c#0*\x02\xe1\x02\xa0\xe5\x7f\xd8\xbd\xbf\
\x97\xff\xa3\x96\xa5\xe3*\x85@\xb8\x00(\x90(\x01\xf0\
\xf2_\xe0\xba\x19\x81w\x10(!\x00\xef\xf8\xe7k\x8d\
\xc0\x94\x08\x94\x0a\xba\x84\x00\x84\xdc\xff{\xf9_\xaaD\
<\xce\xc8\x08\x84\x0a@\xe0\xfd\x7f\xf1/L\x8c\x5c\x04\
\x8em^\x04B\x05@\xb0F\xdd\xff\x87\xfc\x82D\xf9\
\xebf\x04\xa6B Z\x00\xa6\x02\xd3\xc1\x1a\x81\x1c\x08\
\x94\xec#Z\x00B\xbe\xff\xef\xfb\xff\x92%\xe2\xb1F\
F Z\x00\x22n\x01|\xff?rE:\xb6\xa2\x08\
D\x0b@D0\xbe\xff\x8f@\xd5}N\x89@\x98\x00\
\x04~\x020e\xa2\x1c\xf4\x1c\x08\x94\x8e2L\x00\x14\
H\xc4\xf2_\xdd~\xf8\x16\xe0\xc3\xff\x8c@\x1e\x04\x22\
\x05 \x8f\x87\x17\xbd\xe8\x01\xa0\x05\xe0\x02\x13\xbf4\x02\
G\x11\x88\x14\x80\x90O\x00\x8e\x06\xea\xeb\x8c\x80\x11\xb8\
F R\x00\x22n\x01<\xfb_\xe7\xd0G\x06A\xa0\
F\x18\x91\x02\x10\x11\x8f?\x01\x88@\xd5}N\x8b@\
o\x020m\xa2\x1c\xf88\x08\xf0\x09\xd9j\x7f\xb4\xfd\
\x5c-b\xc5\xfc\x14\xb4\x10\x01P@Q\xc1\xf8\x16\xe0\
iJ}B\xab\x08\x88\x17\x90\xfd$\xff\xfe\xac\x06O\
\xf8iY\x0c1\xd0)\xa7\xa2\xbf\xe32D\x00\x14\x5c\
H\xf3'\x00!\xb0\xba\xd3`\x04\xc4\xea\xbfd\x90\x1e\
\xa2\xdf\x1cms\xf0\xb7\xce\xa5\x15\x11\x82\xae\x04`\x03\
\x92w\x8d@\x17\x08\x88\xc9\x10\x19\xf23\xdb\xef\xf1\x19\
!\xe0\xda=\xd7\xec>\xd7\x02\xb0\x1b2_`\x04^\
C`%\xff+\xb3\xfe\xbd\x0e\x11\x81\xbd\xc2q\xaf\xaf\
\x9b\xc7\xa3\x04 \xd4\xe9\x9b\x91\xf8\xa0\x11h\x0f\x81w\
\xc8\x9f\xa2\xc9\xd1G\xea\xebj\x1b%\x00W\x03\xf9\x80\
\x11\x98\x09\x81u\xf6\x7f)\xe4''\xf1\xfc \xecV\
\xa0'\x01\xf0'\x00O*\xc5o7\x85@\xce\x99;\
g_?@\xeaI\x00~8\xee\x17F\xa0U\x044\
\xfbg\xbf\x05\x8e\xe8\x13\xfc,\x00\xa0`3\x02y\x11\
\xc8.\x00y\xdd\xfb\xee\xcd\x02\xf0\x8d\x85\xf7\x8c@q\
\x04v\x0c\x18r\x1b\x10%\x00\x11?\x09\xe8\x9f\x03\xd8\
Q->\xb5*\x02\xdd\xd4\x7f\x94\x00\xf8\xcfvU\xad\
?\x0fn\x04^C J\x00^\x1b}\xdfY\xfe\x14\
`\x1f^>\xdb\x08<E D\x00\x22\xbe\xb3\x1f\xd1\
\xe7St|\x82\x11\x08D\xa0\x85\xaeC\x04`\x0d,\
\xe7m@\xce\xbeV\xf7\xbc1\x02a\x08\xf8S\x00\xcd\
\xd8|{)\xcb\xb2}\xed+,[\xee\xd8\x08\xcc\x8a\
@\xe4\x0a\x00Ls\xcc\xdc9\xfa\xc0\x17\x9b\x11\xe8\x19\
\x81,\x93\xe9%\x00\xa1\x02\xa0\x99\x1b\xa7\xdf!\xf0\xdf\
\xea\x83\x95\xc4\xa5\xdf~m\x04\xbaF\xa0\x15\xe7C\x05\
\x80 W\x02\xef\x15\x01\x84\xe3\xd7z-\xdd\xd8\x8c\x80\
\x11\x08@ \x5c\x00\xf0\x19\x22\xcb\x16\xed\xbf\x22\x04\xcc\
\xfa\x90\x1f\x11\xd0%nF\xa0\x1f\x04\xa2\xbe\xb3\x1f\x85\
@\x11\x01H\xceK\x04>e\x08\xc1/\x1dC\x0c0\
\x88\xcekH\xcf\xdb^\xf2\x0b\x1c\xb7n\x11\x08\xf9\x04\
@\xc4\x80'\xd9A)*\x00\xc9{\x82\x91!\x06\x18\
\xc4\xffG\xafC\x02Lczk\x04ZA\xa0%?\
\xaa\x08@K\x00\xd8\x17#\x90\x19\x81\x88\x9f\x03\xc8\xec\
\xe2ww\x16\x80o,\xbcg\x04r \x10q\x0b\x10\
\xb6:\xb6\x00\xe4H\xb9\xfb0\x02\xb1\x08\x84\xfd$\xac\
\x05 6q\xee}\x22\x04^\xf9\x04\xa058,\x00\
\xade\xc4\xfe\xf4\x8c@\xc4\xf2\x1f<|\x0b\x00\x0a6\
#0#\x02\x91\x9f\x90y\x050cE9\xe6(\x04\
\xba\xfa\x04\x00\x10,\x00\xa0`3\x02y\x10xx\x0b\
pp\x88\xb0\xe5?\xfeX\x00@\xc1f\x04\xdeD@\
\x0f\x00\xa3\xbe\xc1\x1a\xf6\x09\x00![\x00@\xc1f\x04\
&E\xc0\x020i\xe2\x1dvv\x04\xa2\xee\xff}\x0b\
\x90=U\xee\xd0\x08\xe4G\xe0\xe1\xfd\xff\xd1\xe1\x22?\
\x01\xc0'\xaf\x00@\xc1f\x04\xde@ \xf0\xfe\x9f\x9f\
\x96}\xc3\xb3\xe7\x97Z\x00\x9ec\xe43\x8c\xc0\xb0\x08\
X\x00\x86M\xad\x03+\x88@\xc8\x9f\xed\x92\xff\xa1\xf7\
\xff\xea\xff\xc3\x02\x00\x0a6#p\x10\x81W\x96\xff\x07\
\xbb\xfe\x88\xbe\xff\xc7/\x0b\x00(\xd8\x8c@{\x08\x84\
\xdf\xff\x13\xb2\x05\x00\x14lF\xe08\x02Q\xcb\xff\xe3\
\x1e\xed\xb8\xd2\x02\xb0\x03,\x9fj\x04\xb6\x08\x04/\xff\
\xa3\xbeY\xb8\x0d\xc1\xcf\x00~\xa0\xe1\x17F 3\x02\
\x07\xbb\x0b\x7f\xf8\x97\xfc*\xbe\x02\x90j\xfe%\xfb\x94\
\xfd\x91\x8d\xdc\x88\x8f8\x8b(yJ\xa8\xb7E\x11\x88\
Z\xfe\x87~\xff\x7f\x8bP1\x01\x10\xd3!\xfe\x1f\x0d\
\x8e\x01\x5c\xc87\xa7\xd4\x7f+\x8d\xf8\x88\xf3\xb7b\xa7\
Y\x08Z\xc9L\x06?\x94\xd0\xc8|\x8e\xb5\x02X\xc1\
\x82\xf8\x90\x22\x03\xfc]v\x81\x10\xb0*\x98\x19\x83.\
\x13w\xc7i\xc4\xfd\xce[\xef\x1d.\xf1\xf1_\xf20\
|\x05 \xf2C\xfc0\xb0R \x9dl!\xbfE\xa0\
\x93d\xddsS5\xfd\xd2\xec\x7f\xef\xfa'\xc7\x8b|\
\xfc\x97|\x08\x15\x80\x15(\x8a>\x8d\xe7\xed\xbf\x08X\
\x10\xff\xc5\xa1\xd7\xff\xc3\xf2\xa7\xd9?R\x5c\xae\xf0\x0e\
\x13\x00\x91\x1f\xe2\x87\x01u\x15I_\x07x\x1eR4\
\xd1}\xc1\xd3\xae\xb7\xaa\xeb\xc8\xbc\x15\xbb\xf7O\x08\x87\
\x09\x80\x06@\x00\xb4q\xbb\x83\x00\xcf\x04\x8c\xd1\x1dp\
\x1a>\x1c9\xa9\x15{\xfa\x9f\xf0\x8d\x14\x80H\xa0\x92\
\xff\xde\x1a\x81b\x08\xec\x99\xfd\x8f8Uz\xf9\x8f\x8f\
!\x02 \xa0<\xb3\x81\xees\xb3H>\xc7\xa8\xa53\
\x22\xf3U\xf4\xe1_\x025D\x00\xd4\xb9\x05@ \xb8\
\x8d\x83\x80&\xb5\xc8{\xffj@E\x09@\xb5\x80:\
\x1b\xd8B\xd9O\xc2\x22g\xff\x7fj,\xff\x81>J\
\x00\xa2~A\x22>\x8fd\xc5\x9f\xfa\x8e\x04^\xa9X\
\xf6\xce\xfe\x07\xfc*\xfe\xf0/\xf9\x18%\x00\xa9\x7fo\
\x1f#P-\xf1\x8f\xdd\xf2\xbb\x09\x81\x95\xfc\x91\xb3?\
\xbf\xf8\xa3\xda\xed\x85\x05 e\xda[#p\x1b\x81\xe8\
\xd5l\x95\x87\x7f)T\x0b\xfal\xff\xc5\x00\x00\x08\xa2\
IDAT@B\xa2\xce\xd6\xb7\x00up\x7fi\xd4\
u\xf6\x0f}NS\xeb\xde?\x01`\x01HH\x94\xdf\
\xfe\xad\xe4[\x00\xca\xe3\xfe\xd2\x88+\xf9w/\xfd_\
\xea\xfc\xfb\xa4\xaa\xb3?nX\x00@\xa1\x82\x89\xfc\xd5\
\xee\xfb*\x84\xdb\xe3\x90\xd1\xe4\xaf\xf6\xe4\x7f\x9b\x0c\x0b\
\xc0\x16\x8dr\xfb\xd5\x95\xbf\x5c\xa8\xfd\x8d\xb4\xce\xfe\xd1\
\x8e7\xf1\x00\xd8\x02\x10\x9d\xe6\xeb\xfeY\xfa{\xf6\xbf\
\xc6\xa5\x89#+\xf9\xa3g\xfffj\xc0\x02P\xae\xec\
\xb8\xdf\xff\xe5\xa5\x7f9\xc0\x0f\x8et\x98\xfc\x07\xc7\xab\
z\x99\x05 \x1e\xfeD|\xc8\xcf~\xfc\x88\x1e\xe1\x10\
\x02\xeb\xec\x7f\xe8\xda\x1d\x1753\xfb\xe3\xf3,\x02\x00\
\xf1~)\xe0b\xa6\x99>5\x13_\xc0\xb7\xdeV\xf2\
\x87\xcf\xfe*\x8a\xa6n\xfff\x11\x00>\xcb\xfd-\xf0\
y\xf2Z\xc4Z/x\xfb\xf7\x8d@)\xf2k\xc4\xe6\
\x1e\xfe\xce\x22\x00\xc2\xfe\x83\xdf\xc2\xc3\xef'd\xdff\
\x04\xce\x08\xe4\x22\xff\xb9\xb3'\xffi\x02jj\xf6\xc7\
\xdd\x99\x04\x80x-\x02\xa0`;#P\x92\xfc\x1a\xb0\
\xb9\xd9_>M\xf9\x97\x81,\x02d~r\x13\xf9\xcf\
\xb7\x85\x85`h\xea\xc1\xdf6\xe6\xd9V\x00)v\x8b\
@Bb\xdem\xb1\xdb\xc1\x16\x97\xfe)\xed\xb3\x0a\x00\
\xf1[\x04@aB\xd3\xec\x9f\x95\xfcO lr\xe9\
\x9f|\x9eY\x00\xc0\x00\x11P=\x9cX\x0e\xf2\xda6\
8\x02J6\xe4/\x95\xeff\x97\xfe)\xcd\xb3\x0b@\
\xc2\x81\xbf\xd6\xd3\xdc\x13\xda\xe4\x9c\xb7\xef# \xe2#\
\xf6%\xc9_\xf5\x17}\xbc\x8a\x98\x05\xe0\x1b)~O\
\xbfE\xe0\x1b\x8fa\xf6 \xbf\x82)J~\x8d\xd7\xf4\
\xd2_\xfe\x9d\x9b\x05\xe0\x0c\xc3\xd7\x7f\x16\x81/(\xc6\
\xd8\xd9\x90?$\xa0;\x9d6\xbf\xf4O~[\x00\x12\
\x12\xdf[\x8b\xc07\x16]\xef\x89\xfc\xac\xe8\x98\xf9K\
\xc6\xc17M\x19\xb7\xe4\x98\x87\xc7\xb2\x00\xdc\x86\x0e\x11\
(]8\xb7=\xf1\xd1C\x08\xac\xe4\xff}\xe8\xe2\xf7\
.\xeab\xe9\x9fB\xb4\x00$$\xae\xb7<4R\x1d\
\x9d\xbaQ\xf3\xeb\x10\xe6<\xa2\xa4\x91\xb3*\xe4\xd7g\
\xfe\xfc\xe0Y7\xc0[\x00\x9e\xa7\x8a\xd5\x00\x05\xf5\xfc\
L\x9fQ\x15\x01\x11\x1f\xd1f\xe5V\x84\xfc\x17\xc1v\
s\xdf\xbf\xf5\xdb\x02\xb0E\xe3\xfe>\x22\xa0\xfa\xf2j\
\xe0>Du\xdfQr\xf8l\x1f\xf2\xb3-\xedL\x97\
\xe4\x07\xa4\x9e\x04\x80\xa5U\xed\xfb+\x84\xc0\xab\x01*\
\xa7!\x13\xf9!>V\xc3\xabn\xc9\x0fX=\x09@\
\xfabE\x0b\x22\xc0\x17\x87j\xcc4\xe4\xcc\xb6\x22 \
\xe2\xb3\xe4?\xe9e\xad\x5ct\xf5\xc4_8]\xb5\xae\
\x04\x00\xef\xf5\x90\x85\x19\xb8\xb6\x08Pp\x88\x00\xbe\xe0\
\x96\xad0\x02\x22?\xd8\xd7\x9a\xf5?\x14.\xe4\xe77\
Li\xb7\xdf\xd6\x9d\x00\x00u#\x22\x80+\xdc\x12\xa8\
\x16O\x14#\xafm\xc1\x08\x08lf}\x88_\xe3A\
\xdfWt\xaa\xc1\xee\xc9O0]\x0a\x00\x8e+\x01\x90\
\xae\xf6J\x00W0\x0b\x01(\x04\xda\x86\xf8\x90\x9f\x15\
X\xe0hO\xbb\x1e\x82\xfcD\xd9\xad\x00\xe0|c\x22\
\x80K\x08\xc1\xa7\x8a\x15q\xe2\xb5-\x03\x02\xc2\x13\xd2\
c\xb5\x89O4<\xf4\xe3\x814\xfb\xdd[\xd7\x02\x00\
\xfa\xab\x08\xb4\xa4\xc8,M\xcfB\x80\x7f\xb6\xe3\x08\x88\
\xf8\x88\xe9I=\xb4@|\xb9\xf1\x01\xf9?\xd9\x19\xc5\
\xba\x17\x00\x12!\x11\xe0\x81\xcc\xa2\xfd\x96\x94\x19\x11P\
\x0d\x9f(\xe2V\x0aX\x10\xb5\xdf\x04\x1a\x98A|\xc4\
\xb4\x15\x87\xf9\xf5\xee\x9f\xad8\x93\xcb\x8f!\x04 \x81\
!!`%\xd0\xcas\x81\xe4\x16E|\xfe\xc4\x80\xc2\
N\x07\xbd\xbdF@\xf84\xf1\x80\xef\xda\xb3\x0f\xc8\xdf\
\xd2\xe4r\xc3\xc5c\x87\x86\x12\x00 \x90\x08\xa0\xd2\xad\
\x89\x00\xae!\x04_\xab\x02\x0e\xd8>>V\xd2\xa7\x19\
\xbf\x95\xfb\xfc\x94\x1aH?,\xf9\x09r8\x01 \xa8\
\x86E\x00\xf7\xb0/!\x10\x01\x10,\x8eMe\x8a;\
\xcd\xf6\x90\xfew\x83\xc1s[yE\xfe\x06\xfd|\xcb\
\xa5!\x05\x00D:\x10\x01\xdc\xa4\xf0\xa7\x11\x83Dz\
m\xb9\xbf\x87\xf8\xad>\x1b\xe1a\x1f\xb7\x93\xe4hh\
\x1bV\x00\xc8\xda*\x02\xbd$r+\x06\xe9\x99A\xab\
\x04\x01\xde\xa7&\xa23\xcbc\xc4\xd3:\xe9S<\x90\
\x7f\x9aU\xd9\xd0\x02@F%\x02\xe7\xfb8\xed\xb3\xd5\
\xa6\x8b\x06\xf1\x11\x843qD$\xee\x91\xbb(J\xf9\
\x9a\x08\xcf\x0c\x9f\x8cxz\x00~*\xf2\x93\x90\xe1\x05\
\x80 \x11\x01\x19+\x81\x16\x1f\x0e\xe2\xe23C\x0c\xd2\
\xad\x02\xa2p\x16\x04\x91\x8dm5ri|\xc8\x8e\xe1\
\x07~mg\xf9j~=\x03\xf3\xce\xfbO\xc9\x7f\xe7\
\xba\xae\x0fO!\x00)C\x12\x01f\xd1^E \x85\
\x01\xb1\xce\x82\xa0\x03l\xcf\xc4\x13\x19\xd9B\xc4d\x10\
\x93su\xda{M}\x9f\xfb\xd2\x96\xbe\x19\x07Kd\
g\x96\xc7\x8f,c\xbd\xe7\xe9\xa1\xabY\x19\xf2\xb0\x8f\
\xda8\xd4A\xcf\x17M%\x00$\x0a\x11\x90\xf1\xa5\xa1\
\xde\x85\x80p\xb6\x06\x01!b2\x88y&\xaa\x88{\
\xd98~\xcf.\xcf\xbdEt\xc6\xda\x8e\xdd\xeb>\xb3\
>\xe4G\x04z\x8d\xe1-\xbf\xa7\x13\x80\x84\x96D\x00\
\xc5\x1fM\x04Rx\xcf\xb6\x10\xf8\x9e=\xbbv\x84\xf7\
!<\xc4\xa7\x06F\x88\xe7p\x0c\xd3\x0a\x00\x88!\x02\
\xb2\x11W\x03\x84g\xbb\x8d\xc0\xa1Y\xffvW\xfd\x1f\
\x9dZ\x00R\xfa$\x02\xcc\x04\xb3\xae\x06\x12\x0c3l\
=\xeb_d\xd9\x02\xb0\x02\x82\x08\xc8\xbc\x1aX\xf1\x18\
l\xc3\xb7\xfaH/K\xff\xc1B{/\x1c\x0b\xc0\x05\
~\xaa\x12\xaf\x06.0\xe9\xfc\xe5y\xc9\xdfy\x0ca\
\xee[\x00n@\x8b\x08\xc8\xbc\x1a\xb8\x81MG\x87\x98\
\xed\xb3,\xf9;\x8ay\xb7\xab\x16\x80\x07\x90I\x04>\
e\x16\x82\x07\x185\xf8V\x22>\xe4g\xbfA\x17\xdb\
q\xc9\x02\xf0B.$\x02\x16\x82\x17p\xaa|\x0ad\
\x87\xf4\x18\xfb\x95\xdd\xe9cx\x0b\xc0\x8e<Y\x08v\
\x80U\xeeT\xc8\x0e\xe91\xf6\xcb\x8d<\xc0H\x16\x80\
\x03ID\x08tY\xcf?[ \xf7\xbbo\x90\x1d\xd2\
c\xec\x87\x044z\xa7=\x09\xc0\xffZJ\x86D\x80\
\x8f\x96|kP')\xe7'\xfb\xe4\xa0\xce\xf0\xe3\x8c\
\x1a%\x00S}\xa9F\x85h!\x88\xe7\x04\xb3<\xb3\
\xbd\xe0^\xf8\xa86~\xc4\x09F\x88\x12\x80\x08\xe8(\
\x80\x88~\xb3\xf5\xa9\xca\xdc\x0a\xc1T\x22\x98\x0d\xc4\xeb\
\x8e\xc8;\xc4\xc7\xd8\xbf>\xc3G\x0e#\x10\x22\x00\x22\
B\xf6DE\xf4y\x18\xb5'\x17\xcaW\x84\x00[t\
\xaa\x85@ \xecl\xd4\x0f\x84\x17\x94\x0b[^\xef\xec\
\xe2\xfd\xd3g\xe8!D\x00V\xe0r\x16~\xce\xbeV\
\xf7\xcal\x96eIB\x90\x1e\x1a\xba\x98oC\x0f.\
\xd8/a\x86\xb1\x7f\xfbL\x1f\xcd\x86@\x98\x00(\x89\
\xdc\xa7eI\xe2\xdaW\xb6\xa0kt\xa4\x18\xd2CC\
\x8a{\x91\x0f\x88\x1a\xa6\xddi\x1b\xf5\x81\x81I2^\
O\x0bH\xe9\xc0\xc3\x04`\x0d$G\x81\xe7\xe8cu\
\xa7\x9d\x8d\x04\x81\x95\x01\x86\x18\xcc\xb2:\x80\xdc\x18d\
\x17\x04\x0b[\x8cc\xed$g\x22OB\x05`Y\x16\
\x12\xfb\x0e\x81\xf9\xb8\x87\x95\xc4\xd0)\x01'\x19b\x00\
\x19\x16\x05\x0bf\x98v\xbbo\xd4\x00\x02Gl\xc98\
\xd6t`\xb38\x17*\x00\x80Hak\xbb\xb7\x98)\
\x10\x8aex\xf2\x0b\x9b\xab\x06f\xabi\xb3 \x08\x10\
\x08\x0c1\xb0\xb9\xba\xa6\x91\x03\xf8\x86\xe1'\xf9[\xf4\
\x8f-\xb7?\x1co\xc4M\xbb\x91\x10\x08\x17\x00\x06R\
\x110\xbbQ\xc8\x14\x06\x87\x1e\x19\xb3\xfe\xb9h\x1e\x9d\
4\xd3{\xc2\x0f\x02\x81!\x066:\xb4\x80g\x0da\
\x80\xc8\x18\xb9d\xfc/\x7f\x96ea\x1f\xc3O\xce\x99\
)M]\xc6ZD\x00\x122\xcb\xb2P\x18\x8b^S\
8\x14\x10F\xa1\xf0\xfa\x97\xde\xa7M9\xeb\x0b\x93\xdd\
M`\xdd\x14\x06\x1d?7ux\xc6u\xb3\x05\xefK\
\x03\xff\xcbc\x97\xd7\x9d_\x9f;\xbd \xb9\x8eq\xbd\
\x86p\xeb\x11\x81\xa2\x02\x90\x00\xa2hd\x88\x01\x06\xf1\
)d\x17R\x02(\xd3V\x18\x9fq\xddl\xc1\xfb\xd2\
\xc0\xff\xf2\xd8\xe5u\xe7\xd7\x99\xdcj\xbe\x9b\x99\x1c\xac\
\x22\x003\x01\xecX\x8d@\xcb\x08X\x00Z\xce\x8e}\
3\x02\xc1\x08X\x00\x82\x01v\xf7F\xa0e\x04,\x00\
-g\xc7\xbe\x15G`\xb6\x01-\x00\xb3e\xdc\xf1\x1a\
\x81\x0d\x02\x16\x80\x0d\x18\xde5\x02\xb3!`\x01\x98-\
\xe3\x8e\xd7\x08l\x10\xb0\x00l\xc0\xf0\xee\xdc\x08\xcc\x18\
\xbd\x05`\xc6\xac;f#\xb0\x22`\x01X\x81\xf0\xc6\
\x08\xcc\x88\x80\x05`\xc6\xac;f#\xb0\x22`\x01X\
\x81\xf0fn\x04f\x8d\xde\x020k\xe6\x1d\xb7\x11\x10\
\x02\x16\x00\x81\xe0f\x04fE\xc0\x020k\xe6\x1d\xb7\
\x11\x10\x02\x16\x00\x81\xe067\x023Go\x01\x989\
\xfb\x8e}z\x04,\x00\xd3\x97\x80\x01\x98\x19\x01\x0b\xc0\
\xcc\xd9w\xec\xd3#`\x01\x98\xbe\x04\xe6\x06`\xf6\xe8\
\xff\x0f\x00\x00\xff\xff\xfd\x8b\xf2s\x00\x00\x00\x06ID\
AT\x03\x00\xd0\xa0t\x88\xe1~8w\x00\x00\x00\x00\
IEND\xaeB`\x82\
\x00\x00\x1dR\
\x89\
PNG\x0d\x0a\x1a\x0a\x00\x00\x00\x0dIHDR\x00\
\x00\x01\x00\x00\x00\x01\x00\x08\x06\x00\x00\x00\x5cr\xa8f\
\x00\x00\x10\x00IDATx\x01\xec\x9d\x0b\xd0uU\
]\xc6\xcf\xab\x93\xe9T\x92:\x15\x08\x13\x1f\xa2M\xda\
\x88\xf9\xe1\x8dD.\xde\x99t\x1c\x1d\x05\x0cQ\xa8\x01\
\xd4\xc4@\x04T\xc4\xefCD\x05\x14\x08\xcd\x14\x9aP\
\x11\x15,\xcdK\xe3\xdd\x0fH B`\xa0\x92. \
0\xc3-\xcb\x80\xb2\x10\xcaN\xbf\xe7\xfd\xf6\xe1=\xef\
\xf9\xde\xf7\x9c}\xfb\xef\xdbz\xdeY\xcf\xbb\xd7\xd9{\
\xad\xff\xfa\xff\x9f\xb5\xd7\xb3\xd7>\xfbr\x1e2\xf2\x9f\
\x190\x03\xc92`\x01H\xb6\xeb\x1d\xb8\x19\x18\x8d,\
\x00\xde\x0b\xcc@\xc2\x0cX\x00\x12\xee|\x87\x9e6\x03\
\x8a\xde\x02 \x16\x0c3\x90(\x03\x16\x80D;\xdea\
\x9b\x011`\x01\x10\x0b\x86\x19H\x94\x01\x0b@\xa2\x1d\
\xef\xb0\xd3f`\x12\xbd\x05`\xc2\x84\x97f A\x06\
,\x00\x09v\xbaC6\x03\x13\x06,\x00\x13&\xbc4\
\x03\x092`\x01H\xb0\xd3\x1dr\xda\x0cLGo\x01\
\x98f\xc3y3\x90\x18\x03\x16\x80\xc4:\xdc\xe1\x9a\x81\
i\x06,\x00\xd3l8o\x06\x12c\xc0\x02\x90X\x87\
;\xdc\xb4\x19\x98\x8d\xde\x020\xcb\x88?\x9b\x81\x84\x18\
\xb0\x00$\xd4\xd9\x0e\xd5\x0c\xcc2`\x01\x98e\xc4\x9f\
\xcd@B\x0cX\x00\x12\xeal\x87\x9a6\x03kEo\
\x01X\x8b\x15\xaf3\x03\x890\xd0\x8a\x00\x8c\xc7\xe3}\
2la\xb99\xc3>\x89p\xee0\xcd@g\x18h\
T\x00\xb2\x81>&\xfa-\x194\xe87\x91\x17$\x06\
\x14\x19o\xe6\xb3\x93\x190\x03\x0d0\xd0\x88\x000\xaa\
u\xc4\xd7\xa0\xd7@_\x14\xd6&\xca+Y\x08\x161\
\xe5\xedf '\x03\xeb\x15\x0b\x17\x00F\xb2\x06\xb2\x06\
\xbf\x8e\xf6\xeb\xf9\xb1\xd6z\x09\x81\xea\xae\xb5\xcd\xeb\xcc\
\x80\x19\xa8\x81\x81P\x01\xc8\x06\x7f\x9e\xa3\xfez\xa1H\
\x04\x8a\x0a\xc7z\xb6\xbc\xde\x0c\x98\x81\x19\x06B\x05\x80\
\xb6\xaa\x0c~\xaa/\xa7:l,\x1b\xf2?3`\x06\
V3\x10&\x00\xd9\xd1\x7fuk\xe5>\xe9\xfb\x03\x9f\
\x0a\x94\xe3\xce\xb5\xcc\xc0h\x1e\x05a\x02@\xa3u\x1e\
\xb9\xeb\xb4\x85kNf\xc0\x0c\x88\x81\x10\x01\xe0\xe8_\
\xfby{\x84M\x11`\x98\x81\x94\x19\x08\x11\x00\x08\xad\
]\x00\xb0\xe9d\x06\xcc@\xcd\x0cD\x09@\xcdn.\
\x9b\xf3i\xc02\x0d\xfeg\x06\xf23\xb0\xa8d\x94\x00\
\xec\xbd\xa8aoo\x86\x01N\x9dv\x06\xfb\x83S\xc0\
\xe7\xc15\xe0\x0ep\x1f\x98$\xe5\xb5N\xdbTFe\
Ug\xe7f\xbc\xeco+\x10\xf88p\x08\xd0-\xed\
\xef`y?P\xba\x87\x7f\x97\x83\xf7\x80\xdd\xba\x1aa\
\x94\x00t5\xde$\xfcb\x87\xdb\x0b|\x10|\x9f\x80\
o\x01\x17\x82w\x80\x97\x83\xa7\x82\x1d\xc0\xc3\xc1$)\
\xafu\xda\xa62*\xab:\xb7\xc8\x06\x90\xad\xbd&\x85\
S^\xc2\xc5\xf4\x80\xd7\xd5\xa9\x9b\xe0\xe3<\xa0\x19\xea\
),\x1f\x06\x94\xb6\xe3\xdf\x1e\xe0\x04p\x1d\xf5\xce\x06\
\xbfJ\xbeS\xc9\x02\xd0\xa9\xee(\xef\x0c;\xd7v\xe0\
X\xa0A\x7f\x09\x96\xde\x02\x9e\x08\xaa&\xd9\x90\xadK\
d\x1b\xa8\x0d\xed\xdcU\xed\xf6\xa2>\xf1j\xc0\xbf\x8e\
\xa5\x8e\xf0\xb3\x03^\x83>o\x1cGR\xf0z\xec\xbc\
\x94eg\x92\x05\xa03]Q\xce\x11v(\x0d|\x1d\
y\xee\xc2\xc2i@\x03\x96EH\x92m\xb5q\x17\xed\
\xea4apB@\x5ck\x0d\xf8\x8f\xc3\xa6\x06\xbb@\
\xb6t\x12__\xa2\x8dFD \x8f\x97\x16\x80<,\
u\xb4\x0c;\x92\x8e*7\xe3\x9e\xa6\xec\x9a\xc6\x93m\
$\xa9-\xb5ys\xe6C#\x8dF4\x82\xff\xbb\x80\
\xd9#|]\x03~=\x97\xcf\xa7\xcd\xed\xd7\xdb\xd8\xe4\
z\x0b@\x93l\xd7\xd4\x16;\xcf\xae\xe0;\x98;\x1b\
<\x0a\xb4\x95\xd4\xb6\xcem\xbf\x83?\xbb\xb6\xe5D\x91\
v\xf1s2\xe0?B\xfe\xbb\xd4\xfd\x01\x88\x1e\xf04\
\xb1*i&\xf0\x81UkZ\xfa`\x01h\x89\xf8\xb2\
\xcd\xb2\xd3>\x8b\xba7\x82}AW\x92|\xb9\x11\xdf\
\x0e\xea\x8aC\x13?\xf0i2\xe0'\xe7\xf0\x93\x01\xff\
\x06\xca<\x1b\xb4\x95\x0e\xc2\xb7\xd6\xaf\x0eX\x00\xda\xea\
\xfe\x12\xed\xb2\xc3\xbc\x9bjW\x80\xae\xa6Oe>\xb6\
\xe6\x1f\xedO\x06|\x9bG\xf8\xbc\xf1\xbf2o\xc1\xa2\
\xe5\xf2\x96\xb7\x00\xe4e\xaa\xe5r\xec\xd8o\xc3\x85\x13\
A\xd7\xd3\x89\xf8zNSN\xd2\xd6d\xc0w\xed\x08\
\x9f\x87\x82\x8dy\x0aE\x96\xb1\x00D\xb2[\x93mv\
\xf2Ob\xea}\xa0/\xe9\xb0\xcc\xe7\xda\xfd\xc5\xeed\
\xc0\xf7\xe1\x08\xbf(\xfe=\x17\x15\x88\xden\x01\x88f\
\xb8\xa2}vx\x1d\xf9\x0f\xaeh\xa6\x8d\xea\x07\xe3{\
\xe5\x99\x006&\x03\xbe\x8fG\xf8E\xbc\xeb\x12\xee\xd2\
\xa2B\x91\xdb-\x00\x91\xecV\xb4\xcd\xce\xafs\xfe>\
\x1d\xf9g#\xd6L@1\xcc\xae_\xf731O\x06\
\xfc\x10\x8e\xf0\xeb\xc6\x99mx`iii\x9c\xe5k\
[\x141d\x01(\xc2V\x83e\x19\x08\xfa\xb6\xbf\x0f\
\xe7\xfc\x8bX\xd1w\x02\xeb^\x1d \xce\xc9\x80\x1f\xe2\
\x11~\x117\xba\x22\xb1\xa8L\xe8v\x0b@(\xbd\xe5\
\x8c3(tM\xbd\xcb\xdf\xf6\x17\x0dLW\x07\x14\xd3\
\x88\xd8&\x03>\x85#\xfc\x22\x9e._T z\xbb\
\x05 \x9a\xe1r\xf6\xcf-W\xad\xd3\xb5\xf4,\xc1\xf4\
\x8d7m_\x87\xef\x02Y\x7f\xd1\xb6\x13\x16\x80\xb6{\
`\xa6}\x8e\x90\xba\xbdW7\xd6\xccl\xe9\xfd\xc7\x1d\
\x89\xa0\xcd\x1boh\xbeS\xe9Z\xce\xff\xbf\x5c\xb7G\
E\xedY\x00\x8a2\x16X\x9e\xc1\xaf[DO\x0al\
\xc2\xa6\xbb\xc3@\xd5\x07\x8bj\x89\xc4\x02P\x0b\x8d\xb5\
\x199\x0eK\xba\xbf\x9e\x85\xd3\x80\x198\xa6\x0bG\x7f\
\xf1k\x01\x10\x0b\x1d@v\xf4\xd7s\xf7\x1d\xf0\xc6.\
\x042\xf0A\x06\xff\x19\x81\xf6\x0b\x99\xb6\x00\x14\xa2+\
\xb4\xf0\xe1X\xd7c\xb6,\x9c\x06\xc8\xc0\xbd\xc4t\x18\
\x83\xff\xad,CR\x19\xa3\x16\x802\xac\xc5\xd494\
\xc6\xac\xad\xb6\xcc\xc0\xc5\xb4\xafS\xbb\x0d\x0c\xfe?!\
\xdf\xa9d\x01\xe8@w0\xfd\xd7\xfb\xf6\xf4\xb6\x9d&\
\xbc\xb9\x9dF\xf4\xfc\xfb\xd1,\x0f\xcc\xa0\xbc\xd6i\x1b\
\xab\x9c*0p\x19u\xff\x18\x1c\x02\x1e\xc7\xa0\xdf\x17\
\x9c\x0e\xee\xe1s\xe7\x92\x05\xa0\x1b]\xf2\xb2\x06\xdc\xb8\
\x866^\xcd\x8e\xb8\x138\x14\x9c\x05.\xcc\xa0\xbc\xd6\
\xed\xa42@eY8\xe5``v\xc0\xef\x09\xa7o\
\x04\x9f\x00z[S\x0e\x13\xed\x15\xb1\x00\xb4\xc7\xfdt\
\xcb\xfbM\x7f\x08\xc8\x9f\xca\xce\xb8;\xf8\xec\x22\xdb*\
\x03v\xa7\xdc\xa9\xc0i[\x06:9\xe0\xb7u3\xdf\
\x1a\x0b@>\x9e\xc2J1\xfd\xd7\xbb\xf7#\xa7\xffG\
3\xa0\xf5Da\xa1\x18\xb2::5(To\x80\x85\
\x075\xe0g\xfb\xc7\x020\xcbH\xf3\x9f\x9f\x19\xd8\xa4\
\x8e\xfcg\x95\xb5\x8f\x08\xa8nj3\x01\xbdn\xedO\
\xe1lr\x0e\xdf\xab)=~\x17J\x16\x80Bt\x85\
\x14~J\x88\xd5\xd1\xe8\x1a\x06p\xe1#\xff\xac/\x99\
\x8d!\x7f'0{\x84\x7f\x021\xff\x1e\xe8\xc59\xfc\
l\x7f\x15\xfdl\x01(\xcaX\xfd\xe5\xa3\xa6\xff\xa7\xd7\
\xe8j\x9d\xb6jt\xab\x94\xa9\xc1\x1d\xe1K\xb1\x90U\
\xb2\x00dD\xb4\xb8\xd8\x10\xd0\xf6\xed\x1c\xc1\x16~\xe1\
\x97\xb7\xdd\xcc\xd6\xfdy\xcbw\xac\x5c\xd2G\xf8E}\
a\x01X\xc4P\xfc\xf6\x88\x1f\x88\xf8f\x80\xdb\xfa\x8d\
\xc1\x00\xb3\xb5\x9b\xf4\x11\xbe\x00\xa5\x16\x80\x02d\x05\x15\
\x8dx\xf8\xe7\xba\x00_\xbb\xfa\x82\x12\x1f\xe1+t\xb6\
\x05\xa0\x02y5U\x8d\xb8\xff\xff\xce\x9a|\x9b6\xf3\
\xb5\xe9\x0f-\xe6}\x84\x9f\x22\xbfj\xd6\x02P\x95A\
\xd7\x8ff\xc0G\xf8@\x86-\x00\x81\xe4\xe64\xfd\x93\
\x9c\xe5\x8a\x14\xdb\xa1H\xe1\x9ce#l\xae\xd5\xb4\x8f\
\xf0k\xb1\x12\xb4\xce\x02\x10Dl\x01\xb3w\x17(\x9b\
\xb7h\xc4\xbd\x05\x116\x15\x8f\x8f\xf0b\xa1%X\x00\
Z\x22~\xaa\xd9\xbb\xa6\xf2ue_P\x97\xa1);\
\x116\xff\x9eK\x8c\x83\xbe\xd3n\x8a\xbf\xda\xb3u\x18\
\xb4\x00\xd4\xc1b5\x1b\x11\x97\xd7v\x1c\x8f\xc7z\xd4\
\xb7\x9agY\xed\xcc\x96^\xea\x99\xad\xa9m\xf1O\xb5\
Y\xb2\xa1R\x0cX\x00J\xd1Vk\xa5\x1bj\xb5\xb6\
b\xec\xd8\x95l\xe5\x5c\x9d\xb6\xa6\x9d\x89\x8a}\xba\x0d\
\xe7\xe70`\x01\x98CNC\x9b\x22\xae\xd9\xcb\xf5\x8d\
\x1c\xb9\xdf\xafL\x15d6\xa2~\xc56*\xf6*!\
'U\xd7\x02\xd0~w_\x19\xe8\xc2\xf1\x0c\xe0\xa3\xca\
\xda\xa7\xae^eu|\xd9\xfa9\xeaE\xc6\x9e\xa3\xf9\
\xfe\x16\xa9\xcbs\x0b@]L\x96\xb4\xc3\x97`\xb7R\
5r*|&\x03\xb9\xf0L\x80:\x97\xe2W\xe4\xa3\
\xc07d\xb1\xd3\x8cS[\x0cX\x00\xdab~u\xbb\
_]\xfd\xb1\xf6O\x9a\x09\x5c\xcd\xa0^\xf8\xc5 e\
\x8e\x04z\x7f\xddsj\xf7b\xb5\xc1\xe8\x98W\xb7\xe6\
Ok2`\x01X\x93\x96\xc6W~\xb1\x81\x16u\x1e\
\xff\x19\x06\xf7m\xe0<p\x148 \x83\xf2Z\xa7[\
\x88\xcf\xc6\x17\xfdB\x11\x8b\xd0\xd4D\xcc\xa1\x01\x0c\xc1\
\xb8\x05\xa0\x03\xbd\xc8TX\xd3\xed\xc8\xd3\x80\xe9(u\
9Oo\xbb9\x93\x95zdXP^\xeb\x22\x9eL\
\xa4\x99m\x92\xa6\xff\x8ay\x9b\x0d^\xb1\x98\x81:K\
X\x00\xead\xb3\x9a\xad\xf3\xaaU\xefU\xed\x94b\xed\
t\xc7X\x00\xba\xd3=\xe7\xe0J\xc4s\x01\x98\xedT\
R\x8c\x8a\xb5SN\xa5\xea\x8c\x05\xa0#=\xcfi\x80\
~:\xaa3\xbf\x19\x17H\xcb\x19Y\xac\x81M\xd8t\
^\x06,\x00y\x99j\xa6\xdci4\x13\xf1p\x10f\
;\x91\x14\x9bb\xec\x843}t\xa2n\x9f-\x00u\
3Z\xc1^vd\xdcT\xc1D\xd7\xabn\xcab\xec\
\xba\x9f\xc9\xf8g\x01\xe8XW3@>\x84K[\xc0\
\xd0\xd2\x96,\xb6\xa1\xc5\xd5\xebx,\x00\xdd\xec\xbe\xc3\
\xba\xe9V%\xaf\x86\x18S%B\xbaP\xd9\x02\xd0\x85\
^\x98\xf1\x81#\xe5M\xacz\x0d\x18J\xba>\x8bi\
(\xf1\xb4\x12GD\xa3\x16\x80\x08Vk\xb0\xc9\x80\xb9\
\x003'\x83!\xa4\xdd\xc6\xe3\xf1\x89C\x08dh1\
X\x00:\xdc\xa3\x88\xc0\xbbp\xef\x5c0\x84\xf4nD\
\xe0\x19C\x08dH1X\x00:\xde\x9b\x88\xc0\xe1\xb8\
x>\x18B\xf2,\xa0c\xbdh\x01\xe8X\x87\xac\xe5\
\x0e\x22\xf0Z\xd6\x0fa&\xf0\x12f\x01\x16\x01:\xb3\
h\x8a*o\x01\x88b\xb6f\xbb\x88\x80f\x02C\xf8\
N\xc0\xa7\x025\xef\x1bU\xccY\x00\xaa\xb0\xd7p]\
D@\xdf\x09\x0c\xe1\xea\xc0;\x1b\xa6\xce\xcd\xad\xc3\x80\
\x05`\x1db\xba\xba\x1a\x11\xd0\xd5\x81\xc7\xe3_\x9fo\
\x16z)\xa7\x02\x16\x01:\xb1\xedd\x01h\xbb\x07J\
\xb4\x8f\x08\xdc\x04\x9eK\xd57\x03\xdd_\xcf\xa2w\xe9\
dD\xc0W\x05rt[d\x11\x0b@$\xbb\xc1\xb6\
\x11\x01\xdd6\xbc\x0b\xcd\xbc\x17\xe81[\x16\xbdJ\x9e\
\x05\xb4\xdc]\x16\x80\x96;\xa0j\xf3\x88\xc0\xbd\xe0\x04\
\xec\xe8m>z\x8boSo\x16\xa2\xc9\xca\xc9\xa7\x02\
\x95)\xacf\xc0\x02P\x8d\xbf\xce\xd4F\x04$\x04\xa7\
\xb3|\x12N\xed\x0d\xf4n\x81>\x88\x81N\x05\x9e\x8e\
\xbfN-0`\x01h\x81\xf4\xe8&\x11\x81K\xc11\
@b\xb0\x81\xf6\x0e\x00:M\xf8\x02\xcbk\x81^\xfe\
9}\xca\xa0\xbc\xd6i\x9b\xca\xa8\xac\xea\xa8\xee\x97)\
\x1f\x9d|o\xc0:\x0cG\xaf\xb6\x00D3\xdc\xb2}\
D\xe0Vp\x118\x01\xbc\x02l\x04\x8f\x05\x8f\x00\x93\
\xa4\xbc\xd6i\x9b\xca\xa8\xac\xea\xe87\x0b\x9a\xb8\xf7`\
\xf9T\x80/\x05\xf5kFG\xb0\xfc0\xf8:\xb8\x01\
\xfc\x08<\x00\x94~\xca\xbf\xff\x007\x83\xef\x82O\x80\
\xe3\xc0\xf3\xc1\xcf\xb5Lu/\x9b\xb7\x00\xf4\xb2\xdb\x9a\
s\x1a\x85\xb8\x8a\xd6\x9a8BKh\xae\xa6\xad\x8f\x82\
\xdf\x07/\x04\xbf\x0e\x1e\x0d~\x06(i\x7f\xfd\x052\
\x9a\x99<\x9b\xa5\xee\x90\xd4\x8f\x97|\x93\xfc\x8f\x11\x81\
-\xe0\xad`W>;\xe5`@\x84\xe6(\xe6\x22)\
3\x80\x08\xbc\x87\xf8\x9b8\x15\xa0\x99Ji\x1fj\x9f\
\x0enD\x04\xbe\x0a^I\xdei\x0e\x03\x16\x809\xe4\
x\xd3*\x06$\x02\xabVt\xfc\xc3\x8b\xf1\xefs\x88\
\xc0\xf5\xe0u\xe4{\x97\x9ap\xd8\x02\xd0\x04\xcb\x03h\
\x83Y\xc0\xdf\x10F\x13\xa7\x024Skz2\xd6>\
\x8e\x08\xe8;\x03\xdd<\xc5G\xa7\x09\x03\x16\x80\x09\x13\
^.d\x00\x11\xd0,\xe0\xbb\x0b\x0bv\xb3\x80\xbe3\
\xf86B\xa0\xcb\xa3\xdd\xf4\xb0\x05\xaf,\x00-\x90\xde\
\xf3&\x8f\xe9\xb9\xffG#\x02\xdf\x03\xfa\xad\xc4\x9e\x87\
R\xdd}\x0b@u\x0e\x93\xb2\xc0,@\xa7\x02z*\
\xb1\xcfq\xef\x8e\xf3\x7f\x8d\x08\xe8^\x07\xb2\xddKM\
yd\x01h\x8a\xe9\x01\xb5\x83\x08\xe8\x92\xddWz\x1e\
\x92.-~\x16\x11xS\xcf\xe3\xa8\xe4\xbe\x05\xa0\x12\
}IW\x96\x08\x0c\x81\x80\x0f!\x02G\x0f!\x902\
1X\x00\xca\xb0\xe6:#f\x01C8\x15\x98\xf4\xe4\
\x19\x88\xc0\x11\x93\x0f)--\x00)\xf5v\xcd\xb1\x22\
\x02\x9a\x05\x5cV\xb3\xd9\xb6\xcc}\x14\x11xI[\x8d\
O\xb7\xdbd\xde\x02\xd0$\xdb\xc3l\xab\xefW\x05\xa6\
{E\xcf\x16$u\x1b\xb1\x05`\xba\xfb\x9d/\xc3\xc0\
s\xcaT\xeah\x1d=w\xf0\x91\x8e\xfa\x16\xe2\x96\x05\
 \x84\xd64\x8c2e~\x0a\x91\xea\xde{\x16\x83I\
/$\xae\xe3\x07\x13\xcd\x82@,\x00\x0b\x08\xf2\xe6\xb9\
\x0c\xbco\xee\xd6\xfen|?\x22\xf0\x846\xdco\xba\
M\x0b@\xd3\x8c\x0f\xa4=\x06\xc8\xab\x09e?0\xd4\
\xb4i\xa8\x81M\xc7e\x01\x98f\xc3\xf9\x22\x0c\xbc\xad\
H\xe1\x1e\x96=\x08\x91\xfb\xad\x1e\xfa]\xc8e\x0b@\
!\xba\x5cX\x0c00\xf4\xe3$\xbb)?p\xfc\xc1\
\xc0\xe3\x1bY\x00\x86\xde\xc31\xf1\xbd>\xc6l\xe7\xac\
\xee\x8f\xd8\xe9\xadD\x8d8\xd6F#\x16\x806X\xef\
q\x9b\x0c\x88g\xe2\xbe\x1e\xade\x91D\x1a\xf4\xcbD\
,\x00I\xec\xc3\xb5\x06\xd9\xe4\x13t\xdf\xc3s=\xbf\
\xaf\x1fF\xdd\x9f\xbc\xde\x01\xa8'\x11\xff\x92|S\xe9\
\xc0\xa6\x1aj\xa3\x1d\x0b@\x1b\xac\xf7\xbb\xcd\x977\xe0\
\xfe\xdf\xd1\xc6\xd3\x97\x96\x96\x04\xbd\xde\xfc\x5c\xf2\x9f\x03\
\xe7\x83\x93\x81n\xd9\xd5M;\x12\x03\xbd\xd2\x9c\xe2a\
i\x03\xb3\x9e!\xdd\xec\xb4\x8a(\x0b\xc0*:\xfca\
\x1e\x03\x0c\x04\xbdDCo\xe4\x9dW\xac\xca\xb6\xff\xa5\
\xf2\x07\x18\xe0O\x06:\xfa\xf3q\xed\xc4\xf6\xbb\x81\x9e\
E\xf8\x0dJ|\x1bD\xa6\x17E\x1a\x97\xed\xb6`\x01\
h\x8b\xf9~\xb6\xab_\x1c\x8a\xf2\xfcn\x0c\xef\xc1\xa0\
>\x96e\xeeD\xf9\x1f\x80\xe7S\xe1\xcfAT\xd2\xdb\
\x86\xa3l\xb7j\xd7\x02\xd0*\xfd\xbdk\xfcY\x81\x1e\
\xef\xcf@\x9e{\xd4\x9f\xd76u\xf5\x0a\xf0\xd2\xf5\xe7\
\xd9f\xdb\x1e\xcc~\x1e\xcarp\xc9\x020\xb8.\x0d\
\x0d\xe87\x83\xac\xbf\x97\x01\xfc\xad\x1alG\xbd\xd8C\
\xe3d\x90\xb7\x06+\xb0\x1ax\xb7\x89\xa13\xc0\x11P\
\xaf\xd0\xfa\xb5\x808\xef\xc5\xa6\xde6\xcc\xa2ZBD\
\xf4\xc6\xe2OW\xb3\xb2n\xed\xb0\xfb\x01\xd6m\xb1\x81\
\x0d\x16\x80\x06H\x1eH\x13;\x07\xc5q\x01\x03\xf7\xbe\
\x1am\x7f\xbcF[\xd3\xa6\xa2\xe2\x9fn\xa3\xf1\xbc\x05\
\xa0q\xca{\xdb\xe0\xf6A\x9e\x7f\xadN\xbb\x88\x89~\
'P\xb3\x8a:\xcd\xcaVT\xfc\xb2\xdd\x1a,\x00\xad\
Q\xdf\xbb\x86\x7f1\xc8c\xfd h\xdd\xa6u\x1fA\
\xdd6\xa3\xe2\xaf\xdb\xcfB\xf6,\x00\x85\xe8J\xba\xf0\
\xc3#\xa2\xe7\x88}G\x80\xdd\x7f\x09\xb0\x19\x12\x7f\x80\
\x9f\x85LZ\x00\x0a\xd1U\xbc0_\x9e\xed\x0c\xf4P\
\xc9),?\x0f\xae\x01w\x80\xfb\xc0$)\xafu\xda\
\xa62*\xab:\x83<\xef,\xce\xa2kD1`\x01\
\x08`\x96Q\xbd\x17\xf8 \xf8>\xe6o\x01\x17\x82w\
\x00\xddF\xfbT\x96;\x80\xe9#\x8a\xf2Z\xa7m*\
\xa3\xb2\xaas\x8bl\x00\xd9\xda\x8b:m\xa6\x90[n\
\x89\xed\xb1\x01A\xfdJ\x80\xcd\x90\xf8\x03\xfc,d\xd2\
\x02P\x88\xae\xf5\x0b\xb3#o\x07\x8e\x05\x1a\xf4\x97P\
\xf2-\xe0\x89\xa0j\x92\x0d\xd9\xbaD\xb6\x81\xda\xd8\xae\
\xaa\xd1\xbc\xf5io\x09\xe8a\x1c\x09S\xdejE\xca\
\xedQ\xa4p\xce\xb2\xfaE\xe0\x9cEs\x17\xbb'w\
\xc9\x1e\x15\xb4\x00T\xec,\x06\x87\x06\xfe)\x98\xb9\x0b\
\x9c\x064`Y\x84$\xd9V\x1bw\xd1\xaeN\x13\xc2\
\x84\x00\xfb\x8f\x03\xba\xd7\xfe_\x89\xe4c\xe0wAD\
z{\x9dF\xf1\xf9\x05\xd8{$\xa8;\xa9\x7fk\xb5\
\xd9\x05c\x16\x80\x0a\xbd\xc0\xcev$\xd5o\x06\x9a\xb2\
k\x1aO\xb6\x91\xa4\xb6\xd4\xe6\xcd\x99\x0f\xb55\x8a\xbd\
\xe7\x83\xf30x\x13x'\xce\xaa]U\x00\x00\x0c\xfb\
IDATx\x0c\x88L\x1bi\xaf\xce\x01{H\x90\
\xb3\xb7\x06\xd9m\xd5\xac\x05\xa0\x04\xfd\xec\xb0\xbb\x82\xef\
P\xf5l\xf0(\xd0VR\xdbg\xcb\x17P\xfa\x07-\
\xa8\xbb<\xcdg\xa9k\xf2\xba\x8e\x1e5\x88\xd6\xe2i\
\x89\x95\xb5\xdc\xbc\x83\xff{b\xebw@D\xfa\x87\x08\
\xa3m\xdb\xb4\x00\x14\xec\x01v2=\x10s#\xd5\xf6\
\x05]I\xf2\xe5F|;\xa8\x88C\x94\x97\x90m\xa6\
\xced\x9a\xdf\xd6c\xaf/\xc7\x17M\xddq\xa5R:\
\xb3R\xed\xf5+\xff\x1f\x9b\xfe\x19\x0c.Y\x00\x0at\
);\xe9\xbb)~\x05\xe8j\xfaT\xe6\xe3\x5c\xff(\
3\x99\xe6K\xc8\xf4\xfa\xeb\xe8i\xfe\x5c\x7f\xb2\x8d\xf2\
\xfdiY\xbe\xf0\x82\x98\xf48p\xe9\xfa\x0b\x1a\xbcb\
ii\xe9\xa7\x0b\xca\x14\xda\xdc\x95\xc2\x16\x80\x9c=\xc1\
\x0e\xa6\xd7`\x9f\x98\xb3x\x9b\xc5N\xc4\xd7sf\x1d\
`\xddC\xc0\xe1@G\xfc\xa6\xa7\xf9\xb3\xee\xac\xf5\xf9\
\x97Y\xf9-\xfc{\x15\xcb\xdc\x89\xf2\x9a\xc5\xe8I\xc2\
W\xe4\xaeT\xbc\xe0\xc5\xc5\xab\xf4\xa3\x86\x05 G?\
\xb1\x93}\x92b}\xfa\x15\x9c\xc32\x9fG,5@\
\xf4\xb4\xdd\x0f\x89A\xdf\xe6\xeb\x88O\xb6\x93IW5\
.\xc2\xe7\x0b\xc0\xdc\xa39\xdb\x1f\x05$\xc8\xba\xed\xf7\
y\xc1\xd1|=\xd8~k\xe6-\x00\x0b\xa8g'\xd3\
\x91\xff\xe0\x05\xc5\xba\xb8\xf9`|\xffG\x1c\xd34\xff\
\x04\x96]\x98\xe6\xe3F\xae\xa4/\xf2\xae\xc2\x7fA7\
AI\xd0^\xc5g\xc5\xa4\x19\xceW\xb0\xf2\xef@\xa7\
d\xba\x22B6,\xdd\xc2\xf4\xff\xaf\xc2\xac\xb7l\xd8\
\x020\xa7\x03\xd8\xe1\xb4\x83\xf5\xe9\xc8?\x1bM\xc4\xf3\
\xfb\xb3mD~\xd6,@7A\xe9\x94\xe6\x22\x1a\xd2\
LL}\xf2\xdb\xe4\x9bJ\x9f\xad\xbb\xa1.\xd9\xb3\x00\
\xac\xd3\x1b\x0c~}\xdb\xaf)\xe6:%\xbc:\x11\x06\
>1\xe48-\x00k\xf4.\x83_\xd7\xd4\xbb\xfcm\
\xff\x1a^{U\x00\x03\x171\xfd\x1f\xe4\xf5\xff\x09W\
\x16\x80\x09\x13\xab\x97\xe7\xae\xfe\xe8O\x892\xf0\x87C\
\x8f\xdb\x020\xd3\xc3\x1c\xfdu{\xafn\xac\x99\xd9\xe2\
\x8f\x891\xa0W\x95]^w\xcc]\xb3g\x01\x98\xea\
\x11\x06\xbf.C\x9d4\xb5\xca\xd9t\x19Hb?\xb0\
\x00\xac\xde\xc1\x8f\xe3\xa3\xee\xafg\xe1\x940\x03o\xe3\
\xdc\x7f\x90\xb7\xfe\xce\xf6\xa9\x05 c$;\xfa\xeb\x92\
S\xb6\xc6\x8bD\x19\xf8\x06\x83\xff\xd4Tb\xb7\x00\xac\
\xf4\xb4^z\x11}S\xc9Jk\xceu\x91\x01\xdd\x5c\
\xf4\xc6(\xc7\xbah\xd7\x02\xb0\xd2+\x87\xaed\x9dK\
\x94\x81\xd7q\xf4\xd7{\x10\x92\x09\xdf\x02@W3\xfd\
\xd7\xfb\xf6\xf4\xb6\x1d>\x85\xa7\xdbiA\xcf\xbf\xebg\
\xac\x0e$/(\xafu\xda\xc6\xaa^&\xbd2\xeb\xc7\
\xbd\xf4|\xab\xd3\xafg\xf0\xeb\x16\xe3\xad\x9f\x12\xf9o\
\x01\xd8\xda\xd1/\xdb\xba\x08\xfd\x7f\x0d\xd6_\xcdN\xb6\
\x138\x14\x9c\x05.\xcc\xa0\xbc\xd6\xed\xa42@eY\
\xf4\x22\xe9A\x99#\xf0\xf4\xd1@\x97O\xf5n\x01\xb2\
\xbdJo\xa1\x1f\xf4\xa0T\xaf\x9c\xae\xc3Y\x0b\xc0V\
\x16\xf7\xdb\xba\x08\xfb\x7f*;\xd8\xee`\xe1}\xe5*\
\x03v\xc7\x93\xae\x7f\x11\xa5\x19\xcb\x0b\xf1\xf5\xc5\xe0\x1c\
0\x06\xfau\xde\x17\xe3\xbb\xde\x84\xcc\xa2\x17\xe9H\xfc\
\x8ez\x91\xc8\x83\x04t5\x93\xbc\x000\xfd\xd7\xbb\xf7\
#\xa7\xffG\xb3\x83\xe9\x89\xc2B\xfb@VG\xa7\x06\
\x85\xea\x05\x17\xfe\x11\xf6\xf5\x02\xd4\xc7\xe3\x9ff,z\
\xaf\x00\xabV\x12\xeb5{\xd9\x875\x97\x81.\xa7\xff\
\xc1\xb9\x03\xf1\xf7\xc3,\x93M\xc9\x0b\x00=\xffL\x10\
\x95t\xe4?\xab\xacqvN\xd5\xed\xc2L\xe0*b\
\xd04\xff\x97\xf0\xe9\x9d`\xee\x17el\xbf\x15\xe8\xfd\
|z\x8a\x8f\xaa\x9dK\xfa9\xb2g\xe1\xa3~{\xa1\
s\xce5\xe9\x90\x05`4zJ\x10\xe1\xd7\xb0\x83\x15\
>\xf2\xcf\xfa\x92\xd9\xf8\xb7\xd9\xf5\x0d}\xd64\xff\x05\
\xf8\xf0\x0c\xb0<\xcd/\xd2.u$\x1az\xc1\xa8.\
\xaf\x15\xa9\x1aY\xf6L\xfcz\x1a\xd0L%\xb2\x9d^\
\xd8\xb6\x00\x8cFQ\xd3\xff\xd3k\xdc\x03>U\xa3\xad\
E\xa64\xcd\x7f?\x85&\xd3|\xbdn\x8b\x8f\xe5\x12\
\x03M\x8f\xd3\x8a\xe3\xb6g\x03:%y\x1e\xfe4~\
\xb3W9\xe6\x9a\xa9e\x01\x18\x8d6\x8c\xea\xff\xbb\x9d\
\x1dm\xe1\x17~y\x9b\xc5\x96\xbe\x0b\xb8?o\xf9\x92\
\xe5\xf4Jp\x1d\xb15\xcd\x7f;m\xce\x9d\xe6\x17i\
\x03[?\x04\xb2\xadw,\xe8\xe5\x9dE\xaaW-\xfb\
\xb7\x188\x84\xf6\xf7\x04z\x95;\x1f\x9d&\x0cX\x00\
F\xa3\xed'd\xd4\xb8\xdc\xe6\xcb\xb1\x1alG=\x99\
\xa67\xedh\x9a\xbf\x1f\x03\xa4\xf04\xbfH\x5c\xd8\xbf\
\x12\xbc\x92:\xba\xca\xf1Q\x96\xff\x0d\xa2\x92\x04\xedU\
\xb4\xb7\x1b\xd0,$\xaa\x9d^\xdb\xb5\x00\x8cF\x11\x0f\
\xff\x5c\x17\xb0W|)\xc0\xe6\xfd\x0c\x8e\x03@\xa5i\
~Q\xbfhO\xdf\x8f\xbc\x81z\xe2^\xbfe\xa0\xd9\
R\x1d\xdf\x13\xe8\xed\xbd\xc7bW\xa7/\x12\xb4?#\
\xef4\x87\x01\x0b\xc0h\xf4\xf09\xfc\x94\xddtg\xd9\
\x8as\xeaE\xd8\xfc\xd99\xed\x85oB\x08\x1e\x00\x9f\
\x06\xbaAJ/-\xd5\xcc\xe0\xf54\xfcG\xe0\x1b@\
o\xe3\x910\xe8\x92\x1d\x1fG\xfa\x81\x8e\xff$\xa3\xfb\
\x0ctN\xafw\x04\x1e\xcfg\xfd\xa8\xc8\xcfcg_\
\xf0\x01P\xdb\xe9\x0b\xb6+\xa5\xaeW\xb6\x00t\xbd\x87\
\x12\xf2\x8f\x81\xab\x99\xc1\xc7X\xbe\x09\xbc\x08<\x11<\
\x06<\x0c(=\x94\x7f\x8f\x04\xbb\x00\x9d\xd3\xeb\xde\xfd\
\xd3\xc8\x7f\x0b\xfcWBT\xd5\x16\xaa\x05`4\xfaI\
ml\xae\x18\xdaa%[[.\xc2fD\xec\xb5\x05\
lC\xf1\x0cX\x00F\xa3\xbb\x03h\x8e\xb8\xb7 \xc2\
fD\xec\x01t\xdad\x14\x03\x16\x80\xd1\xe8\xae\x00r\
uNZ\xb7\xd9\x08\x9b\x11\xb1\xd7\x1dwo\xed\xf5\xc1\
q\x0b\xc0h\xa4/\x94F5\xff\xed8\x1e\x8f\xf5\x98\
o-f3[;\xd6bl\xb5\x91\x88\xd8W\xb7\xe0\
O\x9df\xc0\x020\x1a\xdd\x10\xd4C\xba\x1cU\x97\xe9\
:mM\xfb\x14\x15\xfbt\x1b\xcew\x98\x01\x0b\xc0h\
\x14q\xcd^]\xbe\x91#\xb7n\xa9U\xbe42\x1b\
\x1bK\x1b\x98_1*\xf6\xf9\xadzkg\x18\xb0\x00\
\x8cFW\x06\xf6\xc6\xf1\x0c\xe0\xa3\xca\xda\xcf\xea\x1e_\
\xb6~\x8ez\x91\xb1\xe7h~\xb8E\xfa\x12Y\xf2\x02\
\xc0\xf5\xe3[\xe9\xac\xc8\xa9\xf0\x99\x0c\xe4\xc23\x81\xac\
N\xe4\x8b*n\xc8b'|\xa7T\x19H^\x00\xb2\
\x8e\xffj\xb6\x8cZh&p5\x83z\xe1\x17\x83*\
\x03\xf4\xbcz\xe4\x91_qF\xc7\xac6\x8c\x8e3`\
\x01\xd8\xdaA_\xdc\xba\x08\xfd\xaf\xf3\xf8\xcf0\xb8o\
\x03\xe7\x81\xa3\xc0\x01\x19\x94\xd7\xba\xdb\xf0\xe03@e\
Y\x84\xa6&b\x0e\x0d\xc0\xc6\xab3`\x01\x80C\xa6\
\xc2\x97\xb2\x88<\x0d\xc0\xfc\x83I\x97\xf3\xf4\x92\x0cM\
\xef\xf5\x10\x8c\xa0\xbc\xd6i\xdb\x83\x05\x033\x9a\xfe+\
\xe6\xc0&\xd25\xdd\xa7\xc8-\x00+\xbdu\xdeJv\
\xf0\xb9\x94b\x1d|gV\x09\xd0\x02\xb0\xc2\x9e\xdeX\
\x93\xc2\xbd\xf1\x8aQ\xb1\xaeD\xee\x5c\xb2\x0cX\x00\xb2\
\xae\xe74\xe0^\xb2g\x80\xa1\xa73\xb2X\x87\x1e\xa7\
\xe3\xcb\xc1\x80\x05`5I\xa7\xf1q\xc8\x0f\xc8(6\
\xc5H\x98N\x11\x0c\xf4\xcd\xa6\x05`\xaa\xc7\xb2#\xe3\
\xa6\xa9UC\xcbn\xcab\x1cZ\x5c\x8e\xa7$\x03\x16\
\x80\x19\xe2\x18 \x1fb\xd5\x160\xb4\xb4%\x8bmh\
q9\x9e\x0a\x0cX\x00\xd6&\xef\xb0\xb5W\xf7z\xed\
\x10c\xeau\x87t\xc1y\x0b\xc0\x1a\xbd\xc0\x91R\xef\
\x94{\xcd\x1a\x9b\xfa\xba\xea\x88,\xa6\xbe\xfa\xdf\x0b\xbf\
\xfb\xe8\xa4\x05`\x9d^c\xc0\x5c\xc0\xa6\x93A\xdf\xd3\
\xc9\xc4\xe2\xcb~}\xef\xc5 \xff-\x00s\x88e\xe0\
\xbc\x8b\xcd\xe7\x82\xbe&\xbdqW1\xf4\xd5\x7f\xfb\x1d\
\xcc\x80\x05`\x01\xc1\x88\xc0\xe1\x149\x1f\xf4-\x9d\x8f\
\xefz\xe7~\xdf\xfc\xb6\xbf\x0d2`\x01\xc8A6\x03\
\xe9\xb5\x14\xeb\xd3L@G~\xf9\x8c\xdbNM0\xd0\
\xd76,\x009{\x0e\x11\xd0L\xa0\x0f\xdf\x09\xe8\x9c\
\xdfG\xfe\x9c\xfd\x9az1\x0b@\x81=\x00\x11\xd0\xf9\
t\x97\xaf\x0e\xe8\xdb~\xf9X *\x17M\x99\x01\x0b\
@\xc1\xdeG\x04tu\xe0\xf1T\xeb\xd2\xcdB\xf2E\
\xbf\x87\xe7o\xfb\xe9\x18\xa7\xfc\x0cX\x00\xf2s\xf5`\
ID\xe0&\xf0\x5cV\xbc\x19\xe8\xfez\x16\xad$\xb5\
\xfdf\xf9\x02t\xefB+N\xa4\xdeh\x9f\xe3\xb7\x00\
T\xe8=\x06\x9dn\x1b\xde\x05\x13\xef\x05z\xcc\x96E\
#Im\xa9M\xfdF\x9e|h\xa4Q72<\x06\
,\x00\x15\xfb\x14\x11\xb8\x17\x9c\x80\x99\xed\xc1q \xf2\
\xcdB\xb2\xad6\xb6W\x9b@\x8f0\xd3\xa4\x93\x19(\
\xc7\x80\x05\xa0\x1co\xdb\xd4\xd2`\x04\xa7\x83'\xb1q\
o\xa0w\x0bh\xc0\x92\xad\x94dC\xb6\xf6\x96m\xa0\
6<\xf0+Q\xea\xca\x13\x06,\x00\x13&j\x5c2\
H/\x05\xc7\x00\x89\xc1\x06L\x1f\x004e\xff\x02\xcb\
k\xc1\x9d@\xd3x\x16\xcbIy\xad\xd36\x95QY\
\xd5\xd9 \x1b@\xb6\xfc\x0e\xbfe\xaa\xba\xf5\xaf\xef\xde\
X\x00\x82{\x90\xc1{+\xb8\x08\x9c\x00^\x016\x82\
\xc7\x82G\x80IR^\xeb\xb4MeTVu\xf4\x9b\
\x05\xc1\x1e\xda|\xca\x0cX\x00R\xee}\xc7\x9e<\x03\
\x16\x80\xe4w\x01\x13\x902\x03\x16\x80\x94{\xdf\xb1W\
b`\x08\x95-\x00C\xe8E\xc7`\x06J2`\x01\
(I\x9c\xab\x99\x81!0`\x01\x18B/:\x063\
P\x92\x01\x0b@I\xe2\x5c-m\x06\x86\x12\xbd\x05`\
(=\xe98\xcc@\x09\x06,\x00%Hs\x1530\
\x14\x06,\x00C\xe9I\xc7a\x06J0\x10%\x00\x97\
\x94\xf0\xc5U\xcc@/\x18\x18\x92\x93Q\x020$\x8e\
\x1c\x8b\x19\x18,\x03Q\x02pq\x00c\xfb\x8c\xc7\xe3\
}\x02\xec\xda\xa4\x19H\x96\x81(\x01H\x96P\x07n\
\x06\xfa\xc4@\xdf\x04`\xc8?\xdd\xdd\xa7\xfd&Y_\
\x87\x16x\x88\x00,--E\x9c\x02\x88{\x9d\x06l\
V\xc60\x03f\xa0:\x03!\x02P\xdd\xad\xb9\x166\
\xf9\xbb\x80\xb9\xfcx\xa3\x19\xc8\xcd@\xa4\x00D\xcd\x02\
\x14\xdc\x16\x8b\x80h0\xcc@5\x06\x22\x05\xe0\xa4j\
\xae-\xac-\x11\xf0\xe9\xc0B\x9a\x5c\xa0.\x06\x86h\
'L\x00\x02\xbf\x07\x98\xee\x07\x9d\x0e0\x19\x18[\x08\
\xa6Yq\xde\x0c\xe4d L\x00\xb2\xf6#O\x03\xb2\
&\x96\x17\x13!\xd0\xac\xc0\x18\x8f\xcdA\x7f8\xd8<\
\x1e\x8f\x85V\xeeq\x89\x16\x80\xe8\xd3\x80\xe5\xd1?\xf5\
O$\x1a\xa3\x919\xe8\x0f\x07\xba\xb4-H\xb4\xd1\x82\
fg\xb3\xa1\x02\xd0\xd0i\xc0\xc8\x7ff \x9a\x81\x06\
\xedOf\xb3\x9b\x9bh3T\x00\xb2\x00\x9a\x9e\x05d\
\xcdza\x06z\xcd\x80\x84 \x5c\x04\xc2\x05\x80Y\x80\
\x82h\xea\xbb\x80^\xf7\xb8\x9d7\x033\x0cH\x04t\
:7\xb3\xba\xbe\x8f\xe1\x02\x90\xb9\xeaY@F\x84\x17\
f\xa0 \x03\xfa~\xa0`\x95\xfc\xc5\x1b\x11\x00f\x01\
\x9a\x01\x08\xf9=sI3\xd0\x11\x06Zv#\xf4\xf6\
\xf7F\x04@\x04\x22\x02\xfbji\x98\x013P\x98\x81\
\xb0Y@c\x02\x90\x85\xecS\x81\x8c\x08/\xcc@\x11\
\x06\xb8>\x18\xf2]@\xa3\x02\xc0,\xc0_\x08\x16\xe9\
u\x975\x03\xc1\x0c4*\x00\x8a\x05\x11\xd0\xa9\x80\xbf\
\x0f\x10\x19F\xe7\x19\xe8\x90\x83!\xa7\x01\x8d\x0b\x80\x08\
\xcdD@Y\xc3\x0c\x98\x81|\x0c\x84\xbch\xb7\x15\x01\
\xc8\xe2\xd5L \xcbza\x06\xcc@\x1b\x0c\xb4&\x00\
\xcc\x02.\x06K\x04\xed\xd3\x01Hp2\x03\x0b\x18\x08\
\x19'\xad\x09\xc0$XD@3\x01_\x1d\x98\x10\xe2\
eg\x18\xe8\x92#\x8c\x93a\x0a\x80H&8]\x1d\
\xb0\x08\x88\x0c\xc3\x0cl\xcb@\xd8\xd8h}\x060\x89\
U\x22\x00tJ\x10\x16\xec\xa4-/\xcd@\x9f\x18`\
\x5c\xe8\x00\x19\xe2rg\x04`\x12]\x16\xacD d\
\xca3i\xc7K3\xd0\x13\x064\x16\xc2\x5c\xed\x9c\x00\
(R\x89\x00\xf0w\x03\x22\xc3h\x85\x81\x8e4z\x12\
\xe3 \xec\xe8\xaf\x18;)\x00rLP\xf0`rZ\
\x10\xaa\x84j\xcf0\x03\x1da@\xb3\xdf}\xd9\xf7C\
\x07\xbfb\xed\xb4\x00\xc8AADd\xb0\x18\x88\x10c\
\xc8\x0c\xe8\xa8\xaf\xc1/\x11\x08\x8f\xb3\x17\x020\xcdB\
&\x04\x9bY.'\xb6\xe9TA\xd0\x0ca\x02\x91g\
\x8cF\xe6\xa0\x1f\x1ch\xff\xd5\xa0\xd7>\x1d~\xd4\x1f\
M\xfd\xf5N\x00\xa6|_\xce\xc2\x98n(\x12$\x0a\
\x13\x88Lci\xc9\x1c\x94\xe0`\xa9\xf9:\xda\x7f%\
\xd6\xcb\xfbt\x93\xffz/\x00M\x92\xe5\xb6\xcc\xc0\xd0\
\x18\xb0\x00\x0c\xadG\x1d\x8f\x19(\xc0\x80\x05\xa0\x00Y\
.j\x06\x86\xc6\x80\x05`h=\xeax*1\x90Z\
e\x0b@j=\xeex\xcd\xc0\x14\x03\x16\x80)2\x9c\
5\x03\xa91`\x01H\xad\xc7\x1d\xaf\x19\x98b\xc0\x02\
0E\x86\xb3i3\x90b\xf4\x16\x80\x14{\xdd1\x9b\
\x81\x8c\x01\x0b@F\x84\x17f E\x06,\x00)\xf6\
\xbac6\x03\x19\x03\x16\x80\x8c\x08/\xd2f \xd5\xe8\
-\x00\xa9\xf6\xbc\xe36\x030`\x01\x80\x04'3\x90\
*\x03\x16\x80T{\xdeq\x9b\x01\x18\xb0\x00@\x82S\
\xda\x0c\xa4\x1c\xbd\x05 \xe5\xdew\xec\xc93`\x01H\
~\x170\x01)3`\x01H\xb9\xf7\x1d{\xf2\x0cX\
\x00\x92\xdf\x05\xd2& \xf5\xe8\xff\x1f\x00\x00\xff\xff\xd2\
\xbf\xe1\xbd\x00\x00\x00\x06IDAT\x03\x00\xe3\xf9\xe4\
\x97\x9c\xc4\xfd\xe8\x00\x00\x00\x00IEND\xaeB`\
\x82\
\x00\x00\x12\xad\
\x89\
PNG\x0d\x0a\x1a\x0a\x00\x00\x00\x0dIHDR\x00\
\x00\x01\x00\x00\x00\x01\x00\x08\x06\x00\x00\x00\x5cr\xa8f\
\x00\x00\x10\x00IDATx\x01\xec\x9d[\xa8\xadU\
\x15\xc7\xd7\xce\x07\xbb@I\xd8\x81P\x14B\xb3\x07K\
\x9f\x94H\xed\x98\x89\xc7\x07+\xb0\x84\x0a\xbaYQ\xe4\
\x85\x1e\xc2H\xe1\x9c\x03\x1aI\x0f\xe1%\x8a\xcanP\
\x81%T>\xa8\x98y\xbcD\xe8\x93\x96\x0f\x99\x12(\
Jp\x92\xb0\xa0\x8b\x0f\xb2\xfd\x8f\xe3\x5c\xec\xbd\xd7Y\
{\xad\xef2\xc7\xbc|\xf3w\x98\xe3\xcc\xb5\xd6\xf7}\
s\x8e\xf1\x1bc\xfc\xf7Z{\xaf\xbd\xd7kf\xfc\x83\
\x00\x04\x9a%\x80\x004\x9bz\x02\x87\xc0l\x86\x00P\
\x05\x10h\x98\x00\x02\xd0p\xf2\x09\xbdm\x02\x16=\x02\
`\x140\x084J\x00\x01h4\xf1\x84\x0d\x01#\x80\
\x00\x18\x05\x0c\x02\x8d\x12@\x00\x1aM<a\xb7M`\
\x1e=\x020'\xc1\x0c\x81\x06\x09 \x00\x0d&\x9d\x90\
!0'\x80\x00\xccI0C\xa0A\x02\x08@\x83I\
'\xe4\xb6\x09l\x8f\x1e\x01\xd8N\x83\xdb\x10h\x8c\x00\
\x02\xd0X\xc2\x09\x17\x02\xdb\x09 \x00\xdbip\x1b\x02\
\x8d\x11@\x00\x1aK8\xe1\xb6M`1z\x04`\x91\
\x08\xf7!\xd0\x10\x01\x04\xa0\xa1d\x13*\x04\x16\x09 \
\x00\x8bD\xb8\x0f\x81\x86\x08 \x00\x0d%\x9bP\xdb&\
\xb0,z\x04`\x19\x15\x1e\x83@#\x04\xaa\x16\x80\xcd\
\xcd\xcd\x13d\x17\xc8>'; \xbbYv\x9b\xec\xc7\
\x05\xdb\xcf\xe5\xdb\xefe\x8f\xc9\x9e\x0cf\xb7\xed1;\
V\xb2\xef\xad\xfbf\xb5e5f\xb5f5g\xb5w\
B\xcdZQ\x95\x00\xa8YN\x91])\xfb\xb5\xec\x1f\
\x02\xff\x9c\xecw\xb2\xef\xc9\xf6\xcb\xae\x94}F\xf6\xc9\
\x82\xed\xa3\xf2\xed|\xd9\x19\xb2\xb7\x07\xb3\xdb\xf6\x98\x1d\
+\xd9\xf7\xd6}\xb3\xda\xb2\x1a\xb3Z\xb3\x9a\xb3\xda{\
\xcejQf5i\xb5y\x8arZ\xcd(^\x00\x04\
\xf6X\xd9\x17d\x0f\x89\xeaS\xb2\x9be\x1f\x94\x1d/\
c@\xa0\x04\x02V\x8bV\x93V\x9bOY\xad\xca\xac\
f\x8f-\xc19\xf3a7+V\x00\x04\xf0x\xd9\x0d\
r\xfc\xb0\xec;\xb2sd\x0c\x08\xd4@\xc0j\xd5j\
\xf6\xb0\xd5\xb0\xcc\x04\xa2H\xbf\x8b\x14\x00\x01\xfb\x9ah\
=+\xb3\xf9\x8d\x9a\x19\x10\xa8\x91\x80\xd5\xae\xd5\xf0\xb3\
\xa1\xa6\x8b\x8b\xa1(\x01\x10\xa4}\xb2?\x8b\x92}\xe5\
\x7f\x9df\x06\x04\xa6@\xc0j\xf9\x06\xabm\xd9\xbe\x92\
\x02*F\x00\x04\xe6\x1b\x02s\x97\xect\x19\x03\x02S\
$`\xb5}W\xa8\xf5d\xf1\xad\xda(\xbb\x00\x08\xc6\
\x1e\xd9\xddr\xf2\x1a\x19\x03\x02-\x10\xb8\xc6j^\xb6\
'w\xb0Y\x05@\x00\xde%\x00\x0f\xca.\x921 \
\xd0\x12\x01\xab\xf9\x07C\x0fd\x8b;\x9b\x00(\xf0\xb3\
\x14\xf5\xbd\xb2\xd3d\x0c\x08\xb4H\xc0j\xff\xde\xd0\x0b\
Y\xe2\xcf\x22\x00\x0a\xd8\xbe\xf2\xdf\xa9\x88\xb3?\x05\x92\
\x0f\x0c\x08\xe4$`=pg\xe8\x89\xe8~\xac[0\
\xb9\x00(P\x0b\xf8v9f\xb3&\x06\x04\x9a'`\
\xbdp{\xe8\x8d\xa40\x92\x0b\x80\xa2\xfb\xa9\xcc\x9e\xfa\
hb@\x00\x02\x81\x80\xf5\x84\xf5F\xb8\x9bfJ*\
\x00R8\xfbQ\x9f}\xf3#Mt\xec\x02\x81\xba\x08\
\x5c\x14z$\x99\xd7\xc9\x04@\x81\xd9\x1b \xf8Q_\
\xb2\xd4\xb2Q\xa5\x04\xecG\x84\xd6+\xa3\xdd\xef\xb2@\
2\x01\x903\xdf\x941 \x00\x81\xf5\x04\x92\xf5J\x12\
\x01\xd0W\x7f{?\xb4\xbd\x0bj}\xe8\x9c\x01\x01\x08\
\x9c\x1ez\xc6\x9d\x84\xbb\x00(\x10\xfbM\xa8\xeb\xdc#\
a\x03\x08L\x8b\xc0u\xa1w\x5c\xa3r\x17\x00y\xff\
e\x99\xfd2\x84&\x06\x04 \xd0\x91\x80\xf5\x8c\xf5N\
\xc7\xd3w\x9e\xd6\xf5\x9e\xab\x00H\xc1\xec\x0f\x22\x5c\xd1\
\xd5\x19\xce\x83\x00\x04v\x10\xb8\x22\xf4\xd0\x8e\x07c\xde\
q\x15\x009\xfai\x99\xfdN\xb4&\x06\x04 \xd0\x93\
\x80\xf5\x8e\xf5P\xcf\xcb\xba\x9f\xee-\x00\x1f\xef\xeeJ\
\x943\x1f\xd7*\xf6\x16\xe3_j\xcei\xcfh\xff\xd8\
\xc3\xd6\xcc\x19\x13{\xcffV[Vc\xb1s\xbbj\
=\xd7\x1er\x13\x00=u\xb1?\x8eh\x7f\x1aiU\
p1\x8e=\xaaE>+;ncc\xe3L\xd9\x07\
d\x97\xe54\xf9rH\x16{\x1c\xca\x19\x13{oX\
MYm\x9d\xa9\xc4\x1e'\xb3\x9a\xb3\xda\xd3M\xd7q\
N\xe8\xa5\xce\x9b\xf49\xd1M\x00\xe4\xc4\xc52\xcf\xf1\
\xb2\x16\xbfB\x85y\xb6\xec6\xd9\xbft\x9f\x01\x01w\
\x02Vk2\xab\xb9\xb3\xb5\x99}\x8f\xcbjQ7\xdd\
\x86[/y\x0a\xc0\x05n8f\xb3\xbfk\xeds\x95\
\x84okf@ \x1b\x81P\x83\xe7\xca\x01\xabIM\
.\xc3\xad\x97<\x05\xe0=.(f3S\xdbK\x05\
\xfe\x8fN\xeb\xb3,\x04z\x11\x08\xb5x\xa9.\xb2\xda\
\xd4\x14}x\xf5\xd2\xccE\x00\xc2k\x16{\x03Pt\
\x12Z\xf0\xea\x00\x5c7\x19\x10(\x83@\xa8\xc9\xab\x9d\
\xbc\xb1?\x91\xdf\xe9\x13\x88\xfa\xee\xef\x22\x00r\xe2d\
\x99\xc7xT\xa0y\xda\xefA\x965G\x13\x08\xb5\xe9\
\xf5\x8d\xc1w\x8cvp\xc9\x02^\x02\xf0\xb6%{\xc5\
x\xc8>\x8e)\xc6:\xac\x01\x01/\x02^5\xea\xd2\
S^\x02\xe0\xf2tE\x19\xfb\x95\x8c\x01\x81\x92\x09x\
\xd5\xa8KOy\x09\xc0\x9b\x1d2\xf4\xb8\x9eb\xf1\xa3\
>\x07\xb0,\x19\x8f@\xa8Q\x8f7\x0b\xad\xed\xa9!\
Qx\x09\xc0\x1b\x868\xb3\xe6\x1a\xfb\xa8\xb05\xa7p\
\x18\x02E\x10\xf0\xa8U\x8f\x9e\xf2\xf9)\x80Rp\x8c\
,\xf6\xf8\x7f\xec\x05Y\x0f\x02N\x04<j\xd5\xa3\xa7\
\xdc\x04\xc0\x89+\xcbB\x00\x021\x09x\xbd\x04\x88\xe9\
#kA\x00\x02k\x08\x0c=\x8c\x00\x0c%\xc7u\x10\
\x98\x00\x01\x04`\x02I$\x04\x08\x0c%\x80\x00\x0c%\
\xc7u\x10\x98\x00\x01\x04`\x02I$\x84\xb6\x09\x8c\x89\
\x1e\x01\x18C\x8fk!P9\x01\x04\xa0\xf2\x04\xe2>\
\x04\xc6\x10@\x00\xc6\xd0\xe3Z\x08TN\x00\x01\xa8<\
\x81\xb8\xdf6\x81\xb1\xd1#\x00c\x09r=\x04*&\
\x80\x00T\x9c<\x5c\x87\xc0X\x02\x08\xc0X\x82\x5c\x0f\
\x81\x8a\x09 \x00\x15'\x0f\xd7\xdb&\x10#z\x04 \
\x06E\xd6\x80@\xa5\x04\x10\x80J\x13\x87\xdb\x10\x88A\
\x00\x01\x88A\x915 P)\x01\x04\xa0\xd2\xc4\xe1v\
\xdb\x04bE\x8f\x00\xc4\x22\xc9:\x10\xa8\x90\x00\x02P\
a\xd2p\x19\x02\xb1\x08 \x00\xb1H\xb2\x0e\x04*$\
\x80\x00T\x984\x5cn\x9b@\xcc\xe8\x11\x80\x984Y\
\x0b\x02\x95\x11@\x00*K\x18\xeeB &\x01\x04 \
&M\xd6\x82@e\x04\x10\x80\xca\x12\x86\xbbm\x13\x88\
\x1d=\x02\x10\x9b(\xebA\xa0\x22\x02\x08@E\xc9\xc2\
U\x08\xc4&\x80\x00\xc4&\xcaz\x10\xa8\x88\x00\x02P\
Q\xb2p\xb5m\x02\x1e\xd1#\x00\x1eTY\x13\x02\x95\
\x10@\x00*IT\xabnnnn\xee\x0dv\xbf\xe6\
\x03f\xad\xb2\xf0\x88\x1b\x01\xf0\xa0\xca\x9a\xa3\x08\xa8\xc9\
\xad\xe9\xad\xe17\xb5\xd0\xfd\xc1\xf6j\xdeo\xa6\xe3\xf3\
q@\xf7\x19#\x08 \x00#\xe0qi|\x02\xeal\
kjkzk\xf8u\x1b\xec\x0f\xe7\xaf;\xaf\xfa\xe3\
^\x01 \x00^dY\xb77\x015\xb35\xbe}\x95\
\xefs\xad\x89\x80.\xdd\xec\x22\x18}\xd6m\xe2\x5c\x04\
\xa0\x894\x97\x1f\xa4:\xd8\x9a\x7fL\x13\xf7\x15\x8e\xf2\
\xa1$\xf0\x10\x01H\x00\x99-V\x13\x88\xd0\xfc\xb6\x81\
}\xdf\xc0^>\xd8m\xac#\x01\x04\xa0#(N\xf3\
!\x10\xa9\xf9\xe7\xce\xd9\xcb\x811\xcf\x22\xe6\xeb\x145\
{:\x83\x00x\xd2e\xed\x95\x04\x227\xff|/^\
\x0a\xccIt\x98\x11\x80\x0e\x908%>\x01\xa7\xe6\x8f\
\xef\xe8\xc4WD\x00&\x9e\xe0\x12\xc3sn~^\x02\
\xf4H:\x02\xd0\x03\x16\xa7\x8e'\xe0\xdc\xfcG\x1c\xd4\
\x1e\x93\x11\x81#\x019\xfe\x87\x008\xc2e\xe9\x9d\x04\
\xd4\x98c\x7f\xd4\xb7sA\xee\x8d&\x80\x00\x8cF\xc8\
\x02]\x08\xa4l\xfe\x8d\x8d\x8dC]|\xe2\x9c\xd9\x0c\
\x01\xa0\x0a\xdc\x09\xa4l~\x05C\xf3\x0bB\xd7\x81\x00\
t%\xc5y\x83\x08$n~\xf3\xf1\x01\xfbo\x0a\x96\
\x22\x06\x04 \x05\xe5F\xf7\xc8\xd0\xfc\x8d\x92\x1e\x1e6\
\x020\x9c\x1dW\xae \x90\xa9\xf9\x0f\xea\xf5?o\x07\
^\x91\x97\xc5C\x08\xc0\x22\x11\xee\x8f&\x90\xa9\xf9g\
4\x7f\xff\xd4!\x00\xfd\x99q\xc5\x0a\x02\xb9\x9a_.\
\x1d\x94Mf\xa4\x0a\x04\x01HE\xba\x81}r6?\
_\xfd\x87\x15\x18\x020\x8c\x1bW-\x10\xa0\xf9\x17\x80\
Tr\x17\x01\xa8$Q%\xbbI\xf3\x97\x9c\x9d\xd5\xbe\
!\x00\xab\xf9pt\x0d\x01\x9a\x7f\x0d\xa0\x01\x87S^\
\x82\x00\xa4\xa4=\xb1\xbdh\xfe\xfa\x13\x8a\x00\xd4\x9f\xc3\
,\x11\xd0\xfcY\xb0G\xdf\x14\x01\x88\x8et\xfa\x0b\xd2\
\xfc\xd3\xc91\x020\x9d\x5c&\x89\x84\xe6\xf7\xc5\x9cz\
u\x04 5\xf1\x8a\xf7\xa3\xf9+N\xde.\xae#\x00\
\xbb\x80\xe1\xe1\x9d\x04h\xfe\x9d<\xa6r\x0f\x01\x98J\
&\x1d\xe3\xa0\xf9\x1d\xe1f^\x1a\x01\xc8\x9c\x80\xd2\xb7\
\xa7\xf9\xd3e(\xc7N\x08@\x0e\xea\x95\xecI\xf3W\
\x92\xa8\x11n\x22\x00#\xe0M\xf9R\x9a\x7f\xca\xd9\xdd\
\x8a\x0d\x01\xd8b\xc1\xad@\x80\xe6\x0f \x1a\x98\x10\x80\
\x06\x92\xdc'D\x9a\xbf\x0f\xadx\xe7\xe6Z\x09\x01\xc8\
E\xbe\xc0}i\xfe\x02\x93\xe2\xec\x12\x02\xe0\x0c\xb8\x96\
\xe5\xd5\xfc\xf6\xb7\xf4r|\xa2\x0e\x7f\xc7/c\x91 \
\x00\x19\xe1\x97\xb2uh\xfe\x1c\x9f\xaaK\xf3g.\x02\
\x04 s\x02\x0a\xd9\x9e\xe6\xcf\x98\x88\x9c[#\x009\
\xe9\x17\xb0w\xf8\xea\x9f\xda\x13\xbe\xf2\xa7&\xbe\xcb~\
\x08\xc0.`x\xd8\x8d\x00\xcd\xef\x86\xb6\xff\xc2\x08@\
\x7ffS\xbb\xe2\xbd\x09\x03\xa2\xf9\x13\xc2\xee\xb2\x15\x02\
\xd0\x85\xd2\xb4\xcfI\xf5\x9d\x7f\x9a\x7fI\x1d\xe5~\x08\
\x01\xc8\x9d\x01\xf6\x87@F\x02\x08@F\xf8\x85l}\
(\x91\x1f\xfb3}\xc31Qxun\x83\x00\xd4\x99\
\xb7\x98^?\x10s\xb15k!\x02k\x00\xa5>\x8c\
\x00\xa4&^\xde~\xa9\x9e\x01\xcc#G\x04\x02\x89\x12\
&\x04\xa0\x84,d\xf4acc\xc3\x04\xc0,\xa5\x17\
\x88@J\xda+\xf6B\x00V\xc0i\xe8\xd0\xc1\x0c\xb1\
\x22\x02\x19\xa0/n\x89\x00,\x12i\xf0~x\x16\x80\
\x084\x98{\x04\xa0\xc1\xa4/\x0bY\x22`\xbf\x0d\x98\
\xfa\xa5\x80\xb9\xd2\xe43\x01\x0b\xbc\x04C\x00J\xc8B\
!>H\x04\xce\x97+\x88\x80 \xb42\x10\x80V2\
\xdd1ND\xa0#\xa8\x89\x9c\x86\x00L$\x911\xc3\
@\x04b\xd2,{-\x04\xa0\xec\xfcd\xf3\x0e\x11\xf0\
C_\xd2\xca\x08@I\xd9(\xcc\x17D\xa0\xb0\x848\
\xb8\x83\x008@\x9d\xd2\x92\x88\xc0\x94\xb2yt,\x08\
\xc0\xd1Lxd\x81\x00\x22\xb0\x00dBw\x11\x80\x09\
%\xd33\x14D \x0e\xdd\xd2VA\x00J\xcbH\xc1\
\xfe \x02\x05'g\xa0k\x08\xc0@p\xad^\x86\x08\
L+\xf3\x08\xc0\xb4\xf2\x99$\x1aD \x09\xe6$\x9b\
 \x00I0Oo\x13D\xa0\x7fNK\xbc\x02\x01(\
1+\x95\xf8\x84\x08T\x92\xa8\x15n\x22\x00+\xe0p\
h=\x01D`=\xa3\x92\xcf@\x00J\xceN%\xbe\
!\x02\x95$j\x89\x9b\x08\xc0\x12(<\xd4\x9f\x00\x22\
\xb0\x9aY\xa9G\x11\x80R3S\xa1_\x99E \xd5\
\x07\x9cT\x98\x99\xdd]F\x00vg\xc3\x91\x01\x04r\
\x8a\xc0\x00w\x9b\xbf\x04\x01h\xbe\x04\xe2\x03\xc8$\x02\
{\xf9\xe0\x91\xfe\xb9D\x00\xfa3\xe3\x8a\x0e\x042\x89\
\x80\xfd}\xc1\xe2^\x0at\xc0\x95\xed\x14\x04 \x1b\xfa\
\xe9o\x9cK\x04\xa6O6^\x84\x08@<\x96\xac\xb4\
\x84@&\x11X\xe2\x09\x0f-#\x80\x00,\xa3\xc2c\
Q\x09$\x16\x01^\x02\xf4\xc8\x1e\x02\xd0\x03\x16\xa7\x0e\
'\x90R\x04\xf4\xcd\xc0bD`8\xb14W\x22\x00\
i8\xb3\x8b\x08\xa4\x14\x01m\xc7\xe8@\x00\x01\xe8\x00\
\x89S\xe2\x11H!\x02\xda#\xc7\x87\x9b\xc4\x83\x94p\
%\x04 !l\xb6z\x95\x80\x1a\xd4\xf3\x13\x88h\xfe\
W1w\xfa\x1f\x01\xe8\x84\x89\x93b\x13p\x14\x81\x07\
b\xfb:t\xbd\x1a\xaeC\x00j\xc8\xd2D}t\x14\
\x81\x89\x12\x8b\x1f\x16\x02\x10\x9f)+\xf6 \x10Y\x04\
\x0ej\xbd\x03=\xb6o\xfeT\x04\xa0\xf9\x12\xc8\x0f@\
M\x1b\xe5{\x02Z\x87\xe6\xef\x99N\x04\xa0'0N\
\xf7!\xa0\xe6\x1d+\x02v\xbd\x8fs\x03V\xad\xe5\x12\
\x04\xa0\x96L5\xe0g\x10\x81\x83=C=\xa4\xebl\
\xf0\xdd\xff\x9e\xe0\xect\x04\xc0(`\xc5\x10P'\xdb\
\xd3x\xfbj\xdeE\x08\xce\xd7\xf9vn1\xfe\xd7\xe6\
\x08\x02P[\xc6\x1a\xf0WMm_\xd5\x0fh\xdeP\
\xb8\xd6\xe0&\x06s\xb3\xfb\xd6\xf8v\x98\xaf\xfa\x024\
f \x00c\xe8q\xad;\x01u\xf9\x5c\x0cL\x10\xcc\
\xec~\xd1\x8d\xef\x0e%\xe2\x06\x08@D\x98,\x05\x81\
\xda\x08 \x00\xb5e\x0c\x7f!\x10\x91\x00\x02\x10\x11&\
KA\xa06\x02\x08@m\x19\xc3\xdf\xa2\x09\xd4\xe6\x1c\
\x02P[\xc6\xf0\x17\x02\x11\x09 \x00\x11a\xb2\x14\x04\
j#\x80\x00\xd4\x961\xfc\x85@D\x02\x08@D\x98\
,\xd56\x81\x1a\xa3G\x00j\xcc\x1a>C \x12\x01\
\x04 \x12H\x96\x81@\x8d\x04\x10\x80\x1a\xb3\x86\xcf\x10\
\x88D\x00\x01\x88\x04\x92e\xda&Pk\xf4\x08@\xad\
\x99\xc3o\x08D \x80\x00D\x80\xc8\x12\x10\xa8\x95\x00\
\x02Pk\xe6\xf0\x1b\x02\x11\x08 \x00\x11 \xb2D\xdb\
\x04j\x8e\x1e\x01\xa89{\xf8\x0e\x81\x91\x04\x10\x80\x91\
\x00\xb9\x1c\x025\x13@\x00j\xce\x1e\xbeC`$\x01\
\x04`$@.o\x9b@\xed\xd1#\x00\xb5g\x10\xff\
!0\x82\x00\x020\x02\x1e\x97B\xa0v\x02\x08@\xed\
\x19\xc4\x7f\x08\x8c \x80\x00\x8c\x80\xc7\xa5m\x13\x98B\
\xf4\x08\xc0\x14\xb2H\x0c\x10\x18H\x00\x01\x18\x08\x8e\xcb\
 0\x05\x02\x08\xc0\x14\xb2H\x0c\x10\x18H\x00\x01\x18\
\x08\x8e\xcb\xda&0\x95\xe8\x11\x80\xa9d\x928 0\
\x80\x00\x020\x00\x1a\x97@`*\x04\x10\x80\xa9d\x92\
8 0\x80\x80\x97\x00\xbc<\xc0\x97u\x97\xbcv\xdd\
\x09\x1c\x87@\x0a\x02\x1d\xf6\xf0\xa8U\x8f\x9e\x9ay\x09\
\xc0\x7f:@\xea{\xcaI}/\xe0|\x08d\x22\xe0\
Q\xab\x1e=\xe5&\x00\xfft\x00\x7f\xc6\xe6\xe6\xe6\x9b\
\x1c\xd6eI\x08D#\x10j\xf4\x8ch\x0bn-\xe4\
\xd1Sn\x02\xf0\xfc\x96\xdfQo}8\xeaj,\x06\
\x81\xf8\x04\xbcj\xd4\xa5\xa7\xbc^\x02\xfc->\xd7#\
+~\xfe\xc8\xff\xfc\x07\x81L\x04:l\xebU\xa3.\
=\xe5%\x00\x7f\xe9\x00j\xc8)g\xe9)\xd6\x97\x86\
\x5c8\x81k^?\x81\x18&\x1dB\xa8\xcd\xb3\x9c\x82\
|\xc6c]\x17\x01\xd8\xd8\xd8\xb0\xa7+/x8\xac\
5o\x12\xe8wkf@\xa0\x18\x02\xa1&orr\
\xe8\x05\xf5\xd4\xd3\x1ek\xbb\x08@p\xf4\x0fa\x8e=\
\x1d\xa3\x05\xef\x08\xc0u\x93\x01\x81\xbc\x04B-\xde!\
/\xac65E\x1f^\xbd\xe4\xf6M@#p\x9f\xfd\
\xe7do\xd5\xba\x0f\x09|\xab/\x07\x14>#5\x81\
e\xfb\x85\x1a|H\xc7\xac&5\xb9\x0c\xb7^\xf2|\
\x06p\x97\x0b\x8a\xadEMmoU\x02\x1e\x91].\
\x9b\xfa\x8f\x08\xff\xbb\x15:\xb7r\x12\xb0Z\x93Y\xcd\
=\x22?n\x95Y-jr\x1bn\xbd\xe4&\x00\xe1\
5\xcb\xc3nH\xb6\x16\xb6o\xba\xfc@w_TR\
\x1e\x93\xfdVv{N\x93/{e\xb1\xc7\xde\x9c1\
\xb1\xf7\xa6\xd5\x94\xd5\xd6cJ\xec\x8b2\xab9\xab=\
\xddt\x1d\x0f\x87^r\xd9\xc4M\x00\x82\xb7?\x0bs\
\xaa\xc9\xde\x80q\x896\xfbHf;Y\xfb\xc7\x1e\xb6\
f\xee\xb8Z\xdf\xdfj\xcbj,vnW\xad\xe7\xda\
C\xde\x02\xf0#E\xf6o\x19\x03\x02U\x13\xc8\xe4\xbc\
\xf5\x8e\xf5\x90\xdb\xf6\xae\x02\xa0\xa7./\xc9s{\x8d\
\xa4\x89\x01\x01\x08\xf4$pk\xe8\xa1\x9e\x97u?\xdd\
U\x00\x82\x1b\xdf\xd2\xfc?\x19\x03\x02\x10\xe8N\xc0z\
\xc6z\xa7\xfb\x15\x03\xcet\x17\x00)\x98\xbd!\xe8\xfa\
\x01\xbeq\x09\x04Z&p}\xe8\x1dW\x06\xee\x02`\
\xde+\x90\xafk~B\xc6\x80@u\x0428\xfcD\
\xe8\x19\xf7\xad\x93\x08@\x88\xe2+af\x82\x00\x04V\
\x13H\xd6+\xc9\x04@\x8av\xb7b\xbeQ\xc6\x80\x00\
\x04v'pc\xe8\x95\xdd\xcf\x88x$\x99\x00\x98\xcf\
\x0a\xec\xab\x9a\xef\x911 \x00\x81\xa3\x09\xdc\x13z\xe4\
\xe8#N\x8f$\x15\x80\x10\xc3'4?)c@\xa0\
x\x02\x09\x1d\xb4\x9e\xb0\xdeH\xb8\xe5\xcc\xf5\x97\x81\x96\
\x06\x22\x85;\xac\x03\x97\xc9l\xd6\xc4\x80@\xf3\x04\xac\
\x17.\x0b\xbd\x91\x14F\x8eg\x003\x05\xfa'Ei\
o\xab\xb4\xc0u\x93\x01\x81f\x09X\x0f\x5c\x12z\x22\
9\x84,\x02`Q*\xe0\xb7\xad*\xe9\x00\x00\x02V\
IDATG5_(\xb3\xa7>\x9a\x18\x10h\x8e\
\x80\xd5\xfe\x85\xa1\x17\xb2\x04\x9fM\x00,Z\x05n\xcf\
\x04\xce\xd3m\xbe1(\x08\x8c\xb2\x088{c5\x7f\
^\xe8\x01\xe7\xadv_>\xab\x00\x98[\x02pX\xb6\
O\xb7\xf9\x11\xa1 0\x9a `?\xea\xdb\xa7\xba\xb7\
\xa7\xffY\x03\xce.\x00\xf3\xe8\x05\xc3~Dx\xb1\xee\
\xf3\x8eAA`L\x92\x80\xd5\xf6\xc5\xa1\xd6\x8b\x08\xb0\
\x18\x010\x1a\x02s\xb7\xec\x9d\xba}\xad\xcc~\x19B\
\x13\x03\x02\xd5\x13\xb0Z\xbe\xd6j[fo\x88+&\
\xa0\xa2\x04`NE\x90\xecw\x07\xec\xe3\x95l\xb6\xdf\
\x89\x9e\x1fb\x86@\x12\x02\x916\xb1\xda\xb5\x1a>)\
\xd4t\xa4e\xe3-S\xa4\x00Xx\x02f\x7f\x0a\xd9\
\x9e\x09\xec\xd1\xfd/\xcaR\xfcy1m\xc3\x80\xc0h\
\x02V\xabV\xb3{T\xc7\xf6\x95\xdf~#v\xf4\xa2\
\x1e\x0b\x14+\x00\xf3`\x05\xf0%\xd9we\xe7\xea\xb1\
SeW\xc9~#+\x16\xaa|c\xb4E\xc0j\xd1\
j\xd2j\xf3T\xabU\x99\xd5\xac\xfdA\x9c\xa2I\x14\
/\x00\xdb\xe9\x09\xea\xd3\xb2[d\x1f\x92\xbdE\xc7N\
\x94\xbd_f\x1f\xc7tP\xf3-\xb2\x1f\xca~R\xb0\
\xfdB\xbe\xdd/{\x5c\xf6\xd7`v\xdb\x1e\xb3c%\
\xfb\xde\xbaoV[VcVkVsV{'Z\
-\xca\xac&\xad6]>\xc0Cu\xe22\xaa\x12\x80\
E\x02\x82\xfe\xbc\xec>\xd9\xf7e\x07dW\xc9.\x97\
}\xaa`\xfb\x98|{\x9f\xecL\xd9i\xc1\xec\xb6=\
f\xc7J\xf6\xbd\x09\xdf\x94\x93\xdd\xe2\xb4\xda\xb2\x1a\xb3\
Z\xb3\x9a\xb3\xda\xb3O\xc1Z,\xcdj\xeeW-\x00\
\xd5P\xc6Q\x08\x14J\x00\x01(41\xb8\x05\x81\x14\
\x04\x10\x80\x14\x94\xd9\x03\x02\x85\x12@\x00\x0aM\x0cn\
\xe5!\xd0\xda\xae\x08@k\x19'^\x08l#\x80\x00\
l\x83\xc1M\x08\xb4F\x00\x01h-\xe3\xc4\x0b\x81m\
\x04\x10\x80m0\xb8\xd96\x81\x16\xa3G\x00Z\xcc:\
1C \x10@\x00\x02\x08&\x08\xb4H\x00\x01h1\
\xeb\xc4\x0c\x81@\x00\x01\x08 \x98\xda&\xd0j\xf4\x08\
@\xab\x99'n\x08\x88\x00\x02 \x08\x0c\x08\xb4J\x00\
\x01h5\xf3\xc4\x0d\x01\x11@\x00\x04\x81\xd16\x81\x96\
\xa3G\x00Z\xce>\xb17O\x00\x01h\xbe\x04\x00\xd0\
2\x01\x04\xa0\xe5\xec\x13{\xf3\x04\x10\x80\xe6K\xa0m\
\x00\xadG\xff\x0a\x00\x00\x00\xff\xff\xa68\xb3\x08\x00\x00\
\x00\x06IDAT\x03\x00\xe1h\xe9y8\x00V\x96\
\x00\x00\x00\x00IEND\xaeB`\x82\
\x00\x00(=\
\x89\
PNG\x0d\x0a\x1a\x0a\x00\x00\x00\x0dIHDR\x00\
\x00\x01\x00\x00\x00\x01\x00\x08\x06\x00\x00\x00\x5cr\xa8f\
\x00\x00\x10\x00IDATx\x01\xec\x9d\x0b\xd4oc\
\x9d\xc7_M\xc5,\x92Kfi\x8a\x12\x9a\xa4\x11r\
\x9b\xa9\x09a\x11\x95\x12N\x8aq\x0a\xdds\x89\xd6\xd0\
$\xb7&fE.5\xddP\xc7P:H\xa9\x88\x85\
\x0eM\xcd\xb8\x85L\xd2\x84\x88\x9a\xac\x91\x92X\xe3t\
q\xfa~^\xcf\xff\xbc\xefy\xcf\xff\xb2\x9f\xbd\x9f\xdf\
\xb3o\xbf\xb3\x9e\xdfy\xf6\x7f\xefg\xff.\xdf\xdf\xe5\
\xdd\xd7g?e\xca\xff9\x02\x8e@o\x11\xf0\x02\xd0\
[\xd7\xbb\xe1\x8e\xc0\xd4\x94\x17\x00\x8f\x02G\xa0\xc7\x08\
x\x01\xe8\xb1\xf3\xdd\xf4~#\x80\xf5^\x00@\xc1\xc9\
\x11\xe8)\x02^\x00z\xeax7\xdb\x11\x00\x01/\x00\
\xa0\xe0\xe4\x08\xf4\x14\x01/\x00=u\xbc\x9b\xddo\x04\
\x06\xd6{\x01\x18 \xe1\xbd#\xd0C\x04\xbc\x00\xf4\xd0\
\xe9n\xb2#0@\xc0\x0b\xc0\x00\x89\x0e\xf6K\x96,\
y\xbahm\xd1\xdf\x88\xb6\x10m+\xdaY\xf4:\xd1\
\x1e\xa2=\x03\xb1\xcc:\xb61\x86\xb1\xec\xc3\xbeO\xef\
 4nR@\xc0\x0b@\x00\xa2m\x9d\x12wE\xd1\
\xc6\x22\x12\xf7`\xf5\xa7\x88\x16\x8a\xfeCt\xa7\xe8\xb7\
\xb2i\xb1\xe8\x97\xa2\x1f\x8bn\x14]#\xba\x5ct\x89\
\xe8+\xa2\x0b\x03\xb1\xcc:\xb61\x86\xb1\xec\xc3\xbe\x8b\
\xe1%\x82'\xbc\x91\x81,d\x22\x1b\x1dV\x14\x1fo\
-A`\xb6\x9a^\x00f\xa3\xd1\xd0e%\xdfF\xa2\
}D\x1f\x15}]t\xa7T}\x5c\xf4C\x11\x89{\
\xba\xfa\xf7\x8b\xf6\x16\xbdB\xb4\x81hUQ\xaa\x06/\
x\xc2\x1b\x19\xc8B&\xb2\xd1\xe1qt\x12\xa1\x1b:\
\xa2\xebF\xa9\x84;\x1f;\x04\xbc\x00\xd8a[\x8a\xb3\
\x92\xe8Y\x22\xfe\xb2\x92HWk\x99\xbf\xe4?\x12\xb3\
/\x89\x8e\x12\xbdVD2\xaakTC'tCG\
t\xfd\x11\xba\x8b\xb0\x01[\xb0\xe9Y\x8d\xd2\xd8\x95\xf1\
w\x01\xea\x8e\x01%\xc8\xca\x22\x92\xe3T\xf57K\x9f\
\x07E\xfce%\x91^\xa5e\xfe\xfa\xaakeCw\
l\xc0\x16lz\x10\x1bE\xd8\x8a\xcd+\xb7\xd2\xaa\x0e\
)\xedG\x0058S\x09\xc0!\xfd\xe1\xea\xaf\x94\xf8\
GE$\xc7\xa1\xea7\x13u\xbda#\xb6b\xf3\xa3\
` \x02\x0b?e\xc8\xe0\xf9\xb9\x22\xbc\x00\xccE\xc4\
\xe8\xb7\x82|s\xd1\xf1\xa2\x1fH\x04\x87\xf4'\xab\xdf\
Q\xd4\xf7\x06\x06`\xc1)\xc3\x0f\x84\x0f\x18m\xdew\
Pr\xd9\xef\x05\xc0\x10i\x05\xf3\x86\xa2\x0f\x89H\xfa\
\xefK\xd4\xd1\xa2MD\xde\x86#\x006`\xf4}0\
\x13\x81\xdd\x86\xc3\x87\xfa\xda\x14\x08x\x01H\x81\xe2,\
\x1e\x0a\xda\xa7\x88\xf6\x17qx\xff\x13m:AD`\
\xab\xf3\x16\x81\x00\x98\x81\xddO\xc0R\x04\xa6\x1e\xaf\x11\
\x00\x16\x19\xea\x80\x16A\xa9\xc0\x18\x05\xe8&\xa2S5\
\xf4!\xd1\x02\x11\x87\xb6\xea\xbc%@\x00,\xc1\xf4!\
0\x16Q\x1c\x12\xb0\xed\x17\x8ba\xd6z\x01\x18\x86J\
\xc4:\x05#W\xb3\xbf\xa9]8\xcc\xe7\xe2\xd6jZ\
\xf6f\x83\x00\xd8\x821\xd7\x0a\xbe\x09\xf66b\xfa\xc3\
\xd5\x0b@I_+\xf8\x0e\x14q\xdb\x8e\xab\xd9\xbb\x95\
d\xe3\xbb\x95G\x00\xcc/\xc1\x07\xa2\x03\xcb\xb3\xe9\xf7\
\x9e^\x00\x22\xfd\xaf`;D\xf4S\xedv\xa6\x88[\
Z\xea\xbc\xd5\x88\x00>8\x13\x9f\x88\x0e\xa9Q\x8fV\
\x8a\xf6\x02P\xd0m\x04\x97\xe8>\x0d?M\xb4\x9e\xc8\
[\xb3\x10\xc0'\xa7\xe1#\x91\x17\x829\xbe\x19\xf5\xd3\
\x0b\xc0(d\xc2z\x05\x13\x87\xfaw\xe9'\x89\xbf\x8e\
zo\xcdF\x00\x1fQ\x08\xee\xc2w\xcdV\xb5~\xed\
\xbc\x00\x8c\xf0\x81\x82\x87\x8b{7h3\x87\xfa\xeb\xab\
\xf7\xd6.\x04\xf0\x19\xa7\x067\xe0\xcbv\xa9\x9eO[\
/\x00s\xb0V\xb0p;\xefb\xad\xe6\xe2\xde\x96\xea\
\xbd\xb5\x1b\x01|\xc8\xc5\xc2\x8b\xf1m\xbbMI\xaf\xbd\
\x17\x80\x80\xa9\x82\x83\x07xN\xd4On\xe7\xbdA\xbd\
\xb7n!\x80O\xb9}x\x22\xbe\xee\x96i\xe3\xad\x19\
\xb7\xd5\x0b\x80\xd0Q@\xec\xa5\x8e\xa7\xf6\x8eT\xef\xad\
\xdb\x08\xe0c\x9e.\xc4\xe7\xdd\xb6\xb4\x80u\xbd.\x00\
J|\xa6\xbc:W8] \xe2\x9cQ\x9d\xb7\x1e \
\x80\xaf/\x90\xff\xcf\x15\xad\xdd\x03{G\x9a\xd8\xdb\x02\
 \xc7\xef/Tn\x17\xed+\xf2\xd6O\x04\xf0\xfd\xed\
!\x16z\x89@\xef\x0a\x80\x9c\xbd\x86\x88\xbf\xfa<[\
\xbeF/\xbd\xeeF\xcfF\x80\x18X@L\x88X\x9e\
\xbd\xad\xf5\xcb\x93\x0c\xe8U\x01\x90\x83_'@n\x15\
Q\xf9\xd5u\xaa\xfdN\xd6p\x01\x93\xbb\x17\x9f\xd42\
\xb3\xf0\xbcU\xfdkD\x7f'b\xc2\x8d\xe7\xaa_]\
\xf4\x97\xa2\xa7\xae\x10\xfe\xb1,b\x1d\xdb\x18\xc3X\xf6\
a_x\xc0\x0b\x9e\xf0F\x06\xb2\xb4K\xa7\x1a1q\
k\x88\x91N\x196\xce\x98\xde\x14\x009\x96+\xfc\x04\
0\x0f\x8a\x8c\xc3\xa4\xe9\xdb\xfe$\x05\x99\xb5\xf7,\xf5\
<\xf1\xc6\x9br\xcfU.\xaf*\xdaT\xf4z\xd1\xfb\
D'\x89\x16\x88.\x15]'\xfa\xb1\xe8\x17\xa2\x87E\
\x8f\x8b\xe0#\x16SS,\x8bX\xc76\xc60\x96}\
\xd8\x17\x1e\xf0\x82'\xbc\x91\xc1T_\x14\x0ad\xa3\x03\
\xba\xa0\xd3R\x9eS\xed\xfcGlp\xcb\x90Xi\xa7\
\x05\x91Zw\xbe\x00(\xf1\xd7\x13\xf1n>W\x7f#\
\xe1i\xc4\xf0\x07\xa4\xc5E\xa2\xc3D\xfcU^Q\xc9\
\xba\x95\xe8 \xd1\x19\xa2\xabE\xbf\xd0\xb6\xac\x0d\x99\x22\
d\xa3\x03\xbal%\x05\x98\x1e\x1c\x1d\xd1\x15\x9d\xd1]\
\xab[\xd7\x8e$fD<^\xdc:\xe5c\x14\xeet\
\x01\x90\x039\xe4\xe7i>\xfeR\xc5\xe0R\xf7\xd8+\
\xa4\xc0\x11\xa2\xcd\x94d\xcf\x16\xed%:M\xc4_\xe5\
\xc6\xfe\x95\x95~\x7f\x12\xa1#\xba\xa2\xf3\xb3\xb1A\x84\
-\xd8\xa4\xc5\xd64b\xa6\xd5O\x11\x16A\xba\xb3\x05\
@\xc9\xffO\x02\x80C\xfe6LE\xcd9\xf5y\xd2\
w\x9eh\x15%\xd1.\xa2SD\x5c\xaf\xd0\xaa\xf66\
l\x10a\xcb.\xb2b\x15\x116b+6\xebg\xa3\
\x1b\xb1\xc3)\x01\xb1\xd4hE\xcb*\xd7\xc9\x02\xa0\xe4\
\xe7\x9c\xf4\xa4\xb2\xa0d\xdco\xa1d\xed\xa9\x04\xe1\xfc\
}?\xf5\x17\x88\x1e\xd3\xbaN6l\x13a#\xb6r\
\x1daO\x19\x0a\x06\xea\x1a\xddN\x0a1\xd5h%\xcb\
(\xd7\xa9\x02 '\xf1`\xcf\xd5\x02\xe2\x00QS\xdb\
\xf5R\xec\xbd\xa2\xd5\x95\x0co\x12\xf1Y.\xfd\xec_\
\xc3v\xd1\x9bd9w\x1f\xc0\x04l\xf4\xb3\x91\xed\x00\
\xc5\x17\x1f9\xe9\xd4\x83C\x9d)\x00r\x0eSI_\
\xab\xd0\xe1C\x14\xea\x1a\xd7>/\x8d^\xa1\x80\xdfF\
\xf4o\xa2\x87\xf5\xdb\x9b\x10\x00\x0b\x11\x98l\xa3\x9f|\
~\x0c\xac\xb4\xd8\xb8Fl]\x1bb\xadq\xca\xcdV\
\xa8\xe8r'\x0a\x80\x1c\xc2\xf9\xe5\x22\x19\xfdBQ\x93\
\x1a_\xf99N\x0aq!\xef\x00\x05\xf9\xf7\xb4\xecm\
\x0c\x02`$\xe2\x08\x8e\x0b\x88`\x07\x86c\xf6\xc8\xbe\
\x89\x18[\x14b.\xbb\xf0\xd4\x02[_\x00\xe4\x88}\
\x04\xca\xb7D\x9cS\xaakD\xfb\x99\xb4\xe0V\x18\x89\
\x7f\xac\x02\xba\xad\xb7\xc3dF=\x0d\xccD\xc7J:\
\x85\x00,\xef\xd5rS\x1a\xb1\xf6\xad\x10{M\xd1\xa9\
\x94\x1e\xad.\x00r\xc0\xdbe5\x1f\xa2T\xd7\x88v\
\xbf\xb48D\x81\xfb|\x11\xb7\xc2\x1a{\xcbNz\xb6\
\xa2\x09Gn-\x82%\xf7\xe4y\xe8\x08\x8c\x9b\xa2\xfb\
\x97B\x0c6E\x9fh=Z[\x00\x04<\xc1\xf0\xd9\
h\x8bmv\xe0\x96\xd6Q\x0a\xd6uEg\xd8\x88p\
\xae`+ZWH\xf0h2\x98k\xb1\xf6\xf6\xd9\x10\
\x8b\xb5+2P \xa6oe\x01\x10\xe0\x87\xcbH\xe6\
\xe8SW{;]\x1a\xac\xa7\xc0l\xc3mG\xa9\xda\
\xfe\x16\xb0\xe6\x88\x00\xec\x9b`\x10s\x10\x12\x93M\xd0\
%J\x87\xd6\x15\x80\x90\xfc|L2\xcaP\x83\xc1\x97\
\x89\xe7\x16\x0a\xc6CE|\x0dH?\xbd\xe5B\x00\xcc\
E|$d\x0b\xc9\xc4\x17\xeajm'\x87\xd8\xacU\
\x89X\xe1\xad*\x00\x02\x98\xc3\xfe\xba\x93\x9f\x0bzo\
U\xf0\xed&\xe2\x83\x9f\xb1\x98\xfb\xf8\x84\x08\xe0\x03\x11\
\x1f\x09\xe1\xadE|\x93\x90{4+\x8a\x001\x1a\xbd\
c];\xb4\xa6\x00(\xf9\xb9\xe0W\xf7a?O\x18\
n\xa4\x80c.\x81\xba|\xe6r\x87 \x10|\xc2k\
\xcc\xf8h\xc8\x88l\xab8\x1d V\xb3\x09\x9c-(\
v\xb9\x15\x05@\xc9\xcf\xad\xbe:/\xf8q\xe5\x99G\
vy\xeb\xcd\x1f\xe0\x89\x8d\xb2L\xe3U\x04x\x9d\xf9\
 \x89\xe3\x11c|\xa6\xc5Z\x1a\x17\x06\x89\xd9Z\x84\
\xc7\x08m|\x01P\xf2\xf3\x90O\x9d\xb7\xfaxqe\
\x13\x05Wo\x1f\xd9\x8d\x09\xa8&\x8c\x0d\xbe\xdaD\xba\
\xe0;u\xb54n\x11\x12\xbb\xb5\x08/*\xb4\xd1\x05\
@\xc9\xcf\xe3\xbdu\xbe,\xf2.\x05\x13/\xae\xf8_\
\xfd\xa2\x11\xd5\x90q\xf2\x1bG\x03\xfbI\x9dw\x89\xea\
j\x0bC\x0c\xd7%\x7f\xa2\xdc\xc6\x16\x00\x01\xc7K\x17\
\xe7\xcb\x02\x9e\xbaR\x97\xb5\xf1\xd5_\xae\xf0\x7f&\xab\
T\x17\x96\x1c\x01\x15\x02|\xc8\x9d\x02|\x9a\x9c\xff\x04\
\x86\xc4\xee\xf9!\x96'\x0c\xad\xbe\xb9\x0c\x87\xc6\x16\x00\
\x19\xf3E\x11\xcf]\xab\xcb\xda\xce\x914f\xdc\xf1+\
\xfc\x02\xa2\x0bME\x00_2c\x11\xbe\xcdm\x121\
L,\xe7\x96[H^#\x0b\x80*&Wry\xf3\
\xaa\x90\x11\x09\x07\xf14\xdf|\x05\x8c?\xc2\x9b\x10\xd4\
&\xb0\xc2\xa7\xa2\xf9\xd2\x85\xa7\x08\xd5em\xaf\x0a1\
\x9dUh\x11a\x8d+\x00\x02\x8a\xd9Wx\x1b\xac\x88\
\xfe\xa9\xc6\xfcA\x8c\xe6)@\xfci>\x01\xd1\xe5\x16\
|\xcc\xacD\xf8<\xa7\xa9\xcc'@l\xe7\x949Q\
V\xa3\x0a\x80\x92\x9f9\xfcr'!o\xee\xbdR\x81\
\xc1\xd7\x81&\x02\xe6\x03\xda\x8f@\xf0\xf5+eI\xee\
7\x0c\x99Y\x88\x18\x97\xe8\xb4\xad,\xb7\xc6\x14\x00%\
?\xcfv\x9f]\xd6\x90\x92\xfb1\x95\xf5v\x0a\x88\xeb\
J\xee\xef\xbb\xb5\x14\x81\xe0\xf3\xed\xa5>1\xa0.[\
;;\xc4z6\x81\xe3\x045\xa6\x00H\xc9\xcf\x89\x98\
\x84Q]\x96v\x95\xa4\xec\xa8@\xc8\xfdW@b\xbd\
5\x01\x81\xe0\xfb\x1d\xa4\x0b\xb1\xa0.K#\xc6\x89\xf5\
,\xc2&\x09iD\x01PE\xe4C\x0cL\xc3<I\
\xdfT\xdb/\x91\xf3w\x12=\x92\x8a\xa1\xf3i'\x02\
\x8a\x81\xdf\x89v\x92\xf6\xcc \xad.K\xdb1\xc4|\
\x16a\xe3\x84\xd4^\x00\x04\x04\xe7D9?\xdaq\x91\
\x1c\xfe\xfaq\xa0\xf8\xb6\xfe!\x10b\x82\x8f\x99\xe42\
\x9e\x8f\x8f\x10\xfb\x95\xe5UaPk\x01P\xf2\xaf!\
\xe5\xf9\xe6\x9c\xba,\x8d\xe4\xdf+\x8b$\x17\xd2:\x04\
T\x04\x88\x8d\x9cE\xe0\x93!\x07j\xc3\xaa\xd6\x02 \
\xab\x99\xd0\x81\xef\xb1i\xd1\xbcq\xd8\x8f\x83\xcd\x05\xb9\
\x80\xf6\x22\x10\x8a@\xae\xd3\x01b\x9f\x1c\xa8\x0d\xb0\xda\
\x0a\x80*\xdf\xfe\xb2\x9a/\xb2\xaa3oW\xc9\xb1~\
\xd8o\x0es7\x04\x84X\xc9uap\xdf\x90\x0b\xb5\
\x80WK\x01\x90\xc1<\xe7\xff\xf1L\x16s\x9bg\x8f\
L\xb2\x5cLw\x10x\xa3L!v\xd4\x99\xb7\x8f\x87\
\x9c\x88\x16Tu\x87Z\x0a\x80\x94\xfe\x98\x88\xf3\x7fu\
\xa6\x8d[|{\xab\xa27e\x02ISc\x9dy:\
\x04\x143\xdc!\xda[\x1cyPL\x9di#\x17\xc8\
\x09S!\xc3\x98g/\x00\xaat\x9c\x87\xe78\xf4\xe7\
Q\xcf}\xe4H\x8a\xc00\xdb}\x9d#0\x16\x81\x10\
;|\xba\x8cX\x1a;6\xc1FN\x05\xc8\x8d\x04\xac\
\x8a\xb3\xc8Z\x00\x94\xfc\xc8\xe3\x9e\x7fq\x0d\xcb\x8f\xdc\
W\x0e\xf4'\xfc\xca\xe3\xe7{\x0a\x81\x10C9\xfe`\
I\xda\xd4\x89!GX\xceB$d\x16AA\xc8\xbf\
\xa8__d\xddx\xab\xcf\x9f\xed\xb7F\xb9'\xfcU\
\x04\x88\xa5\x1co\x11\x92\x1b\xe4H!dS\x0c\xcaV\
\x00T\xd9\x98\xa2)\xc7\x03?\xe7\xc8a\xb9_(J\
\xe1\x0b\xe7\xd1`\x04BL\xe5\x98O\x80\x07\x84\xc8\x95\
,hd+\x00\xb2\x86\xef\xbc\xa93m\xcc\xfa\x92\xfb\
UbS\x83\x9cy\xa3\x10 \xb6\x881k\xa5r\xe4\
\xca\xb4\x0dY\x0a\x80\xfe\xfa\xf3\xc8\xe3\x1b\xa6%\xda\xfe\
\xf7vUj\x9f\xcc\xc3\x16\xe3\xder\x0f\xb1\x95c\xca\
\xef7\x84\x9c1\xc7:K\x01\x90\x15\x1f\x12Y7&\
\xf0d\xea'k9\xce\xbf\xc7\x08\xa8\x08\x10c9&\
\x1a\x1d\x9b3\xa9\x5c`^\x00T\xc9\x0e\x94\xb2[\x8a\
,\xdbyr\x0c\x93?Z\xcap\xde\x8e\xc04\x02!\
\xd6\xac\xa7\x1c\xdf2\xe4\xce\xb4L\xab\xff\xcc\x0b\x80\x14\
\xb7\xbe\xf0\xc7\x07 \xde'9\xde\x1c\x81\x9c\x08\x10s\
\xc4\x9e\xa5L\xeb\xdc\x992-\x00\xaa`|'\x8d[\
\x1b\x96 \x1d\xa6\x8a\xec\xf3\xf6\x97@X\xfe\xd9\x0e*\
\xb1k\xefw\x091w\x981\x10\xeb\xcb?\xe4\x90\x99\
\x18\xd3\x02 \xad\xad?\x99|\x96\x1c\xe1_\xec\x11\xd0\
E\x9a\x82\x89\x84_\xa4\x1eZ\xa2}\x16A\xfaMc\
\xdd\xb1Z\xc8v\x05Z\xb2[\xddB\xec1\x83\xb5\xa5\
\x1d\xcb\xe5PJaf\x05@\x81D\xe5\xe2u\xc7\x94\
\xfa\xce\xe6\xf5\x80~|@\xe4\xad\x00\x02\xf2\x07\x89M\
\xc2o\xa7\xe1\x90\xbae\x1a\xeb\x8e\xd1\x9ac\xc2X-\
z+\x80\x001H,\x16\x18Zj\xc8:\xf2\x07\xb9\
Tj\xe7I;\x99\x15\x00\x096SZ\xbci<\xed\
\xe7\x87\xfe 1\x86\x14<\xd3\x7f\xf55\x84\xe4VW\
\xa8Q\x04\xb4\xeb\x12\x8aF\xa1\x1d\xfa:HG\x01\xc4\
\xa0\xf5S\x82f\xb9dR\x00\x149\x5c\xf9g\x96_\
\xab\xb8\xb8L\xc0/\xb0b\xde1\xbe\x83\xbf\xfae\xcc\
\xa2\x10x\x11\x98\x80\x5c\x88\xc5\xcb&\x0c\xab\xb2y\xbd\
\x90SUx\x0c\xdd\xd7\xa4\x00H\xd2\xbbE\x96\xed\xc3\
\x96\xcc\xbb\xc2[A\x93\x22y\xbd\x08\x14\x0b\x08\xeb\x98\
\x9c\xce\xa9b\xaa\x14\x1f\x95\xbc\x00(\xe8x\xeao\xb3\
\xe2*D\x8f<]\x15\x97\x871\xa2w\xec\xd3\x0e\xf2\
\x03\xc9\x1fs\xd8?\x0e\x1e/\x02\xe3\xd0\xd1\xb6\x10\x93\
\x96\xd3{m&\x9f\x92[\x92\x96\xae%/\x00R\xcd\
\xf2QI&\xf68A2\xbcMF U\xf2\x0f$\
y\x11\x18 1\xba'6\x89\xd1\xd1#\xaamI\x9e\
[I\x0b\x80*\x14o1\xedV\xcd\xc6\xb1{\x7fT\
\x95\xf6\xa1\xb1#|\xa3%\x02^\x04\xc6\xa0\x1bb\xf3\
\xa3c\x86T\xdd\xb4[\xc8\xb1\xaa|\x96\xee\x9f\xb4\x00\
\x88\xeb[EV\xed~\x01\xec\xaf\xf9\x16@WA\xc2\
\xe1\x7f\x81\x91\xa5\x86x\x11\x18\x03[\x88Q\x93'\x04\
\x83\xd8\xa49\x96\xac\x00(\xe8\xe05?(i\xd1\x9d\
l\xc1\xd4y\x96B\xc0\x8b\xc0x\xd8,cu~\xc8\
\xb5\xf1\x1a\x14\xdcJ\xd2\x16\x1c:q\xd8~\x1a\xb1\x9a\
\xc8\xa2\xdd\xab\xcaz\x86\x05\xe3\x8e\xf2\xdc6\x83]^\
\x04F\x80\x1cb\xd5j2Qr\x8c\x5c\x1b!=n\
u\xca\x02`9o\x9a\xe5\xd5\xd58\xc4\xda1\xfa\xb8\
Ljz\x11\x18\x0d\xf4i\xa37U\xde\x92,\xd7\x92\
\x14\x00\x1d\x92l(\x93\xac>\xee\xf9\xa0x\x7fB\xe4\
\xad\x99\x08x\x11\x18\xee\x17b\x96\xd8\x1d\xbe5r\xed\
\x9c\xe1;\x86\x9c\x9b\xb3:\xfeg\x92\x02 \xb1\xf3D\
V\xedS:\xa4\xf2Y~\x22\xd0\x15^\xd7D\x0cO\
1\xd4\x8b\xc0\x1c\x14\xe5\x03b\xf6SsV\xa7\xfc\x99\
$\xe7R\x15\x00\xcb\xf9\xcc}\xa2\x8fra\xe3E\xa0\
\x1cn)\xf7\xb2\x8c\xdd$9W\xb9\x00\xe8Pds\
!\xc6\xfd\x7fu\xc9\xdb\xe7UI-\xdf\xb4J\xaep\
\x83\x18\xe6\xba\x0e0\xdbd?\x12\x98\x85F\x88\xdd\xcf\
\xcfZ\x95rq\x93\x90{\x95xV.\x00\x92n\xf9\
\xd1M+\xf0\xa4v\xb7\x9b\x82\x8f#\x00/\x02\xf5\xbb\
\xb9r\x0c\x8f1\xa1r\xee\xa5(\x00\xbb\x8fQ\xb0\xca\
\xa6\xeb\x15\xc4\xdf\xab\xc2\xa0\xef\xfb\x0a?\x1e\x08\xa2\x10\
\xe4\x86\xc2\x8f\x04\x02\xe2\xf2\x011|}\xf8\x99\xba\xab\
\x9c{\x95\x0a\x80\x0eA6\x92EV\x87\xff\xe7\x8a\xb7\
\xb7\x8a\x08(\x00\xb7\x17\x0b/\x02\x02\xa1\xc6f\x15\xcb\
\x9c\x06\x90\x83\xa5M\xabT\x00$uW\x91U\xfb\xa2\
\x15\xe3\xbe\xf1\xf5\x22P\xbb\xc7-c\xb9R\x0eV-\
\x00\xbb\x18A\xbbPA\xcbL+F\xec\xfb\xc7Vx\
\xfa\x91@Mn\x17\xf6\xc4\xf2\xc22\xe2\x0b\xecS)\
\x07K\x17\x00\x1d\xfe\xaf,\xe5\xac\x1e\xfe\xb9P\xbc\xbd\
%F@\x81\xe8E 1\xa6\x11\xec\xacb\x9a\x87\x82\
\xc8\xc5\x08Uf\x86\x96.\x00b\xb1\x83\xc8\xa2\xfdN\
\x81\xea3\xfdZ +\x9e\xc2\xd6\x8b\x80p\xc8\xdd\x84\
;1m5W@\xe9\x5c\xacR\x00\x08$\x0b\x1c/\
\xb1`\xea<g\x10P0\xe2;\xbf08\x03I\xae\
%\xab\xd8\xc6\x9f\xa5l\xa8R\x00\xac\xde8\xfbF)\
K|\xa7(\x04\xbc\x08D\xbe\x17*h\x00\x00\x10\x00\
IDAT\xc1\x95jpTlG\x08-\x9d\x8b\xa5\
\x0a\x80\xce\xff\x9f%\xe5\xac\xe6\xfd\xbbT\xbc\xbde@\
\xc0\x8b@\x06\x90\x97\x15a\x15\xdb\xcc\x17HN.+\
\xad\xc0\xafR\x05@|\xff^d\xd1\xaePP>f\
\xc1\xd8y\x0eG@xs\xf8\xe8\xa7\x03\xc3\xe1I\xba\
VX\x13\xdbW$e:\xc3\xacTN\x96-\x00\xdb\
\xcc\xc8M\xbateRn\xce\xac\x10\x02\x0aL/\x02\
\x85\x90J2\xc8*\xc6K\xe5d\xd9\x02\xb0u\x12(\
\x96gr\xf5\xf2\xab|M\x0e\x04\xbc\x08\xe4@yZ\
F\xa1\x18\x9f\x1e\x19\xf7_\xa9\x9c,[\x00\xb6\x88\xd3\
\xad\xd0\xe8\x07\x14\x84\xb7\x16\x1a\xe9\x83L\x10\x10\xfe~\
$`\x82\xec\x0cSaL\x8c[\xbc\xe1Z*'\xa3\
\x0b\x80.\x00\xf2\xec\xf1\xaa3&%[\xfan2N\
\xce\xa84\x02\x0aP/\x02\xa5\xd1+\xbc\xa3E\xac\xaf\
\x1ar\xb3\xb0\x12\x0c\x8c.\x00\xdaiS\x91E\xe3\xad\
)\x0b\xbe\xce3\x12\x01/\x02\x91\x80\xc5\x0f\xb7\x8a\xf5\
\xe8\xdc,S\x00\xfe6\xde\xdeB{\x5cWh\x94\x0f\
\xca\x82\x80\x17\x01S\x98\xc7\xc6z\x05\xc9\xd1\xb9Y\xa6\
\x00\xbc\xa4\x82\x82\xa3ve\xfe\xb4\x1bGm\xf4\xf5\xf5\
 \xe0E\xc0\x0cwb\x9d\x98O- :7\xcb\x14\
\x00\xae\x01\xa4V\xfcf\x05\x9b\x05 \xa9\xf5\xec\x1d?\
\xf9\xc5\xaf\x09$\xf6\xba0%\xd6oN\xcc\x16v\xd1\
\xb9\x19U\x00t\x91aEI\xd9@\x94\xba\xfd 5\
C\xe7\x97\x0e\x01\x05\xac\x17\x81tp\x0e8Y\xc4\xfc\
\x06!G\x072&\xf6Q\x05@\xdc,\x92_l\xa7\
\xfe\x9b\xff\x9c\x9a\x8b\x80\x17\x81\xe4\xbe\x19\x1a\xf3\x09\xa4\
D\xe5hl\x01X?\x81\x82\xc3X\xdc>l\xa5\xaf\
k\x16\x02^\x04\x92\xfa\xc3*\xe6\xa3r4\xb6\x00<\
?)\x043\xcc~<\xb3\xe8KMF\xc0\x8b@2\
\xefX\xc5|T\x8e\xc6\x16\x80\xe7%3\x7f\x86\x11\x13\
\x80\xfcb\xe6\xa7/5\x1d\x01/\x02\xd5=$\x0c\x89\
y\x8b\x09B\xa2r4\xb6\x00<\xb7\xba\xe9\xcbq\xf8\
\xe9rk|E\xe3\x11P\x00\xfb\x85\xc1\xea^Z&\
\xf6\xab\xb3\x9b\xe6\x10\x95\xa3\xb1\x05\xe0\xaf\xa7E\xa4\xfd\
\xef\xde\xb4\xec\x9c[.\x04\xbc\x08TF\xda\x22\xf6\xa3\
r4\xb6\x00\xac]\xd9\xe4\xe5\x19\xdc\xbf\xfc\xaav\xad\
\xd1\xad\x97\x15D\xdb\x8b\x8e\x14}Z\xb4\xa0Et\xac\
t-M\xf2\xd4\xcfD\x0f\x8ar\xb7.||\xc4\x22\
\xf6\xa3r4\xb6\x00\xfc\x95\x81\x979\x172`k\xcf\
R\x89\xb3\xa2\xe8xIzH\xf4m\xd1\x89\xa2w\x8a\
\xf6o\x11\x1d#]\xab\x10\xb6\xae%\x1eu4\x8a\x00\
\xf8\xd7!;\x85L\x8b\xd8\x8f\xca\xd1\xc2\x05@\x81\xfe\
tYl\xf1\x16\xa0\xc5\xab\x91R\xd5\xb6\x09\x0ffb\
\xe5V\xce\xd1\x92\xb4\xba\xc8[=\x08\x1c-_\x9cS\
\x8f\xe8\xcaR\x97\xc6~eN3\x0cx+\x90\x5c\x9d\
Y3f\xa9p\x01\x10\x8f5D\x16\xad\x8e\xc3\xc7J\
v(\xe0\xf6\x10\x83\xabDQ\xf7\x5c5\xde\x9b\x0d\x02\
\xff(\x9fP\x88m\xb8\xdbq\xb5\x8a\xfd\xc2\xb9\x1aS\
\x00\x9ei\x84\x03\x87\xcfF\xac\xd3\xb3U\xa0\xbdL\x5c\
\x99\xe3]\x9d\xb7\x06!p|\xf0M\x83T\x9a\xa8\x8a\
U\xec\x17\xce\xd5\x98\x02\xf0\x8c\x89\xe6\x94\x1b\xc0g\x93\
\xca\xedY\xcf^\xa7\xd5#\xd6\xa5\x16@\xe0\xe2\x02c\
\x9a4\xc4*\xf6\x0b\xe7jL\x01(\xfd\xf9\xa1\x09\x88\
[<\x0c1Ad\xb9\xcd\xfa\x0b\xf3f\xed\xf9\x0a\x91\
\xb7f\x22\xb0\xae|tB3U\x1b\xaa\xd5t\xec\x0f\
\xddRme\xe1\x5c\x8d)\x00+U\xd3i\xe4\xdeL\
\x95<rc\xc36\xcco\x98>\xae\xce\xf2\x08\xbcg\
\xf9U\x8d]c\x15\xfb\x85s5\xa6\x00\xf0*\xb0\x05\
\x92\x8f[0M\xcdS\x7fY8\xac\xda)5_\xe7\
\x97\x1c\x81\xd5\x83\xaf\x9236`h\x15\xfb\x85s5\
\xa6\x00<\xd5\x00\x00X\xfe\x81\xffZ@\xd1\xd3-\xb5\
\xc0\xa6\xae\xaa\xd8\x16_Y\xc5~\xe1\x5c\x8d)\x001\
c\x0b\x07\xd6\x0a+\xac\xc0\xec(\x85\xc7\xd780\xea\
\x09\xab\x1a\xf5t\xd1SS<\xa3\xd1x\x1c\x88}#\
%\x0b\xe7j\xe1\x81F\x8a:[G\xc0\x11\xa8\x11\x81\
\x98\x02\xf0\x84\x85\x9e:_\xfb\x0b\x0b\xbe\x06<-\x9e\
\xda2P\xd3Y\x0a\x01\xab\xaf\xef\x88u\xbaf\x18\xfb\
\x85s5\xa6\x00\xfc1\x9d\xe9\xcbpz\xda2\xbf\x9a\
\xfb\xc3j\x0a\xa7\xe6Z\xdc^\xcd\xda\xe2+\xab\xd8/\
\x9c\xab1\x05`\xb1Q<\x14\xbeea$\xbf\x10[\
\x9d\xafq\xcf\xd6\xea\xc3\x8e\x85t\xf0A\x85\x10\xf8i\
\xf0U\xa1\xc1u\x0e\x92l\xab\xd8/\x9c\xab1\x05\xc0\
\xea\x96E\xe1\x87\x16\x04X\xddmA\xdd\x0a\xb8\xfc\x89\
\x08\xf0\xed\xbd\x89\x83\x1a2\xc0*\xf6\x0b\xe7jL\x01\
\xb0zh\x81\xfb\xeb\x0d\xf1\xc7x5\xf4\x97\xe5K\x1a\
a\xf1]7\xb1\xf5\x96\x00\x81\xfb\xe4\xa37&\xe0\x93\
\x8b\x85U\xec\x17\xce\xd5\x98\x02\xc0!\xb0\x050\xabY\
05\xe4y\xa8!og]\x0d\x01\xde\xd2\xac\xc6!\
\xef\xdeV\xb1_8Wc\x0a\xc0o\x8d\xb0Y\xd3\x88\
\xaf\x09[\xfd\x85\xf9\xbe\x18\xb7\xe9\xaf\x8c\xd4\xedE\xbb\
 \xf8\xa6\x15\xc6\x06%\xadb\xbfp\xae\xc6\x14\x80_\
\x07\xa5Swu\xcd&S\xda\x0e\x05\x1ao\x9d\xed(\
\x06w\x8b\xbc\xd5\x8f\xc0\xbf\xcb'\xf3\xeaW#Z\x03\
\xab\xd8/\x9c\xab\x85\x0b\x80\x00\xfe\xbd\xcc{D\x94\xba\
\xb5\xf2\x09;\xe1\xc1\xbd\xe6\x8d\x05\x06o\x9f\xfdF\xbd\
\xb7z\x108A\xbe`Z\xb2z\xa4W\x93j\x11\xfb\
\x8f\x08\x0fr\xb5\x90f\x85\x0b@\xe0\xf6\x7f\xa1O\xd9\
='%\xb3\x9c\xbc\x04\xf4b\xd1\x87%\x93C\xb9W\
\xa9?J\xf4\x19\x11ST\xb5\x85.\x94\xbeU\x08;\
\xadf\xb6\x91jc\xdbq\x01\xff\xb1\x83\x1a\xbc\xd1\x22\
\xf6\xa3r4\xb6\x00X<\x0d\xb7N\x83\x1dTH5\
\x05\xe1\x12\xd1\x22\xd1I\xa2w\x89\xe6\xb7\x88\xf6\x96\xae\
\xa5I\x00\xf1!\x0a\xabCY\xb1\x1f\xd9H\xfecG\
nm\xf0\x86Y\xaaY\xc4~T\x8e\xc6\x16\x80\xff\x9d\
\xa5|\xaa\xc5\xa8O\x19\xa5\x12\xea|\xaa#\xb0d\xc9\
\x92E\xe2\xb2\x9d(w\xebB\xf2\x83\x99E\xecG\xe5\
hl\x01\xf89Z'\xa6\x17$\xe6\xe7\xec2 \xe0\
\xc9\x9f\x04d\x8b\xd8\x8f\xca\xd1\xd8\x02\xc0G \x92X\
>\x8b\xc93\x14L\x16\xe7B\xb3D\xf8bJ\x04\xe4\
/\xff\xcb_\x11PaH\xcc[<\x08\x14\x95\xa3\xb1\
\x05\xc0\xe2SF@\xf9\x22\xfesj>\x02\x0a\x5cO\
\xfe\x0an\x9a\xb5\xabU\xccG\xe5hl\x01\xb0\xba\xef\
\xcd\xed\xb4Y\xd8\xf8b\x13\x11\xf0\xe4O\xea\x15\xab\x98\
\x8f\xca\xd1\xd8\x02pWR\x08f\x98\xb5e\x0a\xa7\x19\
\x8d{\xb6\xe4\xc9\x9f\xdc\xe1V1\x1f\x95\xa3Q\x05@\
\xb7\x8bx\xcd0J@A\xd8^Zp\x9c\x0f\xab\x01\
\x01O~\x13\xd0-b\xfe\xae\x90\xa3\x85\x15\x8e*\x00\
\x81\xeb\x1d\xa1O\xd9m\xae k\xcb\xcc@)\xedn\
</\xf9\xc5\xcf\xf9\x13yi\xc0F\x98\x12\xeb\x9b\x0f\
~'\xec\xa3s\xb3L\x01\xf8aB\x85\x07\xac\x00d\
\xcb\xc1\x0f\xef\x9b\x81\x80\x02\xd5\x93\xdf\xc6\x15\xc4:1\
\x9f\x9a{tn\x96)\x00V\xd3-m\x93\x1a\x0d\xe7\
W\x1e\x01O\xfe\xf2\xd8\x15\xd8\xd3*\xd6\xa3s\xb3L\
\x01\xb0\x9aq\xe5\xe5\x05\x80\xf3!\x19\x10\xf0\xe47\x07\
\xd9*\xd6\xa3s3\xba\x00\xe8\x22\x03\xe7\x19\x16o\x05\
\xfa7\xf7\xcc\xe3n\xb2\x00O\xfe\xc9\x18\x95\x191g\
\x1f\x8bX\xe7-@rs\x8e\xa8\xf1?\xa3\x0b@`\
wS\xe8Svk+\xf86M\xc9\xd0y\xc5! \
\xfc\xfd\x9c?\x0e\xb2\xe8\xd1\xc2\x98\x18\xb7x\x0d\xb8T\
N\x96-\x00\xd7G[^l\x87V|\xd1\xa5\x98)\
\xed\x1a\xa5\xc0\xf4\xe4\xcf\xe32\xab\x18/\x95\x93e\x0b\
\xc0uFX\xf9\xc77\x8d\x80\x1d\xc7\xd6\x93\x7f\x1c:\
\xc9\xb7Y\xc5x\xa9\x9c,[\x00\xfe39,O2\
\xdcY\xc1h5U\xf2\x93\x12\xfc\xffe\x10\x10\xde\xfe\
\x97\x7f\x19D\xd2\xff\x18p\x14\xd6\xc4\xf6\xce\x83\xdf\x89\
\xfbR9Y\xaa\x00\xe8B\xe0\xaf\xa4\xfc-\x22\x8b\xb6\
\x9b\x05S\xe7\xb9<\x02\x0aHO\xfe\xe5a\xb1\x5cc\
\x15\xdb\xb7\x84\x9c\x8c\xd6\xbdT\x01\x08R\xae\x0d}\xea\
\xee\xb5\xa9\x19:\xbf\xe5\x11\xf0\xe4_\x1e\x93\x0ck\xac\
b\xbbt.V)\x00\xfc\xf5\xb0\xc0lw\x0b\xa6\xce\
s\x06\x01O\xfe\x19,2/Y\xc5v\xe9\x5c\xacR\
\x00\x98\x15\xd7\x02?&\x08\xf1y\xf7-\x90\x15OO\
~\x81\x90\xb1\x0dD\x09wb\xdab\x02\x10D\x94\xce\
\xc5\xd2\x05@\xe7\x1c|~\xe8*\xa4\x1b\xd0^\x06<\
{\xcfRA\xc8_\x0a\x9f\xc3\xaf\x9eH\xb0\x8a\xe9\xab\
B.\x96\xb2\xaat\x01\x08\xd2.\x0f}\xean\x9e\x82\
\xd5\xea\xb3I\xa9um\x05?\xe1\xe9\xc9_\x93\xa7\x84\
=\xb1l\xf5\xe1\x92J9X\xb5\x00\x5cf\x88\xe9[\
\x0cy\xf7\x8a\xb5\x02\xd0\x93\xbf^\x8f[\xc6r\xa5\x1c\
\xacT\x00t\xe8\xc1\xb3\xc7\xb7\x19a\xbb\x9f\x11\xdf^\
\xb1\xf5\xe4\xaf\xcf\xdd\xb3$[\xc5\xf2m!\x07g\x89\
\x8a[\xacT\x00\x82\xa8KB\x9f\xba\xdbZ\xc1k\xf5\
\xd6Tj]\x1b\xc9O\xf8\xf1\xe1\x0c?\xe7\xaf\xd1;\
\xf2\x011\xbc\xb5\x91\x0a\x95s/E\x01\xf8\x9a\x91q\
\xb0}\x1b\xff9\xc5#\xa0\xc0#\xf1\x8f\x89\xdf\xb3\xf2\
\x1e]\xf9hGe \x02\x03\xcb\x18\xae\x9c{\x95\x0b\
\x80\x0eAn\x96\xa1V\xa7\x01oS [\xbc9%\
\x95;\xdf(\x00\xb9\x8d\xf4\xe4\x9f\x85x\x88]\xab\x02\
\xc0\xe1?\xb97Kb\xfcb\xe5\x02\x10D\xf2q\xc9\
\xb0\x98\xbc{gr\x8e\xfd`\x98\xfb\xaf\xbf'\xff\xac\
\xb8\x0a\x8b\x96\xb1\x9b$\xe7R\x15\x80\x85\xc1`\x8b\xee\
\xdd\xaa\xa4\x16\xf3\xa7Y\xe8\xda\x08\x9e\xc2+\xf7_\x7f\
O\xfe9\x9e\x97\x0f\x88\xd9w\xcfY\x9d\xf2g\x92\x9c\
KR\x00t\x1ap\xa7,\xb3z(h-\xf1~\x9f\
\xc8[q\x04r\x16\x00O\xfe\xe1~!f\x89\xdd\xe1\
[\xab\xad\xe5\xe1\x1fr\xae\x1a\x17\xed\x9d\xa4\x00\x88\x0f\
\xed<\xfe3\xa2C\x8d\xf8:\xdbj\x08x\xf2\x8f\xc6\
\xef\x90\xd1\x9b*oI\x96k)\x0b\xc0\xb92\xeba\
\x91E{\x9e\x0e\xa9\x0e\xb6`\xec<K#\xe0\xc9?\
\x02\xba\x10\xab\xcf\x1f\xb1\xb9\xeajr\x8c\x5c\xab\xcag\
z\xffd\x05@\xa7\x01O\x88\xe3\x02\x91U;\xc2\x8a\
q\x07\xf9^cl\x93'\xffx\x80-cuA\xc8\
\xb5\xf1\x1a\x14\xdc\x9a\xac\x00\x04y_\x08\xbdE\xb7\x8e\
*\xeb\x91\x16\x8c\x9dg\x14\x02\x9e\xfcc\xe0\x0a1\xba\
\xce\x98!U7%\xcd\xb1\xa4\x05@\x95\x89\xe7\x01.\
\xadj\xe1\x98\xfd?(\x80\xd7\x1c\xb3\xdd7\x09\x01\xf9\
\xc1\xea\x08\xc0\x93_\xf8\x8ej!6?8j{\x82\
\xf5\x97\xca\xb7\xe4X\x02VO\xb2HZ\x00\x9ed9\
\xf5\xb9\xd0[t\xbcO}\xb4\x05\xe3\x0e\xf2\xdc>\xb1\
M\x9e\xfc\x93\x01=ZC\x88Qu&-yn%\
/\x00\xaaP_\x97\xe9V\xf3\x05\x8a\xf5\xd4!\xaa\xb4\
/c\xc1i4\x02\xf2\x03G\x01\xd0\xe8A\xc5\xb7x\
\xf2O\xc0*\xc4\xa4\xe5\x95\x7f\xe6\xfd#\xb7&h\x12\
\xb79y\x01\x08\xe2?\x15z\xab\xeex+\xc6]\xe2\
\xab\x22\x90\xe2(\xc0\x93\xbfXPX\xc7\xa4IN\x99\
\x14\x00\x05\xdeY\xc2\xec\x1e\x91U\xdbU\x15w\xbe\x15\
\xf3\x8e\xf1-[\x048z\xd8^\xbe\xe4\x8d\xc2\x8eA\
\x92\xd6\x9c\x10\x8b\xbb\xa6\xe5\xba\x0c\xb7{\xe4\x07rj\
\x99\x95)~\x98\x14\x80\xa0\xd8\xe9\xa1\xb7\xeaN\x14\xf0\
\xcc\xb4b\xc5\xbf\x13|\x158\xd7\x88V\x901\xc7\x89\
\x8a6\xfe\xea\x93\xfc\x14\x81\xa2\xfb\xf4r\x5c\x88\xc1\x13\
1\xde\x90\xccr\xc9\xac\x00(\xe8P\xfa~CPx\
K\xf0c\x86\xfc;\xc5Z\xfe\xe0/9E\x00\x1a\x96\
\xd8\xac\x83H|\xc6v\xca~Cc\x88Ab\xd1J\
\xc4\xfd\xf2\x1d\xb9d\xc2\xdf\xac\x00\x04mO\x09\xbdU\
w\xa0*0\xb3\xadZ\xf1\xef\x14_\x05\xd2\xb1\x81H\
r\x8e\x0a8=\x98^\xd6zz\x88\x22\xd0)\xbb\xad\
\x8c\x09\xb1w\xa0\x15\xff\xc0\xd74\x87L\x0b\x80\x82\x8a\
\xcauw0\xc4\xaa;U\x8e\xf0S\x81\x12\xe8\xca?\
\x9c\x1ex\xc2\x97\xc0.\xc4\xdc\xa9%v\x8d\xd9\xe5n\
\xf9\x88\x1c\x8a\xd9'j\xaci\x01\x08\x9a\x9c\x14z\xab\
\x8e\xa7\xae>a\xc5\xdc\xf9:\x02#\x10 \xe6\x88\xbd\
\xe9\xcdF\xffY\xe7\xce\x94y\x01P\x05\xe3\xea\xe5\x8d\
F\x00\x0d\xd8\xee\xab\x8al9\xf9\xc2@\x8e\xf7\x8e\xc0\
T\x88\xb5}\x8d\xa1\xb81\xe4\x8e\xa9\x18\xf3\x02\x10\xb4\
\xffH\xe8-\xbbO\xcb1\xfe\x80\x90%\xc2\xce\x9b\xe4\
'\xc6>\x9d\x01\x8a\x1c9c\x7f\x04\x00P\xaad<\
\xc1\xf4U\x96\x8d\xe9s*\x02\xcc\xc4b,\xc6\xd9\xf7\
\x11\x81\x10[\xc9\x1f\xc7\x1d\x82\xe5WC\xce\x0c\xd9\x94\
vU\xae#\x00\xb4\xceqkis\x09:[\xe4\xcd\
\x11\xb0@\x80\xd8\x22\xc6\x96\xe1m\xf0#G\xaeL\xab\
\x9d\xad\x00\xa8\xa2\xf1\x16\x93\xf9E\x0dY\xb5\xbf*\xb5\
\xbf6, \xbc\xa5C \xc4\xd4\xfe\xe98\x8e\xe4t\
R\xc8\x95\x91\x03Rn\xc8V\x00\x82\xd2\xff\xac\xde\xfa\
\xb6\xa0DL\xf1\x94\xe0\xde,89\x02U\x11P\xf2\
\x13K\xd6O\xfb\xa1&\xb9A\x8e\xb0\x9c\x85\xb2\x16\x00\
U6f\x0d:*\x8beSS\xe7\xc9q\xdbd\x92\
\xe5b:\x8a@\x88\xa1ds\xf0M\x80\xe9\xa8\x90#\
\x13\x86\xa5\xdb\x9c\xb5\x00\xa0\xb6\x0cd>\xf3\x1c\x80>\
M\xf2\xbe,\x07Z\xcd\xcd&\xf6\xde\xba\x8c@\x88\x9d\
\xf3e#\xb1\xa4n\xf9\x96p\xcdy!7\x12\xb2\x9c\
\xcc*{\x01\x08*}@\xfd\xafE\xd6\xedy\x12p\
\x81\x1c\xb9\xaazo\x8e@a\x04\x143L\xecq\x81\
v\xc8\xf1\x07\x84\x5c '$.o\xab\xa5\x00\xa8\xd2\
= 3\xdf/\xca\xd1\xb6\x94\x90\xaf\x88\xbc9\x021\
\x08\x5c\xac\xc1\xc4\x8e:\xf3\xf6\xfe\x90\x13\xe6\x82\xe6\x0a\
\xa8\xa5\x00\xa0\x84\x0c>G}\x8eS\x01\x89\x99\xdaQ\
\x15\xbd\xf2\x87\x14a\xe4\xd4}\x04B\xac\xec\x98\xc9R\
\x0e\xfd\xc9\x85L\xe2\x96\x15S[\x01\x08j0\x85\x92\
\xe5+\xc3A\xcct\xb7\xbb\x1c\xcb\xf5\x87\xe9\x1f\xfe\x9f\
#0\x0c\x81\x10#\xbb\x0f\xdb6w]\x82\xdf\xc4>\
9\x90\x80U9\x16\xb5\x16\x00\x1d\x05p\xee\xf3\xder\
\xaa\x97\xdak\xcf\xe0\xe0R;\xfbN\xddF \xc4\xc6\
\x9e\x19\xad|o\xc8\x81\x8c\x22\x97\x15Uk\x01@\x15\
\x01\xc0c\xc29\x1e\x10B\x1cD\x11\xf0\xd3\x01\x90p\
Z\x8a\x80\x92\x9f\x98\xc8\x99\xfc<\xf0C\xec/\xd5\xa1\
\x8e\x85\xda\x0b\x00F\xab\x08\xf0l\x80\xd5\xc7E\x111\
\x978\x1d\xb8RN\xe7J\xef\xdcm\xfe\xbbG\x08(\
\x06V\x15])\x93s\x1d\xf6K\xd4\x14\x1f\xf7$\xe6\
Y\xae\x95\x1aQ\x00\x02\x02oW\xff+Q\xae\xc6E\
\x9e\xab\xe5\xfc\x1c\xb7yr\xd9\xe4r\x22\x10\x08\xbe\xe7\
\x0f\x0f\xb1\x10\xb1\xe7\xd4T\x85\xc1\xc48\xb1^\x81E\
\xba]\x1bS\x00t\x14\xc0,\xc2\x07\xa43\xad\x10'\
n\xf3,R \xf8\x13\x83\x85\xe0\xea\xce\xa0\xe0sf\
C\x22\x06r\x1av@\x88\xf5\x9c2G\xcajL\x01\
@C\x01\xc39Q\xee\x17y8\x02\xf8\x8e\x02\x82\xe7\
\xbdQ\xc3\xa9\xe3\x08\x04_\x7fGf\xf2\xa0\x98\xbal\
\xed\xc8\x10\xe3\xd9\x04N\x12\xd4\xa8\x02\x80\xb2\x02\xe8_\
\xd5\xf3\xda\xa5\xbal\x8dG=\x17*0r\x17\x9fl\
\x06\xba\xa0'\x11\x08>^\xa8_\xf8\x5c]\xb6vv\
\x88\xedl\x02\x8b\x08j\x5c\x01@i\x01\xc5L\xab\xdf\
f93\xf1\x16\xe1\x02\x05\x89O*\x92\x19xkq\
\xf8T\xc4\xe7\xeb+\xbf\xd5WB\xd7o\x87\x98.\xb1\
\xab\xed.\x8d,\x00\xc1\xe4\xb7\xa8\xff\x89(w\xe3\x9d\
\xef\x1b\x14,L\xfd\x94[\xb6\xcb3@ \xf8\xf2\x06\
\xb1\xc6\xb7\xea\xb26b\x98X\xce*\xb4\xa8\xb0\xc6\x16\
\x00UL\xde\x17\xd8G\x86<\x22\xca\xdd\x98\xf5\xe5&\
\x05\x8eO4\x9a\x1b\xf9\xc4\xf2\x82\x0fo\x12[|\xaa\
.k#v\xf7\x09\xb1\x9cUpQa\x8d-\x00\x18\
 \xe0nV?OTWc\xa2\xd1s\x15D\xfe\xdd\
\x81\xba<PR.>\x13\x9d\xab\xddsL\xe0)1\
C\xdb\xbc\x10\xc3C76ae\xa3\x0b\x00\x00\x09\xc0\
\xcb\xd5\xbfYTWc\xfa\xe7\xdb\x14L\xfe\x05\xa2\xba\
<\x10)7\xf8\x8a)\xe8\xf0]\xe4\xde\xe3\x87Gl\
}s\x88\xdd\x88]\xf2\x0fm|\x01\x00\x12\x01\xc9\xa4\
\x0c\xef`\xb9&\xe2\x03\x10\x17)\xb0\xce\x14\xf9\xd1@\
MN\x98$\xf5\xc3P\xc5\x00\x00\x07\xdaIDAT\
\x16\xdf\x88\xce\xd4\xb8\x8bD\xf8L]-\xed\x1d!f\
k\x11\x1e#\xb4\x15\x05\x00\x83\x04(\xd31\x1f\xcar\
\x8d\xc4\xdd\x89;\x14d\xf3k\xd4\xc1E\x0fA \xf8\
\xe4\x0em\xc2G\xeajk\x87\x86X\xadM\x81\x18\xc1\
\xad)\x00\x18%`\xf9N\xda\x11,\xd7H|\x09\xf6\
\x0b\x0a\xb8KE~\xa7\xa0FG \x1a\x1f\x88.\xd5\
\xf2\x17D\xf8F]m\xed\x88\x10\xa3\xb5)\x10+\xb8\
U\x05\x00\xe3\x040_K\xad\xbb\x08\xa0\xca\xae\xfa\x8f\
;\x05\xa7)\x00\xd7\xd4\xb2\xb7\x8c\x08\x80\xb9\xe84\x89\
\xe4\x0a?\xbe\xd0\xa2m\x9b\xc0\x9d\xe4'6'\x0ck\
\xd6\xe6\xd6\x15\x00\xe0\x0bE\xa0\xee\xd3\x01T\x81\x98\xd0\
\xe1\x1e\x05\xa3?E\x08\x1a\x19(`\xcd\xbb#`\x9f\
A\xe2D\x11\x1c\xf6\xb7.\xf9\xb1\xaa\x95\x05\x00\xc5U\
\x048\x1d\xa8\xf3\xc2 j\x0c\x88\xd7\x8ay\x8a\xf0>\
\x05\xe7\xc1\x83\x95\xde\xa7E\x00lE\xf7\x89+O\xf3\
\x81\xb9\x16ko\x5c\xf0#\x16kW\xa4\x8c\x02\xad-\
\x00\x18\xab\x22\xc0\x85\xc1:o\x11\xa2\xc6l\xe2\xca\xf3\
\xe9\x0aR\x8e\x08\x0eU\xef\x8f\x14\xcfF\xa7\xc42\x18\
\x8a\xc0\xf2^\xedN\xa2\x81\xb1\x16\x1b\xd1\xb8\xd5G\x0c\
6B\x992J\xb4\xba\x00`\xb0\x8a\x00\xb7\x08_\xad\
e\x9e\xbaR\xd7\x88\xc6\x1b\x86\xa7J\x93_*x\x8f\
\x15\xd5}qJ\xaa\xb4\xab\x81\x99\x88o\xe4\xfdR\x9a\
\x83e\xee7\xf7$v\xa6\xcdY\x22\xd6^\x1dbo\
\xce\xa6v\xfdl}\x01\x00n9\x82\x87\x85\xb6\xd72\
\xcf]\xabkL[K\x9a\x1c#\xa2\x10\x9c\xad\x80~\
\xb9\x96\xbd\x8dA\x00\x8cD\xbc\x0dJ\xe2\x83\x1d\x18\x8e\
\xd9#\xfb&bl\xfb\x10s\xd9\x85\xa7\x16\xd8\x89\x02\
\x00(r\x08\x8f\x0do\xab\xe5:\xde\x22\x94\xd8\x89\xed\
m\x1a\xf1]\x05\xf7u\xa2\xf7\x88\xfc\x81\x22\x01B\x03\
\x0b\x11\x98\x5c\xa7\xdf\xdf\x15\x81\x95\xba\xc65bk\xdb\
\x10k\x8dS\xae\x8cB\x9d)\x00\x18/\xc7< \xda\
A\xcb\xfc\x05Q\xd7\xc8\xb6\xb5\xb4\xfa\xa4\xe87\x0az\
>]\xd6\xdbG\x8ce\xff\x1bE_\x06\x0b\x11\x98\x80\
\x8d\x16\x1b\xd9x\x9f\x7f\x07\xc5\x17/\xa95R\xc12\
Ju\xaa\x00\x0c\x00\x90\x93x\x1a\xac\x0d\xb7\xe5x\xd1\
\x89G\x8c\x1fQ\x22\xf0\xd2\xd1\xde\xeaW\x1e\xd8\xd1\xb5\
\x1e\xdbD\xd8\x88\xad\x9cG\xf3\xc8.\x184\xdaT)\
\xc7L>\xc4\x94\x16\xbb\xd5:Y\x00p\x91\x8a\x003\
\x0b1\xd3+\x930\xb2\xaa\xc9\xc4--^\x5ca\xa6\
\x9aG\x95$\x97\x8b\x0e\x17m\xdad\xa5\x8b\xe8\x86\x0d\
\x22l\xe1:\xcd\xa3\xda\x07\x1b\xb1\x15\x9b\xf5\xb3\xd1\x8d\
\xd8\xd9=\xc4R\xa3\x15-\xab\x5cg\x0b\x00\x80\xc8q\
\xcc1\xb8\x95\x96\x99\xf9U]k\xda\xce\xd2\xf4d\xd1\
-J\x1e. ^\xa8\x9e[a\xdb\xa8o\xec\xadE\
t\x13\xa1#\xba\xa23\x17\xf2n\x91\x1d\xd8\x82MZ\
lM#f\xb6\x0a1\xd4\x1a\xa5c\x15\xedt\x01\x00\
\x0c9\xf0\x1e\xd1NZ\xce\xf9\xf1\x11\x89K\xd6\xb8\x85\
\xc8\x07+\xb8\x15\xf6_\xe2\xbaXI\xc6\x8cE\xbc\x99\
x\xb0\x96w\x10=G\xeb\xb36d\x8a\x90\x8d\x0e\xe8\
\xc2\x8c;\x8b\xa5\x04:\xa2+:\xa3\xbbV\xb5\xae\xf1\
\xd1\x8e\x9d\x147<m\xd8:\xe5c\x14\xee|\x01\x18\
\x80!g\xf2!\x06N\x09\xf8\x1e\xdb`u\x1b{\x8e\
\x00\x98\xca\x9asR\x1e\x8c\xe1/\xd5\xcf\x95\x8c\x5cG\
\xb8U\xfd\xd7D\x9f\x10\x1d)\x9a/\xdaM\xc4_\xe5\
\x17\xa9\x7f\x8eh5\xd1J\x22\xf8L\xdb\xcf\xb2\x88u\
lc\x0cc\xd9\x87}\xe1\x01/x\xc2\x1b\x19\x9c\xbf\
\xff\x5c;#\x1b\x1d\xd0\x05\x9d\x96\xf2\xd4\xb666b\
\x83C~beZ\xff\xae\xff\xd7\x9b\x02\x80#U\x04\
8%\xe0\xbc\xfa<~w\x8c8\xa7~\xa9l\xa2\xc8\
\xf1\xbdE\x1e\x97\xe5\x0d\xb9oj\x1d\x7f\x95yU\x96\
\xa4\xfd\x8d~\xff\xbf\xe8\x8fJ\xfa\xe9\xc6\xb2\x88ul\
c\x0cc\xd9\x87}\xe1\x01/x\xc2\x1b\x19\xc8\xd2.\
\x9dj\xc4\xc4\xa6!F:e\xd88czU\x00\x00\
B\x0e\xfe\xb5h?-\xf3N?\x1f'\xd5\xa2\xb7\x1e\
#@\x0c\xcc'&D,\xf7\x0a\x8a\xde\x15\x80\x81w\
\xe5\xecs\xb4\xbc\xb1\x88\xca\xaf\xce[\x0f\x11\xc0\xf7\x1b\
\x87X\xe8\xa1\xf9SS\xbd-\x00x[\x8e\xe7\xc1!\
\x8e\x06\xf8*\xd0\xdd\xacs\xea\x05\x02\xf8zo\xf9\x7f\
?\xd1\xc8\x07{\xfa\x80D\xaf\x0b\xc0\xc0\xc1\x0a\x82\x0b\
\xb5\xfcBQ[\xef\x14Huo\x05\x11\xc0\xc7/\x0c\
>/\xb8Kw\x87y\x01\x08\xbeU@<!\xe2\xea\
/\x17\xb9\xbe\x1aV{\xd7\x1d\x04\xf0\xe9K\xf1\xb1\xe8\
\x89\xee\x98U\xcd\x12/\x00s\xf0Sp\xdc&\xdaC\
\xab\xb9\xe2}\xa3zo\xedF\x00\x1frko\x0f\xf9\
\x95\xa9\xc2\xdbmMb\xed\xbd\x00\x8c\x00T\xc1\xf2u\
\x11O\x11\x1e\xa4!\x9c3\xaa\xf3\xd6\x22\x04\xf0\xd9A\
\xf8P\xc4\xed\xdf(\xd5\xfb2\xd8\x0b\xc0\x04O+x\
\xce\x12m\xa0a\xccA\xc8\x83\x22Z\xf4\xd6`\x04\xf0\
\x11s\xf4m \xbf\x9d\xd5`=\x1b\xa1\x9a\x17\x80\x82\
nP0\x9d.ZW\xc3)\x04\x9d\x7fDTv\xb6\
\xad\xe1\x13\x12\x7f]\xf9\x89\xa7\x13\xdb\xa6\x7f-\xfaz\
\x01\x88\x84\x9d\xe0\x12\xbd@\xbbqj\xc0\x8b.Z\xf4\
V#\x02\xf8\x80C\xfd\x17\xc8/\x9e\xf8\x91\x8e\xf0\x02\
\x10\x09\xd8`\xb8\x82\x8dS\x03\xbe8\xcb\xc5B>L\
1\xd8\xe4}\x1e\x04\xc0\x9c\x8b{\x9b\xe3\x8b\x94\x22\xfb\
\xc4\xcb\x0b@Eo+\xf8\xb8X\xf8\x1a\xb1\xe1\xf6!\
\x1f\xaaxX\xcb\xdel\x10\x00[0\xe6v\xdek\xc0\
\xdeFL\x7f\xb8z\x01H\xe4k\x05#\xb7\x0f\x0f\x13\
;\xbe\x12\xc4{\x06\xbc)\xa7\x9f\xde\x12 \x00\x96`\
\xba\xa6p>L\xe4\xb7\xf3\x12\x80\x0a\x0b/\x00\xa0\x90\
\x90\x14\x9c<Pt\x8ez\xe6 \xe0\xe9\xc2\xa3\xc5\xde\
\x03V D60\x03;\x9e\xda\xe3\xdd|0\xf5\x07\
x\x22A\x9c4\xdc\x0b\xc0$\x84*lW\x11\xb8S\
\xf4\x11\x11\xa7\x07|H\xf4\x04\xb1#\xb0\xd5y\x1b\x82\
\x00\xd8\x80\xd1\xcb\xc0L\x04vw\x0e\x19g\xb6\xaao\
\x8c\xbd\x00d\xf2\xb8\x82\xf9f\xd1\x87E\x14\x83\x17K\
\xec\x11\x22\x0em\xd5\xf5\xba\x81\x01X\xbc\x18lD`\
\xc4\x14\xef\xbd\x06%\x97\xf1^\x00r!=K\x8e\x82\
\xfc\x0e\xd1)\x22N\x13V\xd1&\xee$pq\x8b[\
Z\xfa\xd9\xe9\x86\x8d\xd8\x8a\xcd\xab\x80\x81\x08,\x98\x84\
\xa4\xd3\x867\xd18/\x005{E\xc1\xff\x98\x88;\
\x09\x5c\xdc\xe2\xb6\x22_\xc2!9\x98\x85\x87\x0fQ0\
\xfdV\xcdZ\x96\x16\x8f\xee\xd8\x80-\xd8\xb4\x96l\xe5\
\xb6\x1d\xb6b\xf3c\xa59\xfb\x8eI\x10\xf0\x02\x90\x04\
\xc6tL\x94 \xbf\x12\x91\x1c\x1fT\xcf\x87(\x9e)\
\xee\x9c2\xf0\x11T\x12\xe9\x1b\xfa}\x97\xa8i\x0d\x9d\
\xd0\x0d\x1d\xd1\x95C\xfag\x06\x1b\xb0\x05\x9b\x98f\xbb\
iz/\xd5\xa7\x8f\x0b^\x00Z\xe0u%\x11\xa7\x0c\
\xe7\xab'\x91^\xa7~C\xa9\xbd\x92\xe8%\x22\xfe\xb2\
\x1e\xa2\xfe\xe3\xa2\x0bD|Z\x8bd\xe4\xaf\xaf~&\
i\xf0\x82'\xbc\x91\x81,d\x22\x1b\x1dVB'\x11\
\xba\xa1#\xba\xfa!}\x12\xe8m\x99x\x01\xb0\xc5\xd7\
\x8c\xbb\x92m\xb1\xe8v\x11\x7fY\xcfP\x7f\xb8h\x9e\
\xe8\x1fD\x1b\x8a8rXQ\x0a<[\xf4\x22\x11\xb3\
\xf6n\xa7~\x17\x11\x89\xcb'\xc9\xf6\xd22\xc42\xeb\
\xd8\xc6\x18\xc6\xb2\x0f\xfb\xae\x08/\x11<\xe1\x8d\x0cd\
!\x13\xd9\xe8\xc0t\xe0b\xe5\xadm\x08x\x01h\x9b\
\xc7\x22\xf4U\xd2\xfe^\xc4\xb4g\xff\xa3\xfe&\xd1\xb5\
\xa2+D$\xee\xc5\xea/\x0a\xc42\xeb\xd8\xc6\x18\xc6\
\xb2\x0f\xfb\xfe>B\xa4\x0fm\x19\x02^\x00Z\xe60\
W\xd7\x06\x81\xber\xf5\x02\xd0W\xcf\xbb\xdd\x8e\x80\x10\
\xf0\x02 \x10\xbc9\x02}E\xc0\x0b@_=\xefv\
;\x02B\xc0\x0b\x80@\xf0\xd6o\x04\xfal\xbd\x17\x80\
>{\xdfm\xef=\x02^\x00z\x1f\x02\x0e@\x9f\x11\
\xf0\x02\xd0g\xef\xbb\xed\xbdG\xc0\x0b@\xefC\xa0\xdf\
\x00\xf4\xdd\xfa?\x03\x00\x00\xff\xff\x1cS)\xd5\x00\x00\
\x00\x06IDAT\x03\x00_\xc7}\xb5\x90v\xb4\xe7\
\x00\x00\x00\x00IEND\xaeB`\x82\
\x00\x00\x13=\
\x89\
PNG\x0d\x0a\x1a\x0a\x00\x00\x00\x0dIHDR\x00\
\x00\x01\x00\x00\x00\x01\x00\x08\x06\x00\x00\x00\x5cr\xa8f\
\x00\x00\x10\x00IDATx\x01\xec\x9d{\xa8lU\
\x1d\xc7\xf7$df\xa8\x84](E!\x14-,\x0d\
D\x09\xbd>0\xf5\xde?\xae\x05\xb7.\x91\xf4\xd4\xcc\
\xca\x07\x05a\xa8u\xaf\xa5\x91H\x84z%)\xedE\
\x0f\xf0Ei\xa0b\xa2\xa9\x15\x0a\x85\x9a`\xa1\x08\x8a\
\x12]\xa5\xb2\x88\xbc\x7f\xc8\xf8\xfd\xdd\xbb\x0e3\xe78\
\x8f={\xd6o\xed\xbd\xf6\xfa\x1c\xd6\xef\xac=\xb3\xf7\
^k\xfd>\xbf\xdf\xef;{\xe6\xcc\xccyC\xc5\x0f\
\x04 P,\x01\x04\xa0\xd8\xd0\xe38\x04\xaa\x0a\x01 \
\x0b P0\x01\x04\xa0\xe0\xe0\xe3z\xd9\x04\xcc{\x04\
\xc0(`\x10(\x94\x00\x02Ph\xe0q\x1b\x02F\x00\
\x010\x0a\x18\x04\x0a%\x80\x00\x14\x1ax\xdc.\x9b\xc0\
\x8a\xf7\x08\xc0\x0a\x09z\x08\x14H\x00\x01(0\xe8\xb8\
\x0c\x81\x15\x02\x08\xc0\x0a\x09z\x08\x14H\x00\x01(0\
\xe8\xb8\x5c6\x81q\xef\x11\x80q\x1alC\xa00\x02\
\x08@a\x01\xc7]\x08\x8c\x13@\x00\xc6i\xb0\x0d\x81\
\xc2\x08 \x00\x85\x05\x1cw\xcb&\xb0\xd6{\x04`-\
\x11nC\xa0 \x02\x08@A\xc1\xc6U\x08\xac%\x80\
\x00\xac%\xc2m\x08\x14D\x00\x01((\xd8\xb8Z6\
\x81I\xde#\x00\x93\xa8p\x1f\x04\x0a!\x90\xb5\x00\x0c\
\x87\xc3\x03d\xa7\xc8>+\xdb&\xbbFv\xa3\xec\xc7\
\xd8\x10\x06\xc3\xe8\x0c,\xb7,\xc7,\xd7,\xe7,\xf7\
\x0e\xc8Y+\xb2\x12\x00\x15\xf5!\xb2\xf3e\xbf\x92\xbd\
(\xf0\xcf\xcb~+\xfb\xbel\xab\xec|\xd9gd\x9f\
\xc4*\x18T\xd1\x19XnY\x8eY\xaeY\xceY\xee\
=o\xb9(\xb3\x9c\xb4\xdc<D\xb9\x97M\xeb\xbc\x00\
\x08\xec\x9e\xb2se\x0f\x8a\xeaS\xb2kd\x1f\x94\xed\
/\xa3A\xa0\x0b\x04,\x17-'-7\x9f\xb2\x5c\x95\
Y\xce\xee\xd9\x85\xc5\xd9\x1a\xa6Yg\x05@\x00\xf7\x97\
]\xa1\x85\xef\x90}Ov\xbc\x8c\x06\x81\x1c\x08X\xae\
Z\xce\xee\xb0\x1c\x96\x99@tr\xdd\x9d\x14\x00\x01\xbb\
X\xb4\x9e\x93Y\xbf\x8fz\x1a\x04r$`\xb9k9\
\xfc\x5c\xc8\xe9\xce\xf9\xd0)\x01\x10\xa4\x0d\xb2\xbf\x88\x92\
=\xf2\xef\xa5\x9e\x06\x81>\x10\xb0\x5c\xbe\xc2r[\xb6\
\xa1K\x0euF\x00\x04\xe6\xdb\x02s\xa7\xec\x08\x19\x0d\
\x02}$`\xb9}g\xc8\xf5d\xfe\xcd\x9a\xa8u\x01\
\x10\x8cu\xb2\xbb\xb4\xc8\x8bd4\x08\x94@\xe0\x22\xcb\
y\xd9\xba\xb6\x9dmU\x00\x04\xe0\xbd\x02\xf0\x80\xect\
\x19\x0d\x02%\x11\xb0\x9c\x7f \xd4@k~\xb7&\x00\
r\xfc\x18y}\x8f\xec0\x19\x0d\x02%\x12\xb0\xdc\xbf\
'\xd4B+\xfe\xb7\x22\x00r\xd8\x1e\xf9\xef\x90\xc7\xad\
_\x02i\x0d4\x08\xb4I\xc0j\xe0\x8eP\x13\xd1\xd7\
1o\xc0\xe4\x02 G\xcd\xe1\x9b\xb40\xeb\xd5\xd1 \
P<\x01\xab\x85\x9bBm$\x85\x91\x5c\x00\xe4\xddO\
ev\xe9\xa3\x8e\x06\x01\x08\x04\x02V\x13V\x1b\xe1f\
\x9a.\xa9\x00H\xe1\xecO}\xf6\xe2G\x1a\xef\x98\x05\
\x02y\x118=\xd4H\xb2U'\x13\x009fo\x80\
\xe0O}\xc9B\xcbD\x99\x12\xb0?\x11Z\xad,\xbd\
\xfc:\x03$\x13\x00-\xe6*\x19\x0d\x02\x10\x98O \
Y\xad$\x11\x00=\xfa\xdb\xfb\xa1\xed]P\xf3]\xe7\
\x08\x08@\xe0\x88P3\xee$\xdc\x05@\x8e\xd8'\xa1\
.u\xf7\x84\x09 \xd0/\x02\x97\x86\xdaq\xf5\xca]\
\x00\xb4\xfa/\xc9\xec\xc3\x10\xeah\x10\x80@M\x02V\
3V;5\x0f_}X\xdd[\xae\x02 \x05\xb3/\
D8\xaf\xeeb8\x0e\x02\x10XE\xe0\xbcPC\xab\
\xee\x8cy\xc3U\x00\xb4\xd0O\xcb\xec3\xd1\xeah\x10\
\x80\xc0\x82\x04\xacv\xac\x86\x16<\xad\xfe\xe1\xde\x02p\
f\xfd\xa5D9\xf21\x8dbo1\xbeY=VU\
0\x88\xcb\xc0r\xcbrL\xe9\x95\xac\xb9\xd6\x90\x9b\x00\
\xe8\xd2\xc5\xbe\x1c\xd1\xbe\x1a\xc9\x9b\xd4#\x9a\xe0l\xd9\
~\x83\xc1\xe0(\xd9\x19\xb2-\xd8\x00\x06\x83\xe8\x0c,\
\xb7\x8e\xb2\x5c\x93Y\xceY\xeei\xd3\xb5\x1d\x1fj\xa9\
\xf6$\x8b\x1c\xe8&\x00Z\xc4F\x99g{U\x83\x9f\
\xa7B?Vv\xa3\xece\xdd\xa6A\xc0\x9d\x80\xe5\x9a\
\xccr\xeeXMf\xafqY.j\xd3\xad\xb9\xd5\x92\
\xa7\x00\x9c\xe2\x86\xa3\xaa\xfe\xae\xb1\xd7+\x08\xd7\xa9\xa7\
A\xa05\x02!\x07\xd7k\x01\x96\x93\xea\x5c\x9a[-\
y\x0a\xc0q.(\xaa\xca\xd4v\xb3\xc0\xff\xd1i|\
\x86\x85\xc0B\x04B.n\xd6I\x96\x9b\xea\xa27\xaf\
Z\xaa\x5c\x04 <g\xb17\x00E'\xa1\x01/\x0c\
\xc0\xb5I\x83@7\x08\x84\x9c\xbc\xd0i5\xf6\x15\xf9\
\xb5\xfe\x03\xd1\xa2\xf3\xbb\x08\x80\x16q\xb0\xcc\xa3=\x22\
\xd0\x5c\xf6{\x90e\xcc\xa5\x09\x84\xdc\xf4za\xf0\xf0\
\xa5\x178a\x00/\x01x\xe7\x84\xb9b\xdce\xff\x8e\
)\xc68\x8c\x01\x01/\x02^9\xeaRS^\x02\xe0\
r\xb9\xa2\x88\xdd\x22\xa3A\xa0\xcb\x04\xbcr\xd4\xa5\xa6\
\xbc\x04\xe0\xad\x0e\x11zL\x97X\xfc\xa9\xcf\x01,C\
\xc6#\x10r\xd4\xe3\xcdBsk\xaa\x89\x17^\x02\xb0\
w\x93\xc5\xcc9\xc7\xfeU\xd8\x9cC\xd8\x0d\x81N\x10\
\xf0\xc8U\x8f\x9a\xf2\xf9+\x80B\xb0\x87,v{%\
\xf6\x80\x8c\x07\x01'\x02\x1e\xb9\xeaQSn\x02\xe0\xc4\
\x95a!\x00\x81\x98\x04\xbc\x9e\x02\xc4\x5c#cA\x00\
\x02s\x084\xdd\x8d\x004%\xc7y\x10\xe8\x01\x01\x04\
\xa0\x07A\xc4\x05\x084%\x80\x004%\xc7y\x10\xe8\
\x01\x01\x04\xa0\x07A\xc4\x85\xb2\x09,\xe3=\x02\xb0\x0c\
=\xce\x85@\xe6\x04\x10\x80\xcc\x03\xc8\xf2!\xb0\x0c\x01\
\x04`\x19z\x9c\x0b\x81\xcc\x09 \x00\x99\x07\x90\xe5\x97\
M`Y\xef\x11\x80)\x04\x87\xc3\xe1I\xc1\xeeSo\
\xa6nh\xfd\xb6\xe1phv\xd2\x94S\xb9\x1b\x02\xd9\
\x10@\x00&\x84\xca\x0a\x5cw\xdf\x17\xcc\x0a\xddL7\
+\xeb\xb7VUe\xb6K\x0c\xb4M\x83@\xb6\x04\x10\
\x80\xb1\xd0\xa9\xf0\xedQ\xdf\x0a\xdf\x0a|l\xcf\xd4\xcd\
\xad:\xc7\xda\xb6\xa9G\xb0\x03\x02\x1d&\x80\x00\x84\xe0\
\xa8\x8a\xed\xd1\xdd\x8a\xdf\xfapo\xed\xce\x84\x00\x11\xa8\
\x8d\x8b\x03c\x10\x881\x06\x020\xa2X\xf7Q\x7ft\
\xc6\xea-D`5\x0fne@\x00\x01P\x90\xf4\xe8\
o\x8f\xdeM\x1e\xf9u\xf6\xaa\x86\x08\xac\xc2\xc1\x8d\xae\
\x13@\x00vGh\xd9G\xff\xdd\xa3\xec\xfe\x8d\x08\xec\
\xe6\xc0\xef\x0c\x08\x14/\x00\xe1\xd1?v\xa8\x10\x81\xd8\
D\x19o\x15\x81X7\x8a\x17\x80X '\x8c\x83\x08\
L\x80\xc2]\xdd\x22\x80\x00T\xd5\x89\x8e!\xd9\xeat\
\x85\xe1\xb8d\x86.\x89\x00\x02PU1^\xfc\xabf\
\xfc \x023\xe0\xb0\xab]\x02\x08@U\xdd_\xf9\xff\
 \x02\xfe\x8c\x8b\x99!\xa6\xa3\x08@L\x9a\xb3\xc7B\
\x04f\xf3ao\x0b\x04\x10\x80\xaa\xba,!wD \
!l\xa6\x9aO\x00\x01\x98\xcf(\xf6\x11\x88@l\xa2\
\x8c\xd7\x98@\xf1\x020\x18\x0c\xec5\x00\xb3\xc6\x10\x1b\
\x9c\x88\x084\x80\xc6)U\x15\x9bA\xf1\x02`@%\
\x02'[\x9f\xd8\x10\x81\xc4\xc0\x99\xee\xf5\x04\x10\x80\x11\
\x13D`\xc4\x82\xadB\x08 \x00!\xd0\xba\x0a\xb0\xa7\
\x01)_\x10\x0c3W\x5c\x09\xac\x90\xa0ON\x00\x01\
\x18C.\x11\xb0O\x05\x22\x02cL\xd8\xec\x0e\x01\x8f\
\x95 \x00k\xa8\x22\x02k\x80p\xb3\xd7\x04\x10\x80\x09\
\xe1E\x04&@\xe1\xae^\x12@\x00\xa6\x84\x15\x11\x98\
\x02\x86\xbb{E\x00\x01\x98\x11ND`\x06\x1cv%\
%\xe05\x19\x020\x87,\x220\x07\x10\xbb\xb3&\x80\
\x00\xd4\x08_\xcb\x22pR\x8d%r\x08\x04\x1a\x11@\
\x00jbkS\x04j.\x91\xc3 \xb00\x01\x04`\
\x01d-\x89\x80\xfd\xb3\x12{\x7f\xc2\x02+\xe5\xd0>\
\x11\xf0\xf4\x05\x01X\x90nK\x22\x10\xf3[\x8b\x17\xf4\
\x98\xc3\xfbL\x00\x01h\x10\xdd6D`8\x1c\xf2Z\
@\x83Xq\xcal\x02\x08\xc0l>S\xf7\xb6!\x02\
S\x17\xc3\x0e\x084$\x80\x004\x04g\xa7%\x16\x01\
\x9e\x06\x18\xf4\xc2\xcc\xdb]\x04\xc0\x9bp\xbc\xf1\x7f\x17\
o(F\x82\xc0n\x02\x08\xc0n\x0e\x8d~\xeby\xb9\
\xbd:\xcf#s#z\x9c\xd4\x05\x02\x08@\xc3(\xb4\
P\xfc\xf6}\x05\x0dW\xcbi\x10\x98L\x00\x01\x98\xcc\
e\xe6\xbd-\x14\x7f\xa5\xd7\x1b\x10\x80\x99Q\xe9\xdf\xce\
\x14\x1e!\x00\x0bRn\xa3\xf8\xb5\xc46\xbe\xa4D\xd3\
\xd2\xfaN\x00\x01X \xc2-\x15\xbf=\xfa\xdbk\x0d\
\x0b\xac\x94C!P\x8f\x00\x02P\x8fS\xd5V\xf1k\
y<\xfa\x0b\x02\xcd\x87\x00\x02P\x83k\x9b\xc5\xaf\xe7\
\xfe<\xfa\xd7\x88Q\xdf\x0eI\xe5\x0f\x020\x874\xc5\
?\x07\x10\xbb\xb3&\x80\x00\xcc\x08\x1f\xc5?\x03\x0e\xbb\
zA\x00\x01\x98\x12F\x8a\x7f\x0a\x18\xee\xee\x15\x01\x04\
`B8)\xfe\x09P\xb8+\x19\x81\x94\x13!\x00k\
hS\xfck\x80p\xb3\xd7\x04\x10\x80\xb1\xf0R\xfcc\
0\xd8,\x82\x00\x02\x10\xc2L\xf1\x07\x10tE\x11@\
\x00F\xe1n\xe3S}\x97\xf1w\xfeQ\x00\xd8\xaa\xaa\
\xd4\x0c\x10\x00\x11\x0f\x8f\xfe\xdaJ\xda(\xfe\xa4\xb8\x99\
l\x12\x81\xe2\x05@\xc5o\xdf\xb5\x97\xfa\xd1\x9f\xe2\x9f\
\x94\x8d\xdc\x97\x9c@\xf1\x02 \xe2&\x00\xea\x925\x8a\
?\x19j&\x9aG\x00\x01\x98G(\xee~\x8a?.\
\xcf^\x8d\xd6\x863\x08@U\x9d\x98\x08<\xc5\x9f\x08\
4\xd3\xd4'\x80\x00TU\x8a\xa7\x00\x14\x7f\xc5O\x17\
\x09 \x00U\xe5\xfdU[\x14\x7f\xc5OW\x09 \x00\
\xbe\x91\xa1\xf8}\xf9\xf6f\xf4\xb6\x1cA\x00\xaa\xca\xeb\
\x1bw(\xfe\xb6\xb2\x9ayk\x13@\x00j\xa3Z\xe8\
@\x8a\x7f!\x5c\x1c\xdc\x16\x81\xe2\x05`0\x18\xd8k\
\x001\xaf\x02(\xfe\xb6\xb2\x99y\x17&P\xbc\x00\x18\
1\x89\x80}\xef\x9e\x09\x81\xdd\x5c\xc6(\xfee\xe8\x15\
zn\x9bn#\x00#\xfa\xcb^\x05P\xfc#\x96l\
eB\x00\x01\x08\x81\xd2U\x80]\x01\x9c\xac\x9b\xd6\xab\
[\xa8\x9d\xac\xf3\xed*b\xa1\x938\x18\x02m\x13@\
\x00\xc6\x22\xa0\x22\xbe_f\x22P\xf7j\xc0\x8e\xd7)\
\xbb^G\x18\x1b\x89M\x08\xe4A\x00\x01\x98\x10'U\
\xf46\xd9@\xbbL\x08\xccV\xae\x0a\xac73\x91\xb0\
G}\xebu\x18\x0d\x02\xcd\x08\xb4}\x16\x020#\x02\
\x12\x01\x13\x023+v\xdd\x1cXof\x8f\xfc&\x04\
3\xceN\xb7k8\x1cn\x92\xdd {R\xb6S\x96\
[{A\x0b\xbe]\xf6\x05\xd9\xde\xe9\xc81\x13\x02\x90\
q\x0e\xa8XN\x93\xfdY.\xdc.;Kv\xb8\xec\
\x8d\xb2\xdc\xda;\xb4\xe0M\xb2\xebd/\xca\xa7\xcf\xa9\
\xa7% \x80\x00$\x80\xec1\x85\x8a\xe4k\x1a\xf7n\
\xd9\xfbd}j{\xc9\x99\xeb\xe5\xdf/e\xfbk\x9b\
\xe6H\x00\x01p\x84\xeb5\xb4\x0a\xe3\x0a\x8d\xfd\x0dY\
\x9f\xdbG\xe5\xdc\xcf\xe4\xeb[\xd4\xf7\xb2u\xc1)\x04\
\xa0\x0bQX`\x0d*\x88\x8f\xeb\xf0\x8be%\xb4\xd3\
\xe5\xe4U2\x9a\x13\x01\x04\xc0\x09\xac\xc7\xb0*\xfe7\
k\xdcke%\xb5s\xe5\xf7\xc6\x92\x1cN\xe9+\x02\
\x90\x92\xf6\xf2s}YC\xec++\xad\xf5\xfd\xe9N\
k\xf1D\x00ZC\xdfh\xe2\x8f5:+\xff\x93\x8e\
\xd6U\xc0\xbb\xf3wc\xe4AW\xb6\x10\x80\xaeDb\
\xce:T\x00\x07\xeb\x90w\xc9Jm'\x94\xea\xb8\xa7\
\xdf\x08\x80'\xdd\xb8c\x1f\x1aw\xb8\xecF;,\xbb\
\x15g\xb0`\x04 \x83 \x85%\xee\x17\xfaR\xbb\xd2\
\xfdw\x89;\x02\xe0\x82\xd5e\xd0W\x5cF\xcdg\xd0\
\xde\xf8\xdf%\xe4\x08@\x97\xa21{-\xcf\xcd\xde\xdd\
\xfb\xbd\xcf\xf6\xde\xc3\x16\x1cD\x00Z\x80\xded\xca\xc1\
`\xf0\xb8\xce{YVj{\xb8T\xc7=\xfdF\x00\
<\xe9\xc6\x1f\xfb\x96\xf8Cf1\xe2\xbf\xb4\xca\xce|\
\xfaRk\xe9MC\x00\xf2\x0a\xe5w\xf2Zn\xb4\xd5\
n\xd7\x15\xd00\xdah-\x0e\xd4\xb5\xa9\x11\x80\xaeE\
d\xc6zT\x04Oj\xf77e%\xb5g\xe4\xac}\
\xf8I\x1d-6\x01\x04 6Q\xe7\xf1$\x02_\xd7\
\x14\xbf\x91\x95\xd2\xce\x91\xcf;Kq6\xb5\x9f\x08@\
j\xe2q\xe6;[\xc3\x94 \x02\x9bU\xfc\xf7\xcaW\
\x9a\x13\x01\x04\xc0\x09\xac\xe7\xb0*\x8a\x7f\xc8\xec\x1bt\
\xfa\xfat\xe0!\xf1;Z>\xde\xa6\xbe7\xad\x8b\x8e\
 \x00]\x8cJ\xcd5\xa9@\xec\xe9\x80}H\xe6F\
\x9d\xd2\x87?\x11\xde#?\xce\x94_\xebe\x7f\xd26\
\xcd\x99\x00\x02\xe0\x0c\xd8{x\x15\xca\x93\xb2\xb3e\xf6\
V\xd9\xa34\xdf\x19\xb2-\x19\xd9f\xad\xf58\xd9>\
\xf2\xe14\xd9/\xb4MKD\x00\x01H\x04:\xc54\
*\x9e\xc7dw\xc8n\xce\xc8n\xd3Z\xff \xfbo\
\x0aF\xcc\xb1\x9a\x00\x02\xb0\x9a\x07\xb7 \xe0B\xa0\xab\
\x83\x22\x00]\x8d\x0c\xeb\x82@\x02\x02\x08@\x02\xc8L\
\x01\x81\xae\x12@\x00\xba\x1a\x19\xd6\x05\x81\x04\x04\x10\x80\
\x04\x90\x99\xa2l\x02]\xf6\x1e\x01\xe8rtX\x1b\x04\
\x9c\x09 \x00\xce\x80\x19\x1e\x02]&\x80\x00t9:\
\xac\x0d\x02\xce\x04\x10\x00g\xc0\x0c_6\x81\xae{\x8f\
\x00t=B\xac\x0f\x02\x8e\x04\x10\x00G\xb8\x0c\x0d\x81\
\xae\x13@\x00\xba\x1e!\xd6\x07\x01G\x02\x08\x80#\x5c\
\x86.\x9b@\x0e\xde#\x009D\x895B\xc0\x89\x00\
\x02\xe0\x04\x96a!\x90\x03\x01\x04 \x87(\xb1F\x08\
8\x11@\x00\x9c\xc02l\xd9\x04r\xf1\x1e\x01\xc8%\
R\xac\x13\x02\x0e\x04\x10\x00\x07\xa8\x0c\x09\x81\x5c\x08 \
\x00\xb9D\x8auB\xc0\x81\x00\x02\xe0\x00\x95!\xcb&\
\x90\x93\xf7\x08@N\xd1b\xad\x10\x88L\x00\x01\x88\x0c\
\x94\xe1 \x90\x13\x01\x04 \xa7h\xb1V\x08D&\x80\
\x00D\x06\xcape\x13\xc8\xcd{\x04 \xb7\x88\xb1^\
\x08D$\x80\x00D\x84\xc9P\x10\xc8\x8d\x00\x02\x90[\
\xc4X/\x04\x22\x12@\x00\x22\xc2d\xa8\xb2\x09\xe4\xe8\
=\x02\x90c\xd4X3\x04\x22\x11@\x00\x22\x81d\x18\
\x08\xe4H\x00\x01\xc81j\xac\x19\x02\x91\x08 \x00\x91\
@2L\xd9\x04r\xf5\x1e\x01\xc85r\xac\x1b\x02\x11\
\x08 \x00\x11 2\x04\x04r%\x80\x00\xe4\x1a9\xd6\
\x0d\x81\x08\x04\x10\x80\x08\x10\x19\xa2l\x029{\x8f\x00\
\xe4\x1c=\xd6\x0e\x81%\x09 \x00K\x02\xe4t\x08\xe4\
L\x00\x01\xc89z\xac\x1d\x02K\x12@\x00\x96\x04\xc8\
\xe9e\x13\xc8\xdd{\x04 \xf7\x08\xb2~\x08,A\x00\
\x01X\x02\x1e\xa7B w\x02\x08@\xee\x11d\xfd\x10\
X\x82\x00\x02\xb0\x04<N-\x9b@\x1f\xbcG\x00\xfa\
\x10E|\x80@C\x02\x08@Cp\x9c\x06\x81>\x10\
@\x00\xfa\x10E|\x80@C\x02\x08@Cp\x9cV\
6\x81\xbex\x8f\x00\xf4%\x92\xf8\x01\x81\x06\x04\x10\x80\
\x06\xd08\x05\x02}!\x80\x00\xf4%\x92\xf8\x01\x81\x06\
\x04\xbc\x04\xe0\xd5\x06k\x99w\xca\x9b\xe6\x1d\xc0~\x08\
\xa4 Pc\x0e\x8f\x5c\xf5\xa8\xa9\xcaK\x00\xfeW\x03\
\xd2\xa2\x87\x1c\xb4\xe8\x09\x1c\x0f\x81\x96\x08x\xe4\xaaG\
M\xb9\x09\xc0?\x1d\xc0\x1f9\x1c\x0e\xf7u\x18\x97!\
!\x10\x8d@\xc8\xd1#\xa3\x0d8\x1a\xc8\xa3\xa6\xdc\x04\
\xe0\x85\xd1\xba\xa3n}8\xeah\x0c\x06\x81\xf8\x04\xbc\
r\xd4\xa5\xa6\xbc\x9e\x02<\x13\x9f\xeb\xae\x11\xcf\xd9\xf5\
\x9b_\x10h\x89@\x8di\xbdr\xd4\xa5\xa6\xbc\x04\xe0\
\xaf5@59\xe4\x18]b}\xb1\xc9\x89\x9c\x03\x01\
o\x02!7\x8fq\x9a\xe7Y\x8fq]\x04`0\x18\
\xd8\xe5\xcaK\x1e\x0b\xd6\x98W\x0b\xf4\xfb\xd5\xd3 \xd0\
\x19\x02!'\xafvZ\xd0K\xaa\xa9\xa7=\xc6v\x11\
\x80\xb0\xd0\xdf\x87>v\xb7\x87\x06\xbc5\x00\xd7&\x0d\
\x02\xed\x12\x08\xb9x\xabVa\xb9\xa9.z\xf3\xaa%\
\xb7\x17\x01\x8d\xc0\xbd\xf6\xcb\xc9\xde\xaeq\x1f\x14x\x9e\
\x0e\x08\x04-\x0d\x81I\xb3\x84\x1c|P\xfb,'\xd5\
\xb94\xb7Z\xf2\xbc\x02\xb8\xd3\x05\xc5hPS\xdb\xed\
\x0a\xc0\xc3\xb2\xb3d\xfc\x89p\xc4\x86-G\x02\x96k\
2\xcb\xb9\x875\xcdv\x99\xe5\xa2:\xb7\xe6VKn\
\x02\x10\x9e\xb3<\xe4\x86d4\xb0\xbd\xe8r\x83n\xfe\
[AyTv\xbb\xec&l\x08\x83at\x06\x96[\
\x8fZ\xae\xc9,\xe7,\xf7\xb4\xe9\xda\x1e\x0a\xb5\xe42\
\x89\x9b\x00\x84\xd5\xfe<\xf4\xa9:{\x03\xc6&M\xf6\
\x11\xac\x82A\x15\x9d\x81\xe5\x96\xe5\x98\xd2+Ys\xad\
!o\x01\xf8\x910\xfdGF\x83@\xd6\x04ZZ\xbc\
\xd5\x8e\xd5\x90\xdb\xf4\xae\x02\xa0K\x97\x9dZ\xb9=G\
RG\x83\x00\x04\x16$\xb0=\xd4\xd0\x82\xa7\xd5?\xdc\
U\x00\xc22\xbe\xab\xfe\xff2\x1a\x04 P\x9f\x80\xd5\
\x8c\xd5N\xfd3\x1a\x1c\xe9.\x00R0{C\xd0\xe5\
\x0d\xd6\xc6)\x10(\x99\xc0g=\xb4\xd6\x00\x00\x02\xe6\
IDAT\xe5\xa1v\x5c\x19\xb8\x0b\x80\xad^\x8e|\
K\xfd\x132\x1a\x04\xb2#\xd0\xc2\x82\x9f\x085\xe3>\
u\x12\x01\x08^|%\xf4t\x10\x80\xc0l\x02\xc9j\
%\x99\x00H\xd1\xee\x92\xcfW\xcah\x10\x80\xc0t\x02\
W\x86Z\x99~D\xc4=\xc9\x04\xc0\xd6,\xc7\xbe\xaa\
\xfen\x19\x0d\x02\x10x=\x81\xbbC\x8d\xbc~\x8f\xd3\
=I\x05 \xf8\xf0\x09\xf5\x7f\x93\xd1 \xd0y\x02\x09\
\x17h5a\xb5\x91p\xca\xca\xf5\xc3@\x13\x1d\x91\xc2\
\xed\xd0\x8e-2\xeb\xd5\xd1 P<\x01\xab\x85-\xa1\
6\x92\xc2h\xe3\x0a\xa0\x92\xa3\x8f\xcbK{[\xa59\
\xaeM\x1a\x04\x8a%`5\xb0)\xd4Dr\x08\xad\x08\
\x80y)\x87\x1fQ\x7f\xaa\xcc.}\xd4\xd1 P\x1c\
\x01\xcb\xfdSC-\xb4\xe2|k\x02`\xde\xcaq\xbb\
\x128A\xdb\xbc0(\x08\xb4n\x11p^\x8d\xe5\xfc\
\x09\xa1\x06\x9c\xa7\x9a>|\xab\x02`\xcb\x12\x80\x1d\xb2\
\x0d\xda\xe6O\x84\x82@+\x82\x80\xfd\xa9o\x83\xf2\xde\
.\xff[u\xb8u\x01X\xf1^0\xecO\x84\x1bu\
\x9bw\x0c\x0a\x02\xad\x97\x04,\xb77\x86\x5c\xef\x84\x83\
\x9d\x11\x00\xa3!0w\xc9\xde\xa3\xedKd\xf6a\x08\
u4\x08dO\xc0r\xf9\x12\xcbm\x99\xbd!\xae3\
\x0euJ\x00V\xa8\x08\x92}v\xc0\xfe\xbd\x92\xf5\xf6\
\x99\xe8\x95]\xf4\x10HB \xd2$\x96\xbb\x96\xc3\x07\
\x85\x9c\x8e4l\xbca:)\x00\xe6\x9e\x80\xd9W!\
\xdb\x95\xc0:\xdd\xfe\xbc,\xc5\xd7\x8bi\x1a\x1a\x04\x96\
&`\xb9j9\xbbNyl\x8f\xfc\xf6\x89\xd8\xa5\x07\
\xf5\x18\xa0\xb3\x02\xb0\xe2\xac\x00\xee\x94]/[\xaf\xfb\
\x0e\x95] \xfb\xb5\xac\xb3P\xb56ZY\x04,\x17\
-'-7\x0f\xb5\x5c\x95Y\xce\xda\x17\xe2t\x9aD\
\xe7\x05`\x9c\x9e\xa0>-\xbbV\xf6!\xd9\xdb\xb4\xef\
@\xd9\x07d\xf6\xef\x98.S\x7f\xad\xec\x87\xb2\x9f`\
\x15\x0c\xaa\xe8\x0c,\xb7,\xc7,\xd7,\xe7,\xf7\x0e\
\xb4\x5c\x94YNZn\xba\xfc\x03\x0f\xe5\xb3K\xcbJ\
\x00\xd6\x12\x10\xf4\x17d\xf7\xca~ \xdb&\xbb@v\
\x96\xecS\xd8\x00\x06\x83f\x0cf\xe4\x8e\xe5\x96\xe5\x98\
\xe5\x9a\xe5\x9c\xe5\x9e\xfd\x17\xac\xb5\xa9\x99\xcd\xed\xac\x05\
 \x1b\xca,\x14\x02\x1d%\x80\x00t40,\x0b\x02\
)\x08 \x00)(3\x07\x04:J\x00\x01\xe8h`\
XV;\x04J\x9b\x15\x01(-\xe2\xf8\x0b\x811\x02\
\x08\xc0\x18\x0c6!P\x1a\x01\x04\xa0\xb4\x88\xe3/\x04\
\xc6\x08 \x00c0\xd8,\x9b@\x89\xde#\x00%F\
\x1d\x9f!\x10\x08 \x00\x01\x04\x1d\x04J$\x80\x00\x94\
\x18u|\x86@ \x80\x00\x04\x10te\x13(\xd5{\
\x04\xa0\xd4\xc8\xe37\x04D\x00\x01\x10\x04\x1a\x04J%\
\x80\x00\x94\x1ay\xfc\x86\x80\x08 \x00\x82@+\x9b@\
\xc9\xde#\x00%G\x1f\xdf\x8b'\x80\x00\x14\x9f\x02\x00\
(\x99\x00\x02Pr\xf4\xf1\xbdx\x02\x08@\xf1)P\
6\x80\xd2\xbd\x7f\x0d\x00\x00\xff\xff\x03\xa2\xbd\x89\x00\x00\
\x00\x06IDAT\x03\x00k)4\x97\xb8\x98\x93\x13\
\x00\x00\x00\x00IEND\xaeB`\x82\
\x00\x00$=\
\x89\
PNG\x0d\x0a\x1a\x0a\x00\x00\x00\x0dIHDR\x00\
\x00\x01\x00\x00\x00\x01\x00\x08\x06\x00\x00\x00\x5cr\xa8f\
\x00\x00\x10\x00IDATx\x01\xec\x9d]\xc8u[\
U\xc7\xf7N\xc9\xa0P\xec\xaaPQ2?\x10\x84\x0c\
\xd2.\x8a\xe3\x8b\x91\xa5\x10T'o<\xe2\xa9<i\
Q\xa9i(\x99\xbc\xef\xc1\x0c%M\xad(\xedX)\
\x1eoL\x0b\x02-C9\x1e\xea\x22\x0d2\x10\xe4\xa8\
\x19\x8aJ]%JA\x86\xfa\xf4\xff\xad=\xd7\xe3z\
\xf6\xb3\xf6\xdek\xef=\xc7\x98s\xae5\x1e\xe6x\xd6\
\xd7\x5c\xe3\xe3?\xe6\xf8\xaf\xb9\xd6\xfe\xfa\xb6U\xfc\x05\
\x02\x81\xc0b\x11\x08\x02Xl\xea#\xf0@`\xb5\x0a\
\x02\x88Q\x10\x08,\x18\x81 \x80\x05'?B_6\
\x02D\x1f\x04\x00\x0a!\x81\xc0B\x11\x08\x02Xh\xe2\
#\xec@\x00\x04\x82\x00@!$\x10X(\x02A\x00\
\x0bM|\x84\xbdl\x04\xfa\xe8\x83\x00z$b\x19\x08\
,\x10\x81 \x80\x05&=B\x0e\x04z\x04\x82\x00z\
$b\x19\x08,\x10\x81 \x80\x99'\xfd\xe2\xe2\xe2\xe9\
\x92[\x92\xfb\x06\xa2\xd5\xd1\xd6\xf7\xa1\x7f'3\x87g\
\x91\xe1\x0d\x83\x0e\x02\x18\xa21\x83u\x955\x05\x8fP\
\xcc\x17\x0a\xe9>\xc9M\xc9\xd3\x07\xa2\xd5\xd1\xd6\xf7\xa1\
\x7f'\xd2G\x0b2\x18\x85\xab\xfd\x9dA\x00\xed\xe7\xb0\
\x8b@UJ\x91R\xec\xbdP\xcc\xdd\xb1\x0c\xff\x86d\
 S\x17\xb72\xe8\x0c\x15\x15 \x10\x04PA\x12\xce\
qA\xd5H\xe1_H\x07E\x9a\xb3\xe8\xa5rg\xbb\
)\xbb\xb4 \x82\x9d\x10\xb5q \x08\xa0\x8d<]\xf3\
R\xd5\xd7M\xf3u\x80\xc2\xd7\xa2H\x0b\x22(\x02\xfb\
\xe9F\xb7\xcf\x0c\x02\xd8F\xa4\xf2\xedA\xe13\xd5\xf7\
\xba\xe2\x1fB\x05\x22`&R\x8b?\x87\xfc\x8d\xe3\x09\
\x81 \x80\x04D\x0b\x0b\x15?E\x8f\xd4Xh\xccD\
x\xf0\x18\xb7\x05-\x0c\xa6\xe4c\x10@\x02\xa2\xe6\x85\
\x0a\xbf\x9f\xee\xd7X\xf8\xdb\xd01\x1b\x80\x08Z\xf0u\
\xdb\xf7\xc5m\x07\x01T\x9er\x8a_.\xd6z\xd5\x97\
k\xa3\x8d\xe2\x87\x04b60\x0aO\x99\x9dcV\x83\
\x00\xc6P\xa9d\x9f\x8a\x9f\x02\xa2\xf8+\xf1\xe8h7\
\x98\x0d\x10\xc3\xd1'\xc6\x09>\x08\x04\x01\xf8\xe0|\xb4\
\x95T\xfc\xdcW\x1f}ne'\x04\x09T\x96\x90\xa1\
;A\x00C4*Y\x9fQ\xf1\xf7\x88\x06\x09\xf4H\
T\xb6\x0c\x02\xa8,!*~\xee\x9f\xe7p\xe5\xdfF\
\x16\x12 \xb6\xed\xfd\xb1\xed\x80\xc0.\x13A\x00\xbb\x90\
)\xb7\x7f\x8e\xc5\xdf\xa39\xe7\xd8\xfa\x18\x9bZ\x06\x01\
T\x94.]\xfdy`6\xe7\xab$/g\x12cE\
\xa8/\xdb\x95 \x80J\xf2\x9f\x8a\x7f\x09W\xc8\xb8\x15\
\xa8d\xcc\xe1F\x10\x00(\xd4!K(\xfe\x1e\xe9%\
\xc5\xda\xc7\x5cl\xb9\xcfp\x10\xc0>t\x9c\x8e\xa5\xab\
\xbf\x93\xb5*\xccp+\xd0\xf2\xfb\x1b\xaa\x001\x87\x13\
A\x009P<CG*\xfe%^\x11!\x819?\
\xef8cT\xf8\x9d\x1a\x04\xe0\x87\xf5.KK,\xfe\
\x1e\x8b%\xc7\xdecPt\x19\x04P\x10\xfet\xf5/\
\xe8Aq\xd31\x0b0N\xc1!\xf5A\x00\x87\x10\x9a\
\xdf\xf1\x8f(\xa4\xbb%7\xb6\x84}\x88v\xbb\xb6\x98\
\x05\xb8\xc2}\xd5X\x10\xc0U<\xbc\xb7\xbc\x06?E\
\x7fc\xbd\xf9cyK\xab\x1f\xd9\x12\xf6!k\x81\x00\
\x11p\x8eV\xcd[<\x070\x87x\xb7\x81 \x80\xdd\
\xd8\x98\x1eq\x9c\xfeS\xf0\xc8\xe4\x82\x161@\x04\xcc\
\x10 \x02S\x1cP.,\x82\x04\x00\xa2\x80\x04\x01\x14\
\x00=\x99\xb4\xbe\xfas\x85W-\xaf'\x17~\xf2\xeb\
r\xa1\x93!\x82\xb5v\x9c\xacC\xe7Ni\xd6XL\
\xf1av}\xa6\x04\x14\x040\x05\xa5\xcc}\x1c\xaex\
\x14?W\xf0,\x9e\x8b\x08\xd0eI\x02\xf100K\
\xa6\x8eW\x12\x04p<f9\xce0\x9d\xf2\xa6\x82\xcd\
\xe1\xe7\xa5\x8e\xa4\xd3\x92\x04.m\xc5\x8a\x1f\x02A\x00\
~X{Y\xb2\xbco\xb7\xd4\x1d\xb7\x01^#d`\
'\x08`\x00\x86\xe3\xeamF\xb6\xee\xd6\x95\xda\xec\xd3\
v\xd2\xcd\x0c\xc0\x92\x04\x8c`Y\x9e\xda\xa9\x11\x07\x01\
LE*o?\x93[\x00\x15\xa8Y\xf1\xf7\xe1\x1b\xda\
0\xc1\xa4\xf7;\x96\xe3\x08\x04\x01\x8c\xe3\xd2\xe2^\xcf\
+33\x81\xec\x189<\x1c\xcd\xees\xeb\x0a\x83\x00\
\x9c3\xa8An~\x95v\x08\xc9\x93l\x1c\xc2Y\xae\
\x89 \x80\x99\xe4\xdepj~\x0d!\xd92\x99\x01\xc8\
P\xdc\x06\x08\x84s\xdb1\xe7\x07\x01\x1c\x83V\x9e\xbe\
V\x0f\x00\xf3x7]\x8b\x05\x09\xcc\x05\x9b\xe9(\x16\
\xee\x19\x04\xe0\x9f\x00\x8b\xab\x9cE1\xfa#\x13\x16\xdd\
\x11\x08\x02p\x84\x5c\xf7\xff\x16\xc5O\x04\xf7\xf3\xcfY\
,l\xc6;\x02\x9d\x93\x18\x04\xe0\x0b\xb8\x15\x01\xf8F\
\xb1\xb1f5\xeb\x887\x04m\xf0=\xe9\xff\xb1'\x05\
\x01\x1c\x8b\xd8y\xfd\xad\x06\xb7U1\x9e\x17\xedig\
\xcf\x89$OC\xc0\xf1\xac \x00'\xb05\xfd7{\
\xf9\xcf\xf0\xa9\xfcNt,m\x0a\xab\xf8\xc2\xd0\x9d\xc8\
\xe7=\x10\x04\x90\x17\xcfQm\x1a\xd0\x14\xff\x1c\xaf\xfe\
V3\x0f\x9e\x05\x80\xd9(\x9e\xb13\x1f\x02\xb3'\x00\
\x15\x1f\x83\xe9R\xf2A7M\x13\xf6\xd5\xd3\xaa\xf8\xa5\
ze\xf10\x0e\xbd\xa5\xc5\xfd\x07D\xc8\xd5\xb6\x94\x06\
\xe1\x18\xfb\xa7\xf4m\x9e\x00\x06\x09\xbbO\xeb\xbdhu\
\xd3\x04\x0a\xd3\xc9K\xd9\xec\xed\xfe\xf7}oi\xcb\xe4\
j#\xbd\xdc\xcfb[n\x985\xab\xab\xf0\x14\x87\xad\
\xdf\x11H\x8e\xc0p\x8a/\x93\xfb\x90\x97$\xe8\xef\xe5\
B\x0a\xc8\xd5\x15Q\xbfa\xeb\xfbvcF\x07\xb2\xfb\
&\x1f\x5c[\x93\x04\x00\xf0\x92.\x19B\xabO\x18\xc9\
\xe8E\xbb\x0f\xb6\xbe/Wg\xae6Ry\xd1%\xf6\
\xe0\x99\x13:H\xd9-u\xc37-\xec\x9a\xe5\xbd\xf8\
!\xaf\x93mk\x02\x22\xcf`y\xc8\x9d\x83\xc7\x95\x13\
f\x82\xe4\xa4\x97~\x0c\xb0<x\xbe:\xd0\x0f\xe9\xc6\
\x8c\xb6\xf1Mj/\xb2\x8d\x1b\xe9tmM\x11\x80\x90\
\x1e&\x90D 9\x01\xeb\x12+;\xb4\x93\x92\xaa\x13\
{\x1f\xd1\x95\xd3\xb71]\xd6W\xe01\x9b%\xf6A\
\xd0\x14\xdb\xadc\x8d\xf7\xf9\xd0\xb2\xbf\xc2\xe7\x1e3\xb8\
D\xae\xf1\x113G\xfb\x88\x82R\xd2\x04\x01\x08U\x8a\
\xd12\x81c\xf8_I*>\x8cub\x9f\x8eQ\xf4\
\xc8\xf0\xca\xc2!S\xd1\x15\xb8\x86\xc1\xe6EB\x14.\
E\xd6\x11\x01\x98\x8f\x81\xcb\xfe$\xf4\xf3\x1e3\xb8\x84\
\x8fr\xe1\xc257\x18>E\xaa&\x00\xa1\xd8\x17\x15\
\xc5xJ|\xb9\xce\xc1~\x9fX\xb9u\xc1\xe0\xea\xe5\
BF\x5c\x0b_\xf6h^\x85\x87\xad\x9d\x22\x12\xe2\x16\
\x00\xd9\xd9'\xf3\x81\x8e\x08\xa4\x13\xfc/\xd2\x1f\xebH\
\xa9\x5c\xc8\x9dk\xad\x1f/U\x13A\x95\x04\xa0\xa4\xf6\
\x85Oa\x91\xf0k\xe8\x16\xde\x81O\xbd\x14v\xa5\x0a\
\xf3\xa5\xc9\xa8\xe6\x5c@\x04\xd5\x92@u\x04\xa0\xe2\x07\
\xacZ\x0b\xbf\x8aj\x93\x13\xa6_\xfd%\xfdG\xb5\x02\
\xb3\x80\xa3\xfc\xab\xa03$\xa0\xa1}\xc1\xd8\xae\xc0\x9d\
o\xb9P\x15\x01\x08!\x0a\x9f\xe9\xf6\xb7<\x8c\xb51\
\x04<\xa7\xdcc\xf6\xc7\xf6\x95\x9e\x05\x8c\xf9T\xdb>\
\x88\x801\x9e\xd5\xafs\x94UC\x00\xa9\xf8\x99\xca\x9d\
\x13\xcf\x12\xce\xe5\xea_\x1d\x01\xc4,`\xf2\xd0\xebo\
o'\x9f`\xd9\xb1\x0a\x02\x88\xe2\x9f\x9eb\x15Zu\
\xd3\xc8\xde{\xf9\xc6\x0f\x88\xf4\x9b\xb1\xdc\x8d@5$\
P\x94\x00T\xf8=\x10q\xe5\xdf=X\x86GZ\x98\
f\x07\x09\x0c3\xb6{\x9d\xb1\xaf\x12\xb8(:\xf6\x8b\
\x11\x80\x22'p\xee\x87X\xee\x86)\x8e\xf4\x080\xf5\
\xaf\xf6\xea\xdf;\xa9Y\x00\xb7'-\x10U\xefr\xe9\
%/_\x9e\x5c\x03\xe7:_\x8c\x00\xe4x<\xec\x13\
\x08\x13[\x13\xc5\xdf\xc7\x22\x12\x80\xa8\x82\x04z@\x0e\
/\x8b\xd5B\x11\x02\xd0\xd5\x9f\x01R\x8c\xf5\x0e\xe7\xa3\
\xaa\x1e\xfc\xd0'xU\xe5\xd4!g\x12\x090\x1b8\
\xd45\x8e\xafV\xdc\x0e\x14\xc9\xb1;\x01\xa4\xe2\xbf\x19\
Y\x9f\x86\x80\x0a\xa9\xe5{\xea\x98\x05LK3\xbdx\
\x89\xd0\xfd\xa2\xe8N\x00\x8a4\x8a_ Ll-\x17\
\xffJ\xe4\xc5\x0c\xa0\xe9\x18&\xe6)W7\x9e\x89M\
\xd6\x95\xa3\xa3+\x01\xa4\xab\x7f\x0e\xbf\xe7\xae\x83i\xbf\
\xeagM\x015\x1d\xab\x82\xe8bQ\x10\xcd\xc7\xa2\x18\
\xcc\x9bj\xc4\x95\x04\xdc\x08@\x81q\x8f\x13W\xff\xc3\
C\x88\x82\x99\xddUSD@LqKp8\xff<\
\x0fp\xbb\x15p#\x00\xc5\x1d\xc5/\x10\x0e4\x9e\xf6\
S(\x07\xba\xb5yX$\xc0E H\xe0p\xfa\xdc\
j\xc5\x85\x00\xd2\xd5\xffp\xd8\xcb\xed\xc1\xf4\xf8F*\
\x90Y\xa3\x90b\x84\x04\x90Y\xc7zFp\x07g\x01\
g\xe8\xber\xaa\x0b\x01\x5c\xb1\x18\x1bC\x04\xfa\xc2\xa7\
\xf8Y\x1f\x1e\x9b\xed:$\x80(\xc0 \x01\x81\xb0\xa3\
\xb9\xcc\x02\xcc\x09 ]\xfd]\x82I@RH\x08S\
i\x0aKcm\xd3t\x9c}\x0c:D\x9bE[7\
\xdd\x97g\xf8Z\xd4\x91R\xc6\x15\xfb-\xc9Z\xf6k\
\xc8\x07y`|\xd42f\x5cf\x01\xe6\x04\xa0\xe4z\
\xb5.\x81\x1aP$\x10\xe1a\x1a\xfb.\xed\xeb\x18\xfb\
\x18tH?\xf0\xbc\x07\x1f>\xe1\x1f\xf7\xc3\x97\xbe-\
yEy\x19\xe6\xc3\x13\x8a>\x17raMN\x18\x1f\
\xec\xbb\xf4a\xbd^\xb3\x0f\xff\x90\xb5\x0ex\x8e\x17\xf3\
\x0b\xa7\x07\x01\x98\x07AR\x94\xa8.\x81Z\x9f\xdct\
\x0eIE\xfa\xc4^I\xfedE\x87;\xa2\x17\xffd\
r\xcd\x92\xed\xc3g-\xac\xc7z\xbd\x1e\xe6\xc2\xaa\xd0\
\xc0\xfe\x86l\xd1X\xb2=\x19i\x9d4\xf4q\xf2y\
'v\x1c\x9d\x05\x9c\xa8k\xf44S\x02H\xd3\xffQ\
\xc3\x19w\x92\xc4\xb3\xaf\xa6)\xb1\xdd\x14P\xbe1\xf8\
\x90\xa3\x06\x87\xce\xa3q\x0e\xc2\xf9\xf8&\xd5k\x96\xec\
\xe3x\xc8\x01\x04\xd6\xeb\x8e\x08\x86\x85\x06\x96\xa7\xe2\xc7\
yH\x97[\xe9\xbe!a\xfb\x80\x17\xfb\x0fK\x07c\
\x0e\x9d\xfb;\x9e\x7f\xd4\xf4%AS\x028?\xf6\x83\
\x1a\xb2$shE\x89\x1dN\xf9\xd0\xbf\xd6q\x12\x8d\
0\x10\xc7\x84c]_\x9d\xcf\x12a\x00\x9f=\xd0d\
{\xd1Mx\x82#\x02\xa6\xda\x5c\x9f\x9a\x0f\xf2\x9a5\
\x1fk\xdd\x1e(9\xe4^\x0b\xb3v\x9b\x99f)\xb6\
&\x00\xcb\xe9?\x0f\xd1\xb2&Tx\x8c6\x12\x9d\x84\
\x818&\xd9\x07\xd7\xa8#\xb1\xb3C \xe5\x02\xcc\xc7\
r\xc1>\x8e\xb9\x8d\x0d9eI\x02m\xce\x004\xfd\
\xb7t\x9c\xe2g\x0a&\xec\xa3\x05\x02e\x11\x80\x90\xe4\
\x013C-\xf2\xb7a-\xe5\xd6n9\x030#\x00\
\x01\x1e\xc5\x9f{$\x84\xbe\xb3\x10Hc\xd2e\xd6q\
\x96\xa3['[\x12\xc0\x96\xa9l\x9bfL\x9b\xcd\xc3\
P\xb4T\x04\xac\xc6\xa6\xd9\xad\xb4%\x01\x98<\xbcH\
L\xbb\xd4\x01\x16qW\x8c\x80\xc6f\xcc\x00\x06\xf9\xb1\
\xb8\x05\xb0b\xd8\x81\xdb\xb1\x1a\x08\x9c\x85\x80\x05\x09t\
\xb5t\x96W;N\xb6\x9c\x01\xec0\x19\xbb\x03\x81Y\
#\xd0\xd4E\xaa5\x02\xb0`\xd7Y\x8fF=A~\
\x90\xe4\xb1\x92\x1f\x97\xfc\xa2\xe4U\x927J\xde&\xf9\
\x8b$\xac\xb3\x8fc\xf4\xa1/\xe7<h\xd6\xe0Dp\
\xab\xd6\x08 Rv\x00\x01\x15\xf4#$wH\xde*\
\xf9\x17u\xff\xba\xe4\xdf$\x1f\x94\xbc]\xf2;\x92\xdf\
\x90\xfc\x92\xe4\xce$\xac\xb3\x8fc\xf4\xa1/\xe7|\x1d\
\x1d\x12t\xa1\xf3\x11\xea\x1fmF\x08\x04\x01\xcc \x99\
*\xd0'H~K\xf2O\x0a\xe7\x8b\x92wI^(\
y\x8a\xe4\xdc\x86\x0et\xa1\xf3\x8b\xd8\x90`\xeb\x09\xe7\
*\x8e\xf3\xa7#`\xd53\x08\xc0\x0aY\x07\xbd*D\
\xae\xca\x1f\x92\xa9\x07$\xaf\x95<Mb\xdd\xb0\x81\xad\
\x07d\xffC\x92;\xac\x0d\x86~;\x04\x82\x00\xec\xb0\
5\xd1\xac\x82\xe3\x9e\xfe\xe5Z~N\x06\xb8*?C\
\xcbR\x0d\xdb\xef\xc2\x17\xc9\xcb$\xf1\xcc`\xb52{\
b\xbf2\xf8k\x8d\x00\xcc\xde\x10a\x80mv\x95*\
\xb0_\x97\xd2/H~O\xf2hI-\x0d_\xde \
g\xbe\x90|\xd4j\xb4\x16\x10h\x8d\x00Z\xc04\xbb\
\x8f*\xaagIx\xa0\xf7\x16)\xff^I\xad\x0d\xdf\
\xde\x82\xaf\x92g\xd5\xea\xa4\xb1_\xd9\xdf\x00g\xe9\xaf\
%\x01X\xbcdg\xfe\x05\x09\x96`\x1f\xab[E\xf4\
\x10\xc9\x9f\xe8\xbc\xf7Kx\x18\xa7E\x13\x0d_\xdf\x8f\
\xef\x92\x874\xe1q\x06'\x15+\xd3\x7f$\x83\xb6+\
*,j\xa93`I\x00\x9d\x01\x83\x7f\x8b\xb8\x0d\xd0\
`\xfa!a\xf7\x09\xc9\x8b$\xad6|\xffD\x8a\xa5\
\xd5\x18\x8e\xf1\xdb\xa2\xf8\xb1\x7f?\xff,\xc4\x92\x00\xac\
\xde\x115\xfbY\x80\x0a\xe6\x05J\xf6\xc7$\x8f\x93\xb4\
\xde\x88\xe1c)\xa6\xd6c9\xe4\x7fs\x17'K\x02\
8\x04\xd69\xc7\x9b\x03zj\xb0*\x94\xd7\xa9\xef=\
\x92\xb9\xb5{Rls\x8b\xab\x8bG\xb1\x99\xfc\xa4W\
\xa7|\xb5j\xef\x16\xc0\xf8\x93Q\xcc\x02f\xf5\x9d\x00\
\x1a@\xdf&y\xc7j\xb5z\x85d\xae\xed\x15\xc4(\
i\xf5\xc23\x9a\x17\xc5\xc3X\xb4\x9a\xfe\xaf,k\xc9\
:\x11f\xcc\xa5L\xdcL\xc0k\xb5\xed\xa68\xbeC\
\x11\xbcG\xf2|\xc9\xdc\x1b1\xbe'\xc5\xdc|\xac\x8a\
\x83\xe2\xb7\x9c\x91Z\xddJw\xd8[\x13\x80\xa9\xf3\x8a\
\xa0y\x12\xd0\x00\x22\x07\xf7*\x96\x9f\x95,\xa5\x11\xeb\
\xbd)\xf6fc\x96\xff\xd6\xc5o\x8e\x0d\x83\xcf\xccH\
\x9a\xbaX\xce\x02\xf0\xbdu\x12\xf8s\x05AAh\xb1\
\xa8F\xcc\xc4\xded\xd0*~\xee\xf9-\xaf\xfc+\x80\
Q\x0dA2\xac\x9a\x88)\x01$\x8f\xcd^\xc2H\xfa\
Y@\x02\xca\xc9\x85\xd9}\x18Fr\x8b\x1c\xe6\x81\x1f\
S\xe2\xdc\xaa[\xd1\xf7\xfc\x84A+\xfe\xae\xe4/\xcf\
\x9f(~\x8f\xb1f=\x83\xb6\xff8\xb05\x83m\x8d\
\x9c\xfb\x94 S\xc6\xdc\xb2w\xf2\xa6\xfc\xe4\xa5\xbe9\
?\xf0\x9b\x8a\x0d\x0f\x06\xc1bj\xffb\xfd\x943\x8a\
\xde\xab\xf8y\xf8g>\x96=f\x00$\xcc\x9c\xc90\
\x92\x84\xd9\x809p\xc9\xd6I\x0b\x0d$\xde\xe43\xc7\
\x97\xfaN\xc2C'\xf1\x12!\x98h\xb5\xce\xa6\x9c1\
\xa6(~/\x07]j\xc6\x8b\x00\xac\x9f\x03l'\x05\
\x12\x80\xad\xb7\xf7\x17\xdf\xd6@\xe2\xad\xb1\xef.\xeeH\
}\x0e\xbc;aS\x9dg\xf2\x8b\xe27\xbf\xdf\x1f\x06\
\xee5sv!\x00\x05\x03\x01 \xc3\x18\xad\xd7\xb9\x1d\
\xa8\x91\x04\xde\xac\xc0yw\x9c\x16\xd1\x06\x08\x80\x09\xd8\
\x0cv\x95_U\xf13\x86\x5c\x8b_Q\xbb\x5c\xfde\
\xc7\xfe\x19\x00F\x92\xb8\x05\x95\xec\xb1\xa8\x8a\x044\x98\
\xf8\x84\x1c\xef\x8f\xc7\xb7\x90\xeb\x08\xbc(at\xfdH\
\x81=\xf2\x85\xe2\xf7\x9c\xf6wQ\xea\x82\xc9\x8c\xa3[\
\xb7\xfe\xe72\x03 \x08\x05\xc5\x0c\xa0\x04\x09x\xb37\
\xe1\xee\x12\xbeso\xd71\xaf\xfd_\x95\xa1\x7f\x95\xfc\
\x9d\xe4}IXg\x1f\xc7\xb4\xabh\xab\x01\xa3\x1e\x80\
\x12c\xc7\xb5F\xdc\x08\x00DE\x020\x1bD\xc0\xa6\
\x97\xf4/\xdbx\xd9\x1b\xb5\xa3\xab\x09_\xe6\xc1\xc7d\
G\x8f\x1b\xee\xfc\xa6t\xbfWr\x97\xe4\x89\xca\xc1\xc3\
$O\x91\xfc\xa4\xe4\xf6$\xac\xb3\xefa\xf4\x91\xd0\x17\
r\xe0\x5cm\xba\xb6\xa7$\xac\x5c\x8dn\x1b\x93\x0f\x8c\
Uf\x00\xdb\x87,\xb7\xf9Q\xd3[\x96\x06\xb6u\xbb\
\x12@2\xee\xcap\xc9&$\xe0\x9d\xccdz\xc5k\
\xc7|U\xd6+/w\xf8\xac|Ff^*y\xb8\
\x8a\xfc\xe7$o\x97|J\xdb{\x1b}$\xf4\xbd]\
\x1d\x1f.A\x07\xba\xb4\xea\xd6^\xa9\x02\x0437\x83\
CC\xb2M\xf1\xdf\x1c\xee\xf3X\x17\xee7<\xec\x0c\
m\xb8\x13\x80\x82d\x06\xe0\x1e\xa8\x82v\xbf\x97\x93\xcd\
\xbe\xbdD+|[\x8e\x16\xe6\x8di\xfcK\x85\xf3\xe3\
%o\x96\xb0}\x92Q\xce\x95\xa0\xe3\xf1R\x00\x11\x9c\
\xacK\xe7\x1f\xd3\xc0\x0a{\xc7\x9c\x93\xb3\xaf{\xf1\xcb\
\xf9\x12\x17F\xd7\x87\x80\x8aq\xd34\xa8 \x01\xf7\x80\
\x13\xb3o\x9c\xf0\xfd\xffkN\xe6\x98\xea?I\xf8f\
\x7f\x9a\x9et>Iqpk\xa0\x85y\xfbUs\x0b\
#\x06\x0a\x8d\x91\xbb\x85/\xb3\x8e\x11\x8flw\xb9\xcf\
\x00\xfapR\xc0\xde$\xe0\xfe\xfe\x00\x0d(\xbe6\x9b\
/\xcd\xecC\xb7Z\xbeZ\x982\xd5\xff\x92\x95\x01\xe9\
\xff\x92\x84[\x83W[\xd9\x18\xe8}t\xc2n\xb0\xcb\
e\xd5\xfb\xea\x7f\xa5\xf8]\x22\x1c\x18)F\x00\xf8\xa0\
\xc1\x04\xeb\xb9\x93\x00\xb6\x1d\xe5N\x07[w\x09K\xb7\
\xa7\xe7\xc9\x16\x0f\x0a\xadC\xf3\xc0\xee2\x06\x11\x0e\xe3\
\xf1r\xdba\xa5h\xf1\x13_Q\x02\xc0\x01\x0d&@\
\xf7$\x01\xb7\x87\x81\x1aP\xfcz\x0e\xdf\x9dO\xa8V\
B\xf1\xf3s^V\xfaG\xf5*o\xd8\xb4&\x81g\
$\x0cG}0\xd8\xe9y\x0dw\x83\x1f\x00\x00\x10\x00\
IDAT\xf5/^\xfc\xe0W\x9c\x00pB\x83\xc9\
\x95\x044\xa8\xbcH\x80\x8f\xbc\x12\xa2\x950\xed\xa7\x10\
\xad\xf4\xef\xd5\xab\xbca\xdb\xfav\xc0\x1a\xc3.F\x8d\
\x09\xc6`\xb7\xee\xf0\xaf\x8a\xe2'\xce*\x08\x00G4\
\x98H\x80\xd7\xab\x03^L\xffS\xc4f$\xef\x13f\
n\xd3\xfe]1$\x1fx\xf8\xb8\xab\xcb\xb9\xfb-1\
<\xd7\xb7S\xce\xbf!\xcc\x18\xeb\xd7\xce-\xb1\xa3\x1a\
\x02 x\x01\xc3\xab\x03\x90\x00KvY\x89\xf9\xfb\x02\
tEy\x84\x9c\xe7w\xf4\xb4\xc8\xdex9\xee\xc5\xd9\
\xb5\x9e\xae\x90\x979\xf1\xe9t\x0d\xbb\xcf|Z\xc2r\
w\x8f<G\xac/\x0a\x8ci\x8a\x9fe\x1e\x8f3h\
\xa9\x8a\x00\x88\x07\x12\x90@\x02\xd6\xcf\x05\xac\x13N\x0c\
\x84d!7\x85\x91\xd9\xd3\xfec\x1dN\xbeX\xe2i\
\x89%o\xd4\xb2\xbe\x22\xf3\x0e\xbf\xea\x8a\x9f<WG\
\x008\x85hP\x91\x94\xaa\xd8\x12\xbf\x8e\x90\x1f9\xa2\
\xef1]?#l\xb2\xbf\xce\x7f\x8c\x03c}\x93O\
V\xef\x18\xb4\xc2\xb2\x0f\xc5\x92\xbc\xba\xe2\xef\x0d\xd5\xb6\
\xac\x96\x00\x00J\x83\x0a\xe6\xb7\x22\x01\xeb\xdb\x80\xa7\x12\
\x83\x81\xfc\xb1\x81\xce\x5c*\xad|\xb3\xc22W\xdc;\
\xf5\xa41\xbc\xf3x\x7f\xa0\xd4\xb2j\x02H\xa0X\xdf\
\x0a$3\xf9\x16\xbag\xe5}\xec\x16\x1f\xfc\xe1\xc39\
5\x7f\x91&\xbe\xe1c>07\x9a\xf8\x80\x10\x98n\
\xb62\xfeW\xae\x98if\xd4xEU\xf5c\xb7z\
\x02\x10\x832\x03@\xae \x9bi\xc3\xea\xe5\xc0\xc7d\
\xf2o[\xcd_\x0b\x0f\xab\x87m\xdb\xb6\x8e\xdeN\xbe\
\xfd\xd5\xd1'N;\xc1\x0a\xd3i\xd6\x8f\xefU\xcdK\
}\xfb\x5c\xaf\x9e\x00\x92\xf3VLz[\xd2\x9f{\xf1\
\xd8\xdc\x0a\x93>>\xb7\x9fV\xab]|\xd0\xc83+\
L\xad\xc6\x80\x11\x0cy\xd56A\x00\xba\xb20\x03@\
\xf2Fo\xa7\xedQF\xaa\xff\xc1HoN\xb5V>\
Zaj2\x0b\xd4\x98\x9d|k\x91\x13\xfccu5\
A\x00\xc7\x06uD\x7f\x93\xe4\xcb\xfe\xf7Hr\xb7\xaf\
jP\x1d\xfc<\x7fn\xa3\xc7\xeaK>Z\xdc\xa6X\
`zlxS\xfb[\xcdX\xa7\xda\x9f\xdc\xaf%\x02\
h\x06T\xa1\xff\xdd\x92\xdc\xed\xdfs+4\xd4g\xe1\
\xab\x05\xa6\x86\x10\xb4\xa1\xba%\x02h\x03\xd1\x8d\x97\xdf\
\xb5Yd\xfd\xff\x9fY\xb5\xd9*\xb3\xf0\xd5\x02S+\
\x14\x9a\xb9]\x0d\x02\xb0\x19\x02\xdfn\xa0\xf6\x7f\x0ct\
Z\xa9\xb4\xf0\xd5\x02S\xab\xf8'\xeb-\xdd1\x08\xa0\
t\x06\xc2~ P\x10\x81 \x00\x1b\xf0\xff\xcf@\xed\
w\x1a\xe8\xb4Ri\xe1\xab\x05\xa6V\xf17\xa3\xb7%\
\x02\xb0zbo\x91\xac\xff6P\xda\xd2Sp\x0b_\
-05HS[*[\x22\x80\x96\x90\xfd/\x03g\
\xbf\xcf@\xa7\x95J\x0b_-0\xb5\x8a\x7f\xd2\x87\x8b\
\xac\x8c\x1f\xa3\xb7%\x02h\x06T%\xc0\xe2)\xf8C\
/..\xf8\x8a1\xa9\xaf\xb7%\x1f\x1fj\xe0\xa1\x05\
\xa6\xb8\xd9\xcc\x13{\x9c\xcd-M\x10\x80\x06\x95\xd5\xbb\
\xaa\xac\x92\xff\x85\xdc\x89J\xfa~4-k^X\xf9\
h\x85\xa9\x05\x96\xd6\x9f4\xcd\xe6s\x13\x04\x90-\xda\
\xeb\x8a\xee\xbf\xbe+\xcb\x9e\xcff\xd1r]\xc93\xaf\
\xef\xaan\xcfO\x18yd\x85\xa9\xd5\x18hb\xc6Z\
=\x01\xa4\xab\x7f\x13`\x0e\x06\xfe\xe7\x06\xeb9W\x7f\
FxXL\xaf\xb3\xf8\x98|\xfb\xe9,\xca\xae+\xb1\
\xc2\xd4j\x16\xb8w\x16p=\xbc2{\xaa'\x00\xc1\
bV\xfc\xeb\xf5\xda\xe4\xd6Bz\xbf!\xbf?.\xc9\
\xdd\xc8\xd7/\xe4V\x9aQ\x1f\xbe\xe1cF\x95\x9d\xaa\
\x8f'L\xbb\x8d\x86\xfe\x99\x8d\xdd\x5c\x18X$+\x97\
o|W[\xc9\xdf\xf3;7\x8e\x8f\x9d\xab`\xc7\xf9\
\xbf\xb2c\x7f\x0d\xbb\xad|\xb3\xc2r%ba\x06\x80\
X\xe0\xc7,\xa0\xea1\x5c-\x01h:\x09p\x96\xaf\
\xfd[\x7f\xb8\xe8\x1f-F\x94t>N\xd8\xf0-\xbc\
Z\xad\xa7%\x9f\x1eg\xe4\x91\x15\x96F\xee^Q[\
5\x09TG\x00\x1aH=`\x96\xc5\x0f\xf3\x9bL\xff\
\x07\xa9\x87\xc0\x06\x9bYW\xef\x16N|\xedxV\xa5\
\xa7*K\xbeX\x12\xaa%\x96\x84m\xe9;\xfa\xbb1\
-\x9c\xba1\xcd\x8eZ\xa4*\x02H\x00\x91lk\xa0\
\xac\x13\x0e\xc1\xf0\xb5\xdd\x1f5J4\x0f\x02k\xfaf\
\xe0\xb7(N|\xd2\x22{\xfb\xa8\xa6\xe9`\x99]q\
\xafP\xfa\xb9\x05@\xfa]\x16K\xc6\xf4}i\x8c[\
\xe8?Ig5\x04 `\xb8\x22S\xfc'\x05R\xe9\
I\x7fc\xe8\xd7\xed\xc2\xec\xb7\x0d\xf5OR\x9d|\xb0\
\xfc\xf9.K\x0c\x871\x9a_\x14\x921H\x80\xb1\x9e\
6\xcb.\xaa \x00\x0d\x22\x00q{b*\xc6\xc7\x9e\
\x07\xf2\xef36\xf2\x1aa\xf7\x02c\x1b;\xd5'\xdb\
\xaf\xd9\xd9!\xcf\x01k\x0c;/5&\xacg\x00\x9d\
\x9d\xf4\xef\xa6\xb0\xf3\x1a\x83\xc9\xe4\xf8\xa28\x01$ \
\xdc\x8a_0x1=\xb7\x01|\x85\xd7\x87e\xd3\xb2\
\xdd#\x0c\xddI \xd9\xbc\xc720\xe9\xfe\xb0\x0a\x13\
\x0c\xb5\xea\xd2\xccI`\x10E\x15$P\x94\x004\x88\
`A\xcf\xe2\xa7(\xb19\xc8\x83\xf9\xea;\xcc-\xac\
V\x90\x80\xdb\xed\x80\xf2\x86-\xeb\xe2\x076\x0f\xec\xb0\
\xd3\x8b\xdb\xc5!\x19,N\x02\xc5\x08@\x83\x88Bt\
-~\x81\xee\x9d`\x08\xe7^\xd9\xfd\xbc\xc4\xbaq;\
\xf0^\xe1j\xf6\xea\x00\xba%\x7f\xa9@\xac\xa7\xfd2\
\xb1\xfa\xbc\xae\xfe`\xc7\xba\x8b\xc8\x1e3\x00\xef1R\
\x94\x04\x8a\x10\x80\x06Q\x89\xe2_)\xc1\xd8u\x19L\
[F\xfehk\xdbj\x93\x87q\x9f\x14\xbe\xd9\xdf'\
\x90t~R\x8e\xdf.\xf1h\x7f\xe8ad\xdbF\xa1\
1\x02\x09\xf0*\xc1\xb6;\xe6\xdbE\x08@Qy_\
\xf9er\xe5\xcd\xec\xd8\xec\xe5MZ\xf9\x0f\x89G\xe3\
\xe5\xb87\xa9`?-y\x89\x84\xed\x93\xecr\xae\x04\
\x1d\x9f\x96\x02b8Y\x97\xce?\xa6\x81U\xc9\x979\
\xf9M\xcac\xfc\x9d\xd4\xf7@'^\x1dp'\x01w\
\x02\xd0\x80*\xf1R_\xd1\x9fi\xd2U\x85\xcf\x06\xbc\
\xee\xc0\x00\xc8}\x98w\xe5Q\xb4_\x16\xe6\xdc\x1a\xbc\
@\xcb\x83\xdf'@\x1f\x09}\x99\xea\x7fYN\xa1\x03\
]Zuk\xafK\x98\xb9\x19\x1c\x1a\x92mn\x05\x90\
\xe1n\x8fu\xf7\x0b\xa3+\x01h`1\x05\xf7f\xb9\
\x8f(\xa1\xd8\xf5H\xe0N\x1b\xf2\xe1\x0ft\xd0\xe2\x03\
BR\xbb\xb7\x91cn\x0dxh\xf7\x80r\xf0\x15\xc9\
\xc7%\x7f+\x81\x18\x10\xd6\xd9\xf7\x15iz@B_\
\xa6\xfa\x9c\xabM\xd7\xc6\x07\x7f\xc0\xca\xd5\xe8\xb61\xe5\
\x8bY\x807\x09\xf0\x8eA\xd7\xb1\xea\x9d`w\x86K\
\x89\xdc\xceo\xa9m\x9e\x9e\x97\xb2\xdd\xdbe\x1a\xff\x03\
\xda\xe0s\xfb\x10\x03\xc2:\xfb8\xa6CE[\x0d\x18\
\xf5\x00\x94\xb8mt}\x1e\xe0F\x00\xba\xda\xb82[\
\xca ,\x9eV\xcb/DF\x1f\x90\x17o\x95D\x1b\
G\xe0\xad\x09\xa3\xf1\xa3\xce{\xe5\x0b3\x80,c\xe8\
H\xd7\xdd.\x94n\x04 \x00\xdc\x82\x92-\x1a\xf7\xfd\
$\x90\xf5\x9a\x84'\xf4\x9f\xa9\xc9\xa1J|\x01\x13\xb0\
\xa9\xc4\x9d\x8d\x1b\x85H\x80[\x01\x97[e\x17\x02(\
p\xf5\xa7\xf8K\xcc86\xa3f\xcf\x7f\x0d\xa8\xaf\xe9\
\xf0s%\xd1\xae\x22\xf0\xdc\x84\xcd\xd5\xbd\x15l\xc9/\
.$\xde\xb7\x03.\x17L\x17\x02P\x0e]\x82\x91\x1d\
\xda\x0d%\xac\xca\xe2\xc79D\xfe\xfd\xb3\x96wI\xa2\
m\x10\xb8+a\xb2\xd9\xaa\xf0\xbf\xfccLy\x92\xc0\
<f\x00\x8eW\x7fX\x9a\xe2gY\xe1\x10\xba\xea\x92\
\x06\xd4\xdb\xb5\xe7\xf5\x92\xa5\xb7\xd7',\xaa\xc7A~\
B\x02G?\x13850\x8f\xda\xf1\x98\x01x\x5c\xfd\
y\xa9\xaf\x99\xe2\xef\x07\x84\x06\xd4+\xb5\xfeN\xc9R\
\xdb;\x13\x06\xcd\xc4/\x7f\x19kk9\xec1\x1b0\
\xaf\x1dS\x02\xf0`0\x12\xa1\xa4\xb8\xb1\xb2\xec\xe5n\
|\x91\xa6\xcbG^s;~\xa6>b&\xf63\xd5\
\x949]c\x8e\xd9\x809\x09\xa8\x86Lo\x05L\x09\
\xc0!5\xd5>\xec\x9b\x1a\xbb\x06\xd27\xd5\xf7\x0e\x09\
\x05\xa1\xc5\x22\x1a\xb1\xde\x91bo6`\xf9\xefA\x02\
\xa6\xb3\x00k\x02\xb0t\xbe\xf9\xe2\xefG\xbe\x06\xd2\xff\
j\xfd9\x92%\xdc\x0e\x10\xe3sR\xcc\x0a\xb9\xed\xa6\
8\xf6\x92@\x86\xe8\xda\x9c\x01\x18O]fS\xfc\xfd\
\x00\xd1@\xfa\xa6\xe4Nm\xcf\xf9\xc1 \x0f\xfc\xeeT\
\x9c\xccz\x14\xea<\x9a\xe2\x81\x04\xcc\x1e>[\xd6\x92\
\xe5\x0c\xc0\x8c\xb9\x12\xe0\xf3\x18=[Q(6\x1e\x0c\
\xce\xf1%B^\xea#\xb6\xad\x88g\xb3i\xf9<\xc0\
\xac\x96,\x09\xc0*\xb3\x96@[\xf9|\x94^\x91\x00\
/\x11>U'\xf1\xee8-\x9an\xc4\xf0\xd4\x14S\
\xd3\x81\xecs^\xf11\x03@\xf6u;\xf5\xd8m\xa7\
\x9ex\xe8<K\x02\xb0r\xda\x0a\xe4CX\xb9\x1e\xd7\
\x80\xe2\xcdBO\x96\xd1\x96?;\x80\xefON\xb1(\
\x94\xd9\xb7+\x17\xa7\x16\xa2\xb5$\x00\x8bi\x0b\xaf\xc1\
.\x82\x00\x18<*\x9c\xafI~Y\xeb\xcf\x96\x94\xf8\
(\xb1\xcc\x9e\xd4\xf0\xf5\xd9\xf8.\xe1\xad\xcf')i\
\xed$\xc5\xca\xd8Dr\xbbnQK\x9d\x8f\x96\x04\xd0\
\x19\xc8\xfc\xef\xfe\xcc\xfa\x9aP\xa7\x81\xf5\x01\xc9\x0f\xca\
\xd9\x17K\xf8\xb6\x1c-\xaal\xf8\xf6b|\x95\xf0\xc9\
\xc7*\x9d4v\xaa\xa91\xda\x1a\x01\x18\xe7\xaen\xf5\
**\xbe(\xe3Q\xf2\xf2\xe5\x12\x8f/\x1a\x95\x99I\
\x0d_~S=\x1f\x95|\xd4\xeab\x9b\xc5\x0c\xc0\x0c\
\xcc\xd6\x08\xa0)p-\xb2\xa6\x02\xfb\x86\xe4\x8d\x92\xc7\
H\xff\xf3$\xd6\xbf; \x13;\x1b\xb6\x9f\x87/\x92\
7H\xf8\xea\xb3\x9d\x9d\x97t\xa0\x95X[#\x80V\
pu\xf1S\x05w\xaf\xe4\xc7d\xec\x89\x92WI\xac\
~\x8bP\xaa/\x1b6\xb0\xf5DlK\x5c\xbf\xba\xfb\
\xd2\x8bX\xc9\x82@\x10@\x16\x18\xcb*Q\x11~J\
\xf2\xbb\x92\x1f\x96'\x8f\x9403x\x9b\x96<\x8c\xd3\
\xe2\xac\x86\x0et\xa1\xf3\x91\xd8\x90`\xcb\xf3\x17{\xce\
\x0a N\xde\x8d@\x10\xc0nl\x9a<\xa2\xe2\xfc\x92\
\x84\x99\xc1\x8b\xb4\xe4\xc1\xe1\x83\x15\xc8\xf7K\x9e)\xe1\
'\xc4\xf8\xce\xbd\xdf\xd7\xfa\x9fJ\xf8\xe5\x1d\x84u\xf6\
q\x8c>\xf4\xe5\x9c\x07\xa3C\x82.t\x9a\xfeJ\xaf\
\xfc\x89\xe6\x8c@\x10\x803\xe0\xde\xe6T\xbc<3\xf8\
\xac\x96\x7f/\xf93\xc9k%/\x93\xbcP\xf2\xf3I\
Xg\x1f\xc7\xe8C_\xce\x89{\xfa\xe3\x13\xf6\xf4\xe3\
O)wFk\x04`\xf9\xe1\xa2rY\x08\xcb\x81@\
!\x04,\x09\xc0\xe2\x89\xbd\xd9\x1b\x22\x0a\xe1\x1ff\xe7\
\x87@S\x17)K\x020I\xad\xe5'\xa3L\x1c\x0e\
\xa5\x8bA@c\x93O\x05Z\xc4k\xf6\x16cK\x02\
\xb0r\xba)\x86\xb5\x18\x0d\xa1\xb3Z\x04nV\xeb\xd9\
\x0e\xc7,\x09`\x87\xc9\xb3w\xf3\x9d\xe9VL{\xb6\
s\xa1`\x99\x08\x18^\xfd\x01\xd4\xe2v\x1a\xbd+3\
\x02\xd0\xd3e3\xa7\xe5\xb9\xeb\xcf'\xc9^\xb4@`\
'\x02\xa9\xf8\xcdf\xa6\x96\xb5dF\x00\x09-K\x12\
p\xfb9e%\x98Y\x07rK\xeb\xbb$\x1eP\xa6\
\xa4[/\x94\x03r\x81\xec\xca\x05\xfb]\xf2\x81/\x8a\
\xd7\xac\xf8\xa5\xdb\xb2\x86\xecf\x00r\x9cf\xfd\xc9\xa8\
\xec$@B\x93\xa0\x1b\xb9P \xfc\xa49B\xa2w\
I\xd7W\xe7\xd2Xg\x10\xc6\xad\x8a\xc0;\xa7\x09L\
\x0a\x1d<{96\x1f\x9c\xd7\xe5\x02]\xe7\xf8\xb2}\
n\xd2\xc7\xb8\xe8\x0e\x19\xfd3\xad\xa1\x96g\x00=\xde\
]\x82\xfb\x8dS\x97$SB2{\xe1\x0a\x82\x9c\xa2\
\x92\xf3:\xa2\x90NZ\x16\x1fOq\xa4\xc5s\x04X\
_\xf4}\xb1\x83g/\xc7\x86\xc4y].t\x22y\
@\xce&f\xf9\x88\x0e\xc6\x8a\xd4\xda5M\xff\xb1c\
f\xc0\x94\x00\xe4<\xd3\x17\xc4,\x80\xa4\x98g\x02\xca\
\xc9\xc5Q`\xe9\x84\xb1\x81\x96Tf]t\x83P\xf6\
hG\xf9\x98\xd5\x8b\x8a\x95\x09\x98\x22\xb9\x90\xdd\xa3\xf2\
\xa1\xfe\x9d\x9f\x82\x12R\xd1\xc2\xb4Y\xbd\x92v\xe9\xb4\
)\x01$+\xe6A$;,.\x89@\x89b\xdaG\
\xe1\xb1\xbf\x13\xed#y\x08W\x81\x0b\xed\x84\xc1\xaf\xf4\
\xd1>\xebv\xe9\xa3\xb5\xa1V\xf4+/\x14a\x91\x5c\
\x08\xa3\xcb|\xe0\x87\xe4\xcax`;\x09c\x06\x1f\x91\
+}\xa4\xa3\xd9fN\x00\x8e\xb3\x80a\x12`g\x84\
\xa4)\x7f\x9b\xa6\x0e$\x0f\xa9!\x81\x97\x03O~-\
\xb2)+\x1d\x19+xr\xa5E\xd1\x86\x0f\xc8\xbe1\
\xb3s\xdc\x18x\xce\xd7\xdfA\x8c\x06\xaa\xbf\xa5\xd2\x9c\
\x00\x92)\xcfY@2\xd9\xcc\x02\x22`\xb6b\x9e\xec\
Z\x10\x19\x14~-d\x5c\x0b4C?L\x1f\xfe\xf5\
\x86\x5c\x08\xa0\xd0,\xa0\x8f\xb1\x85%W\x9e\x8e\x08Z\
p\xf6\x1c\x1fU\xfc\x10]\x14\xfe\x01\x10U3\xe0t\
\xa0\xd7\xf9\x87]\x08 \xb9\x19\xb3\x80\x04\xc4\x9e\xc5\xac\
I@\xc5O\xe1Cv{ \x88CB\xc0\xadV\xdc\
\x08@\x8c\xc6\xab\x01\x88\xe2\x8b\xb6\x07\x01H\x80\xfbP\
\xcf\xfb\xcd=\xee\x9c\x7fH\x85\xdf\xdf\xeb\xcf&\xa6!\
*\x99\xd7]\x7f\xf6\xce\x8d\x00\x00I$p\x83e\xc8\
A\x04(\x94Y\x90\x00\xc5\xafh\xb9\xf2\x13\x93V\xa3\
\xedC@5\xe22\xf5\xef}p%\x80d4H \
\x011a1\x07\x12\xa0\xf8'\x84\x1a]\x84\x80\xdb\xd4\
_\xb6\xba\xe6N\x00b8n\x03\xdc\x03\xed\xa2m\xf3\
_\xb3\xf7\xcc\xba\xfaG\xf1O\x1fs\xaeS\xff\xde-\
w\x02\xc0\xb0H\x80i\x0eD\xc0f\xc8~\x04\xfa\xfb\
\xe7\xfd\xbd*;\xaa\xe2'\xc7\xb3\x9f\xf6g\x82\xdd\xe5\
5\xff1_\x8b\x10@r$f\x01\x09\x88\x09\x0bH\
\x80\x82\x9a\xd0\xb5|\x97T\xfc\xcd\xce\x5c\x0a X\xac\
\x16\x8a\x11\x80f\x01\xcc\x00\xe2y\xc0\xf4\xd1\xc6\xab\x03\
\xd5_Q\xa3\xf8\xa7'4\xf5\xbc\x91j!m\xfa.\
\x8a\x11\x00a\x12\xb8d\xadu\xc8@\x8bh\x07\x10h\
\xe1\xa1`\x5c\xf9\x0f$1\x1df\xda\xcf\xf0/:\xf6\
\x8b\x12@\x02b%\x14\x98\x09\x14\x05\xa2\xf7\xa5\x81e\
\xb5\x05\x96\xae\xfe\x0d@\x98\xc7\xc53\xb4P\xfc\x8c\xf9\
3T\xe49\xb5\x0a\x02 \x94 \x01P\x98$<\x0f\
\xa8\xeeV \x15\x7f\xb5\xe44\x09Y\x9fN\xd5\x14?\
\xe1VC\x008\x93H\xa0\xd8\x03\x11|hD\xa2\xd0\
\x1aI\xd4\x96\x9b\xbc\xd4W\xc5\x95\xbf\xf7\xab*\x02\xc0\
)\x91\xc0-\x09\xcf\x05\x82\x08\x00d\x5c\xaa\x9a\x05\xc4\
\xd5\x7f<I\x83\xbd\xdc\xde\xf2\xb0\xaf\xbaWr\xaa#\
\x80\x1e4\x91\x00`\xd5H\x02$s(\xbd\xcb\xde\xcb\
\x98\x05l\x10/\x92\x8b\x8d\xe9\x83\xff\xf1\x8d\xc2GX\
?x\x82w\x87j\x09\x00  \x01I\x0d\xb3\x01\x92\
G\x12q\x87\xe5P\xf0\x8fi\x1dd\x85\xe0\xba\x87T\
1\x0b\xd0\xd5\x9f\xe7\x11\x9ed\xd4\xe5B\x00\x93\x83\xed\
|\xb0M>\xc8\x03\xa2n\xc5Z7\xdd\x97C\xf8[\
\xcc\x89C\x86\xab&\x80\xdey\x81X\xe2\xb6\x80\xc4\x0d\
\x07\x19\xdb\xbdKW\x96\xf2\x8f\x07;\xf8\xd8\xcfZ\xbc\
\x06\x9fg\xe1]\x89y\xb0\x01\x01\x0c6\xcdV\xc1\x9f\
| \xe0\xcd\xf6\xa81\xe5\xa3\xcb\x85\x96\xded\x80O\
\xf8\x87i\xc6\xc2\xa8\x7f5\xedl\x82\x00z\xc0\x84*\
\x89\xb5L\xea0\x81$\x92\xed\xde\xfc\xa4e\xf2\x91\xe4\
{\x91\xc0$\xbf\x0c;y\x90\xd0\xc9W\xd3>\x1fZ\
Z\x8d\x1b\xc6\x08\xc2xAX7\x84;\xaf\xea\xa6\x08\
\xa0\x0f]\xc9\x84\x08\x10\xad\xae\x87\x89\x05|\xa4\xef\xba\
oI?\x84B%qk\xfd\xb1d\xdf\xbe\xf3&\x1d\
\x93.H\x80[\x83I\xfdO\xecT\xf46 M\xff\
Ot}\xf2i\xe4\x04,'\x9f\xb0\xab#9Ir\
\xd6\x98\x91~\xc6\x08\xb9\xc5\xb7^\xd8\xa7Cm\xb5&\
\x09`\x1b\xe2\x94T\x08\xa1O\x86vm\x9a\xfav\x89\
\x1a.7G\xd6}_\xce3I\xdez\xbdF/\xf6\
e\xde\xacy\x5c\x81w9o=\xfd'G`\xb8\xcb\
\xfe\xc9\xfb\x95\x1b\xf2\x8e`\x03\xd1\xae\xf5Z\x0a\xc9\xd7\
\xa5\xac\xaf\xfe\xd1\xaf\x97\xbd\xb7!\xd2\xd3D\x9b\x05\x01\
\xecCZ\xf9\xeb\x125\x5c\xee\xeb\x9f\xfb\x18v\xa5\x93\
Y\x86\x16\xb3k\x96\xe4\xc3\xb4\xdf\xa4\xf8\xf7e\x81|\
\x0de_\xdf9\x1c\x9b=\x01\xd4\x90$\x0d(\xa6\xb0\
V\x83\xd9\xfa*\x5c\x02B\x8a\x1f\xccJ\xd8^\x94\xcd\
 \x00\xa7t\x8b\x04\x98V\x9aXs\xba\x17\xbf\xe2\xbb\
\xa5MaUm\xf1_\x01a\x06\x1bA\x00\xbeI\xb4\
\x9a\x05\xf8F\xb1\xb1f5\xf3\x98\xeb\xed\xd2\x06\xb5\xca\
\xfe\x07\x01\xf8&\xc4jp[\x15\xa3/:\x1bks\
\x22\xc9MD\xcb\xbe\x1c\xd2\x00\x00\x03\xdaIDAT\
\x15\xff\x0f\x02pL\x8e\xa6\xb6\x0cn$\xb7\xd5\xdbr\
+\x9c\xa0\xcf\xc4f\xc2h\x82\xf9\xe8\x92\x03\x81 \x80\
\x1c(\x96\xd7Qb\x06`a\xd3\x82\x1c\xb3eg\x8e\
\x8a\x82\x00\xfc\xb3\xea\xf2\x9bo\xfeae\xb1\x18\xd8d\
\x81q\xba\x92 \x80\xe9X\xe5\xeair\x95\xb3|*\
\xbf\x1d\xb8l\xc5S\xfamP\x1a\xdd\x0e\x02h4q\
#n[\xbe)g\xc4\x9c\xc9.\x13r4\xf1t&\
J\x83\x00\x9c\x13i\xf8\x90\xcb\xe2\x9e|\x17:&d\
c\x88\xcd\xae8&\xef\x9fk\xc7 \x802\x995\xb9\
\xd2yL\xcd\x0dm\x98`R&\xbd\xedX\x0d\x02h\
'WS<5\xfd\xed\x80T\xfc&W\x7f\x05\x17\x0f\
\x00\x05\x82w\x0b\x02\xf0F|c\xcf\xea\x0dAh\xb7\
*Pk\xdd\xe8\x0fqF \x08\xc0\x19p\x07s|\
G@\xf6\x1f\xe5\xd4\xd5?\xbb\xce-,\xaa\xbd\x05\xd8\
\xf2sV\x9bA\x00\x05\xd2\x99\x1evY\x0e\xf8\xac$\
\x90\x8a\xdf\xf4!c\xc2\xa4@6\x96m2\x08\xa0\x5c\
\xfe-o\x03\x88\x0a\x12P\xed^\x9c\xfc\x9a\xbdN\xee\
tH\x99i\xf1K\xbf5\x162\x11m\x0c\x81 \x80\
1T\x1c\xf69^\xf1x0\xa8Z\x9eN\x04\xeaL\
\xe13\xe5G\xcc\xd1\x10\x16'\x93\x94\xb9s37\x10\
\x04P6\xc1\x96\xb7\x01\xdb\x91]\x12\x81\x0a\xfcV\x12\
\x0a\xbd\x17\xf6\xf1\xe3\xa3\x17:\x91\xc2\xb7\xbe\xea\xcbL\
\xd7\xaa\xbe\xfaw\x1e\xce\xf8_\x10@\xd9\xe4\x96\x18\xfc\
\xbcJ\xd0\x0b\x85\xde\x0b\xfb\xbc\x8a\xbe,\xeaa\xfd\x12\
\x81 \x80K(\xfcW4\xf5e\x06\x80\xf8\x1b\xaf\xc4\
\xa20\x88\xe9\x7f\xc1\x5c\x04\x01\x14\x04?\x99.1\x0b\
H\xa6\x8b/\x96\x1c{q\xf0q \x08\x00\x14\x0a\x8a\
\xae\x80\xcc\x00\x90\x82^\x141]\xfd\x17\x7f\x16A\xc5\
\xd9h\x10\x803\xe0c\xe6D\x02|a\xe8\xa2H@\
1\xc7\xd4\x7fl08\xef\x0b\x02p\x06|\x8f\xb9%\
M\x87\x97\x14\xeb\x9e\x94\x97?\x14\x04P>\x07\x9d\x07\
\xba\x222\x03XBa\xc4\xd4\xbf\xcbx\x1d\xff\x82\x00\
\xea\xc8C\xe7\x85H\x80i1D\xd0m\xcf\xf0\x1f\xbf\
\xd2D\x8c\xd5\x87\xb6\x14\x07\x83\x00\xea\xcb\xf4\x9cg\x01\
s\x8e\xad\xbe\x914\xc1\xa3 \x80\x09 yv\xd1,\
\x80\x19\xc0\x1c\x0b\x85\xa9?\xb1y\xc2\x19\xb6\x0e \x10\
\x04p\x00\xa0\x12\x87E\x02L\x93\xe7D\x02\x14?1\
\x95\x803l\xeeA \x08`\x0f8%\x0f\xcd\x88\x04\
\x9a+\xfe\x92y\xf7\xb6\x1d\x04\xe0\x8d\xf8\x11\xf6f@\
\x027R\x0cGD\x1d]=\x11\x08\x02\xf0D\xfb\x04\
[\x14\x90d\xadS[\xba\x7f\xc6W\x8a\x9f\xa5\x5c\x8f\
V+\x02A\x00\xb5ff\xcb/\x91\x00\xef\x16l\xe1\
\xb9\x00/\xf5E\xf1o\xe5\xaf\xd6\xcd \x80Z33\
\xe2\x97H\xe0\x96\x84\xd9@\x8dD\xc0\xd5\x9e\xc2\x87\xa8\
F\xbcoc\xd7\xd2\xbc\x0c\x02h0\xe3\x22\x01\x9e\xa8\
\xd7B\x02\x97\x85/\xbfXo\x10\xd1\xe5\xba\x1c\x04\xd0\
h\xeeUl5\xcc\x06x\xc2\xcfU?\x0a\xbf\xd1q\
\x14\x04\xd0h\xe2z\xb7\x0b\x10\x01\xc5N\xe1\xcb\xf4\x9a\
\x99H\xefJ,\x1bD \x08\xa0\xc1\xa4\x8d\xb9\xacj\
\xecf\x04Z\xaeu\x9c\xdb\x03D\xabY\x1aE\xcf\xbd\
=W{d\x96\x85\x9f\x05\xa9\xc6\x94\x04\x014\x96\xb0\
)\xee\x8a\x04 \x03dH\x06\x10\x02\x85\x8c\xecR\xc3\
\xb1^\xe8O\xb1K\xdd\x9a%O\xf79\xb6\xeb\xdc\xd8\
\xdf \x02A\x00\x0d&\xed\x18\x97\xd7\xeb5D\xd0\xcb\
\x0dm#Z\x8c6\x8e\xf5\xc29Q\xf0\xc7\x80\xdd`\
\xdf \x80\x06\x93\x16.\x07\x02\xb9\x10\x08\x02\xc8\x85d\
\xe8i\x1a\x81\xa5:\x1f\x04\xb0\xd4\xccG\xdc\x81\x80\x10\
\x08\x02\x10\x08\xd1\x02\x81\xa5\x22\x10\x04\xb0\xd4\xccG\xdc\
\x81\x80\x10\x08\x02\x10\x08\xd1\x96\x8d\xc0\x92\xa3\x0f\x02X\
r\xf6#\xf6\xc5#\x10\x04\xb0\xf8!\x10\x00,\x19\x81\
 \x80%g?b_<\x02A\x00\x8b\x1f\x02\xcb\x06\
`\xe9\xd1\xff?\x00\x00\x00\xff\xff\xcd\x0ew\xd2\x00\x00\
\x00\x06IDAT\x03\x00\xc8z\xc7\xa6\xe7\xf3\x07U\
\x00\x00\x00\x00IEND\xaeB`\x82\
\x00\x00\x15f\
\x89\
PNG\x0d\x0a\x1a\x0a\x00\x00\x00\x0dIHDR\x00\
\x00\x01\x00\x00\x00\x01\x00\x08\x06\x00\x00\x00\x5cr\xa8f\
\x00\x00\x10\x00IDATx\x01\xec\x9d]\xc8eU\
\x19\xc7\xf7\xc9\x0b\x8b\xa0\x22l \x14\x83P\xea\xc2\xd2\
+%Rs0q\xbc\xb0\x02\xcb\x9b\xa0/+\x8a\xfc\
\xa0\x8b0R\x98\x19\xd0H\xba\x08?\xa2\xa8\xec\x0b\xba\
\xb1\x84\xca\x0b\x15\x9315B\xaf\xb4\xbc(\x94 Q\
\x82I\xa2\x82(/\xe4\xf4\x7f\xe6]g\xe6\xcc\xfb\x9e\
3g\x9f\xbd\xd7\xb3>\xf6\xfa\x0d\xeby\xd7>\xfb\xec\
\xbd\xd6\xb3~\xcf\xb3\xfek\x9d\xfd~\xcc\xeb:\xfeA\
\x00\x02\xcd\x12@\x00\x9a\x0d=\x03\x87@\xd7!\x00d\
\x01\x04\x1a&\x80\x004\x1c|\x86\xde6\x01\x1b=\x02\
`\x140\x084J\x00\x01h4\xf0\x0c\x1b\x02F\x00\
\x010\x0a\x18\x04\x1a%\x80\x004\x1ax\x86\xdd6\x81\
\xc5\xe8\x11\x80\x05\x09j\x084H\x00\x01h0\xe8\x0c\
\x19\x02\x0b\x02\x08\xc0\x82\x045\x04\x1a$\x80\x004\x18\
t\x86\xdc6\x81\xe5\xd1#\x00\xcb48\x86@c\x04\
\x10\x80\xc6\x02\xcep!\xb0L\x00\x01X\xa6\xc11\x04\
\x1a#\x80\x004\x16p\x86\xdb6\x81\xdd\xa3G\x00v\
\x13\xe15\x04\x1a\x22\x80\x004\x14l\x86\x0a\x81\xdd\x04\
\x10\x80\xddDx\x0d\x81\x86\x08 \x00\x0d\x05\x9b\xa1\xb6\
M`\xd5\xe8\x11\x80UT8\x07\x81F\x08T-\x00\
\xf3\xf9\xfcL\xd9\xe5\xb2\xcf\xc9\x0e\xc9\xee\x92\xdd+\xfb\
16\x87\xc1<:\x03\xcb-\xcb1\xcb5\xcb9\xcb\
\xbd3k\xd6\x8a\xaa\x04@\x93\xfa\x1c\xd9\x0d\xb2_\xca\
\xfe.\xf0/\xc9~#\xfb\x9e\xec\xa0\xec\x06\xd9gd\
\x9f\xc4:\x18t\xd1\x19XnY\x8eY\xaeY\xceY\
\xee\xbdd\xb9(\xb3\x9c\xb4\xdc<G\xb9WM)^\
\x00\x04\xf6t\xd9\x17dO\x88\xea\xf3\xb2\xbbd\x1f\x96\
\x9d!\xa3@\xa0\x04\x02\x96\x8b\x96\x93\x96\x9b\xcf[\xae\
\xca,gO/\xc19\xf3a\x9d\x15+\x00\x02x\x86\
\xecv9~T\xf6\x1d\xd9\xc52\x0a\x04j `\xb9\
j9{\xd4rXf\x02Q\xa4\xdfE\x0a\x80\x80}\
M\xb4^\x94Y\xfd&\xd5\x14\x08\xd4H\xc0r\xd7r\
\xf8\xc5\x90\xd3\xc5\x8d\xa1(\x01\x10\xa4\x03\xb2?\x8a\x92\
\xad\xfcoPM\x81\xc0\x14\x08X.\xdfn\xb9-;\
P\xd2\x80\x8a\x11\x00\x81\xf9\x86\xc0<(;OF\x81\
\xc0\x14\x09Xn?\x18r=\xd9\xf8N\xd5Qv\x01\
\x10\x8c}\xb2\x87\xe4\xe4\xcd2\x0a\x04Z p\xb3\xe5\
\xbcl_\xee\xc1f\x15\x00\x01x\xaf\x00<.\xbbR\
F\x81@K\x04,\xe7\x1f\x0fs \xdb\xb8\xb3\x09\x80\
\x06~\xa1F\xfd\x88\xec]2\x0a\x04Z$`\xb9\xff\
H\x98\x0bY\xc6\x9fE\x004`[\xf9\x1f\xd0\x88\xb3\
o\x81\xe4\x03\x05\x029\x09\xd8\x1cx \xcc\x89\xe8~\
lj0\xb9\x00h\xa06\xe0\xfb\xe4\x98\xd5\xaa(\x10\
h\x9e\x80\xcd\x85\xfb\xc2\xdcH\x0a#\xb9\x00ht?\
\x95\xd9\xd6G\x15\x05\x02\x10\x08\x04lN\xd8\xdc\x08/\
\xd3TI\x05@\x0ag\xdf\xea\xb3\x87\x1fiFG/\
\x10\xa8\x8b\xc0\x95a\x8e$\xf3:\x99\x00h`\xf6\x03\
\x10|\xab/Yh\xe9\xa8R\x02\xf6-B\x9b+\xa3\
\xdd\xef\xd3@2\x01\x903\xdf\x94Q \x00\x81\xcd\x04\
\x92\xcd\x95$\x02\xa0\xd5\xdf~\x1e\xda~\x0aj\xf3\xd0\
\xb9\x02\x02\x108/\xcc\x19w\x12\xee\x02\xa0\x81\xd8o\
B\xdd\xea>\x12:\x80\xc0\xb4\x08\xdc\x1a\xe6\x8e\xeb\xa8\
\xdc\x05@\xde\x7fYf\xbf\x0c\xa1\x8a\x02\x01\x08\xf4$\
`s\xc6\xe6N\xcf\xcbO\xbe\xac\xef+W\x01\x90\x82\
\xd9\x1fD\xb8\xbe\xaf3\x5c\x07\x01\x08\x9cD\xe0\xfa0\
\x87N:\x19\xf3\x85\xab\x00\xc8\xd1O\xcb\xecw\xa2U\
Q \x00\x81-\x09\xd8\xdc\xb19\xb4\xe5m\xfd/\xf7\
\x16\x80\x8f\xf7w%\xca\x95\xcf\xaa\x15\xfb\x11\xe3\x9f\xab\
\xc6\xba\x0e\x06q\x19XnY\x8e)\xbd\x92\x15\xd79\
\xe4&\x00\xda\xba\xd8\x1fG\xb4?\x8d\xe4M\xeaiu\
\xf0Y\xd9[f\xb3\xd9\x05\xb2\x0f\xc9\xae\xc5f0\x98\
Eg`\xb9u\x81\xe5\x9a\xccr\xcerO\x87\xae\xe5\
\xe20\x97zw\xb2\xcd\x85n\x02 '\xae\x92y\x96\
\xd7\xd4\xf8\xf5\x9a\xe8\x17\xc9\xee\x95\xfdK\xaf)\x10p\
'`\xb9&\xb3\x9c\xbbH\x9d\xd93.\xcbE\x1d\xba\
\x15\xb7\xb9\xe4)\x00\x97\xbb\xe1\xe8\xba\xbf\xa9\xedK\x14\
\x84o\xab\xa6@ \x1b\x81\x90\x83\x97\xc8\x01\xcbIU\
.\xc5m.y\x0a\xc0\xfb]Pt\x9d\xa9\xed5\x02\
\xff{\xa7\xf6i\x16\x02[\x11\x08\xb9x\x8dn\xb2\xdc\
T\x15\xbdx\xcd\xa5\xceE\x00\xc2g\x16\xfb\x01\xa0\xe8\
$\xd4\xe0M\x01\xb8\x0e)\x10(\x83@\xc8\xc9\x9b\x9c\
\xbc\xb1?\x91\xdf\xeb\x7f \xda\xb6\x7f\x17\x01\x90\x13\xef\
\x90y\x94\xa7\x05\x9am\xbf\x07Y\xda\x1cM \xe4\xa6\
\xd7\x83\xc1w\x8fvpE\x03^\x02\xf0\xce\x15}\xc5\
8e\xff\x1dS\x8cvh\x03\x02^\x04\xbcr\xd4e\
Ny\x09\x80\xcbvE\x11\xfb\x85\x8c\x02\x81\x92\x09x\
\xe5\xa8\xcb\x9c\xf2\x12\x80\xb7:D\xe8Ym\xb1\xf8V\
\x9f\x03X\x9a\x8cG \xe4\xa8\xc7\x0f\x0bm\x9cSC\
F\xe1%\x00o\x1c\xe2\xcc\x86{\xec\xbf\x0a\xdbp\x09\
oC\xa0\x08\x02\x1e\xb9\xea1\xa7|\xbe\x0b\xa0\x10\x9c\
&\x8b]\xfe\x17\xbbA\xda\x83\x80\x13\x01\x8f\x5c\xf5\x98\
Sn\x02\xe0\xc4\x95f!\x00\x81\x98\x04\xbc>\x02\xc4\
\xf4\x91\xb6 \x00\x81\x0d\x04\x86\xbe\x8d\x00\x0c%\xc7}\
\x10\x98\x00\x01\x04`\x02Ad\x08\x10\x18J\x00\x01\x18\
J\x8e\xfb 0\x01\x02\x08\xc0\x04\x82\xc8\x10\xda&0\
f\xf4\x08\xc0\x18z\xdc\x0b\x81\xca\x09 \x00\x95\x07\x10\
\xf7!0\x86\x00\x020\x86\x1e\xf7B\xa0r\x02\x08@\
\xe5\x01\xc4\xfd\xb6\x09\x8c\x1d=\x020\x96`\x01\xf7\xcf\
\xe7\xf3\xcbd\x87dG\x96L\x87s;w\xa8\x00\x17\
q\xa1P\x02\x08@\xa1\x81\xe9\xeb\x96f\xb9M\xf0#\
\xba\xfe\xa0\xec\xb2%\xd3ag\xe7\x0e\xea\x1a+v\x9d\
\x9d\xc3 p\x9c\x00\x02p\x1cE]\x07\x9a\xd1\xb6\xea\
\xcf\xe5\xb5MrU\x1b\x8b\x09\x81\x09\xc5\xc6\x0b\xb9\xa0\
\x1d\x02\x08@\x85\xb1\xd6\xe4\xb7\xd5|\xc8d6\xd1\x18\
r_\x85\x94\xa6\xefr\x8c\x11\x22\x001(\xa6o\xa3\
\xef\xaa\xbf\xca3\x13\x01\xdb9\xacz\x8fs\x8d\x11@\
\x00*\x0bxX\xfdG{\xadv\xecy\xc1\xe8vh\
\xa0n\x02\x08@E\xf1\xd3\xa4\xb5\xad\xff\x98\xd5\x7fy\
\xb4\xb1\xdaYn\x93\xe3\xca\x08 \x00u\x05,\xe6\xa4\
\xb5\x8f\x02\xec\x02\xea\x8a\xffqoc\x1d \x00\xb1H\
:\xb7\x13V\xff\xd8\xbd\xc4\x14\x94\xd8\xbe\xd1^\x02\x02\
\x08@\x02\xc8\x05w\xc1\x0e\xa0\xe0\xe0\xa4p\x0d\x01H\
A9N\x1f.\xab\xb5v\x16\x88@\x9c\xf8T\xd9\x0a\
\x02PA\xd84I\xed\xe1_\x05\x9e\xe2b\x0a\x021\
\xfb@\x00b\xd2\xf4k\xcbe\xf5\x0f\xeez\xb6\x1d\xba\
\xa0*\x95\x00\x02Pjd\x82_\xac\xfe\x01\x04\x95\x0b\
\x01\x04\xc0\x05kU\x8d\xf2\x0c\xa0\xaap\xc5u\x16\x01\
\x88\xcb\xd3\xa35\xf7-\xbav\x19\x88\x80G\xe4\x1c\xda\
\x8c\xdd$\x02\x10\x9bh\xc4\xf641y\xf8\x17\x91'\
M\xed%\x80\x00\xeceR\xd2\x19\xf7\xd5?\x0c6U\
?\xa1;\xaaR\x08 \x00\xa5Db\x97\x1f\xac\xfe\xbb\
\x80\xf0\xd2\x85\x00\x02\xe0\x82\xb5\xbaFy\x06PA\xc8\
<\x5cD\x00<\xa8\xc6i3\xe9\xb6\x5c;\x0eD \
N\xdc\xaaj\x05\x01(0\x5c\x9a\x8c<\xfc+0.\
St\x09\x01(3\xaaIW\xff\x80 G\x9f\xa1k\
\xaa\x5c\x04\x10\x80\x5c\xe4\xd7\xf4\xcb\xea\xbf\x06L\xe3\xa7\
\xbd\x86\x8f\x00x\x91\xad\xaf]\x9e\x01\xd4\x17\xb3\xd1\x1e\
#\x00\xa3\x11Fo \xdbV\x5c\xbb\x0fD z8\
\xcbn\x10\x01((>\x9a\x80<\xfc+(\x1e-\xb8\
\x82\x00\x94\x15\xe5l\xab\x7f\xc0\x90\xbb\xff\xe0\x06\xd52\
\x01\xcfc\x04\xc0\x93\xee\x16m\xb3\xfao\x01\x8bK\xa3\
\x11@\x00\xa2\xa1\x9cDC<\x03\x98D\x18\xfb\x0f\x02\
\x01\xe8\xcf\xca\xfb\xca\x22\xb6\xdf\xda\x89 \x02\xde\x91.\
\xa8}\x04\xa0\x80`h\xd2\xf1\xf0\xaf\x808\x94\xe8\x82\
\xb7O\x08\x807\xe1~\xed\x17\xb1\xfa\x07WK\xf2%\
\xb8D\xe5E\x00\x01\xf0\x22\xdb\xb3]V\xff\x9e\xa0\xb8\
\xcc\x85\x00\x02\xe0\x82\xb5\xeaFy\x06Pu\xf8\xb6s\
\x1e\x01\xd8\x8e\x97\xc7\xd5\xc5m\xb9\xb5+A\x04<\x22\
\xbde\x9b).G\x00RP^\xd3\x87&\x1a\x0f\xff\
\xd6\xb0\xe1t\x1a\x02\x08@\x1a\xce\xebz)n\xf5\x0f\
\x8e\x96\xeaWp\x8f*\x16\x01\x04 \x16\xc9-\xdba\
\xf5\xdf\x12\x18\x97\xbb\x10@\x00\x5c\xb0V\xdf(\xcf\x00\
2\x870U\xf7\x08@*\xd2{\xfb)z\x9b\xad\x1d\
\x0a\x22\xb07f\x93;\x83\x00d\x08\xa9&\x17\x0f\xff\
2p\xa7\xcb\xbd\x04\x10\x80\xbdLR\x9c)z\xf5\x0f\
\x00j\xf01\xb8J5\x94\x00\x020\x94\xdc\xc0\xfbX\
\xfd\x07\x82k\xe8\xb6\x94CE\x00R\xd2\xae\xab/\x9e\
\x01\xd4\x15\xafA\xde\x22\x00\x83\xb0\x8d\xba\xa9\x9a\xad\xb5\
v+\x88\xc0\xa8P\x97\x7f3\x02\x900F\x9aP<\
\xfcK\xc8\x9b\xae6\x13@\x0063\x8ayE5\xab\
\x7f\x18tm\xfe\x06\xb7\xeb\xadR{\x8e\x00$\x22\xee\
\xbc\xfa\x1fN4\x0c\xba\x99\x18\x01\x04`:\x01}\xcc\
a(<\x03p\x80ZR\x93\x08@\xbah\xb8m\xa7\
g\xb3\x99\xdb\xb3\x05\xed\x5c\x10\x81t9\x92\xbc'\x04\
 \x01rM\x22\xb7\x09*\xf7\x17\xdb\xffE\xadS\x94\
\x1a\x09\xe4\xf0\x19\x01HC\xbd\xca\xd5?\xa0q\xf3=\
\xb4O\x95\x91\x00\x02\xb0\x01\xbeV\xef\xcb\x82\x1dQ=\
\xc86t1\xe6\xed\xe3\xab\xbe>\x06x<\x03\x18\xe3\
\xdb\xda{\xc5q4S\xb5q\xaaX\x1c\xd2\xfbf|\
|Y\x1b\x85\x9d7\x10\x80\x1d\x0e'}U\xf2X\x82\
Z\x82\xcd\xf5\xc6\x91`\x96LCMM$)\x1e\x22\
`c\x8e\xe2\xbc\xb8\xda\xa4\x8c\xc5\xd4\xfcZg\xb6k\
1;\x16\xc3\xd0\xaf]\x1be\x1cSj\x04\x01\xd8\x15\
MK\x16\x9d\xb2I_|\xc2h\xd5\xf7|\xb6 \x0c\
;ELF\xb1\xb0\xfbe\xc6\xd4&\xe5N\xa3i\xbf\
Z\xbf&\x06Ix\x0d\x19Z\xae{\x10\x80%\xf2\x99\
\x93t\xc9\x93^\x87\xc7\xb7\xffKW\xaf:\xb7\xf4v\
\xfaC1\xb5Ig\x93\x7f\x94\x88D\xf2\xfc\xa0\xfc1\
_\x225W\x7f3\x08@\x88\xa1\x12\xc3\x12\xb5\x84$\
\x0d\x1e\x9d\xbaJ\xb5\xfa\x07/l\x05\x0d\x87\xfd\xab\xc0\
t\xd0\xbd\xfd{\xd9\xfaJ\xfbxg\xb1\xde\xfa\xc6)\
\xde\x80\x00(\xaa\x85&\xaa<[[V\xae\xf4\x12\x05\
\x8fg\x00k\x9d\xe8\xf1Fi\x93\x7f\xe1\xb2\xed\x04\xaa\
\x11\xfb\x85\xd3\x1e5\x02\xb0C\xb5\xd4D\xdd\xf1n\xbb\
\xaf\x1e\x22\xb0\xf5d\x09\xa2\xba\x9d\xe7i\xaf.&\xe6\
i\x87}ro\xcd\x0b@\x05\x89zr\xc4\xf4J+\
}\xf2-\xac8m+\x02\xa5O0\xfb(\xb0\xed\x98\
D\x7fZ\xa5y\x01\xa80\x9c+\xb7\xffK\xe3\xd8\xf4\
\xfe\xd2\xa5>\x87\x12\x8b\xe4\x025p$\x08\xc0@p\
S\xba\xed\x035\x0d&\xc7\xea\x1f\xf8l\xb3\xa2os\
mh>KUU\xec=\x08\xb1\x03\xe8\xba\x9aV\x81\
\x8d\xab\xbb\x04\xc2\xe3\x19@\xd7\xf7_E\xab\xbf\x0d)\
{\xec\xcd\x89\x9c\x86\x00\xe4\xa4\xef\xd7\xb7\x87\x084?\
Y\xfc\xc2\x95\xafe\x04\xa0\xeb<&K\xe7\xf1O\xab\
{\xd6\xcf\xd6Z\xdd\xfb\x88@-\xdb\x7f\x0bQ5\xb1\
7g=\x0c\x01\xe8\xba\xdfz\x80uhs\xe3\xf6\x7f\
\xa9\xcfm\xae]\xbam\xdc\xa1\x04\x22\xab@\x0d\xf0\xbe\
\x96\xd8\x0f\x18Z\xbf[\x10\x80\xae\xabb\x15\xc8\xbd\xfa\
w;\xff6\xad\xee\x9b\xde\xdfi\x85\xaf\xc7\x08\x94\xf0\
\xa5y\x01\xd0\xc42\x010+!\x1e\xeb|\xd8jE\
\x0fcZ\xd7\x96\xcb\xf9\x0aW\xffN\x9cj\xdb\xb1D\
\x8f]\xf3\x02\x10\x88n5\xc1\xc2=\xc9\xaa\x81\x89\xea\
!j}\x9e\x01$\xe32\xb2\xa3\xa2c>rl\xbd\
oG\x00\x84J\x13\xcc&K\xa9\x09Q\x94_Z\xe9\
\xd7\x89@M\xdb\xff\xc3\x8ay\xf3\xab\xbfR\xbfC\x00\
\x8c\x82,$\x84\x09\x81^\x15S\xc6$j2\xe1\x90\
(\xd44\x99\x1e\x0b\xb1\xce\x1a\xe4R:G\x00\x96\x22\
\xa1\xc4\xd8\xaf\x97\xc9&\x8e\xfaZWL\x88\xf6\xcb\x9f\
\x12'\xd6\xaa\x95~\xd5\xb9uc\xcby\xde\x04\xd5b\
\x9c\xd3\x87\xa2\xfaF\x00v\x85#L:K\x92\x5cB\
p,I\xe5\x87\x89\xc0.\xef\xfa\xbf\x1c{\x7f\xdf\x9e\
*Y\xfd\x8de\xa9\x82\xda\x17\xb5\xcbu\x08\xc0\x0a\xac\
6yd\x87d3\xbd\xbd\x10\x03\x13\x04K$\x0f\xb3\
>,A\xad\xcb\x98\xab\xbe\xf9\xaa!D-\xeb\x9e\x01\
D\xed$4f\xfe\x0f\xb5e\xa6\xc6\xd6\xda\x09\xcdR\
-\x08 \x00\x0b\x12kj\xcd\xc8c\x9f\x19U\x9b \
X\x22y\x98\xf5QM\x82j\xd5_\x16\x01\xb7\xed\xbf\
\x98\x8fa],\xd35\xa9\x96\xe54\x02\x90\x05{\xb2\
Nm\xd7\xe2\xd6\x99\x84 \xe6ne\xb7\x9f\xae\xbe\xef\
\xee\xac\xd5\xd7\x08@\xab\x91\x1f7\xee\xc5\xaa\xbf\xa8\xc7\
\xb5\xb6\xe2n\xad\xfe\x9e\xe2\xb2\xa2\xc76O!\x00\x13\
\x8e\xbb&\x91\xdb\xc7\x0aV\xffi$\x0e\x020\x8d8\
\x9ej\x14\x1e\x22\xb0\xfc\x0c\xe0T}\xf3\xde.\x02\xa5\
\xbdD\x00J\x8bH=\xfe\xb0\xfd\xaf'Vk=E\
\x00\xd6\xa2\x99\xcc\x1b\xb5=L\xab\xcd\xdf\xaa\x13\x05\x01\
\xa8:|\xd3s^\xcf-x\xf8\x970\xac\x08@B\
\xd89\xba\xd2\x84\xf2x\x06\xe05\x94I\xaf\xfe^\xd0\
\xc6\xb4\x8b\x00\x8c\xa1W\xcf\xbd5\x89@=T'\xe0\
)\x020\x81 Ne\x08\xda\xad\xb0\xfdO\x1cL\x04\
 1\xf0L\xdd\xd5\xb0\xb5\xae\xc1\xc7L\xe1\xf3\xeb\x16\
\x01\xf0cK\xcb[\x10\x98\xfa\xea\xbf\x05\x8a\xa4\x97\x22\
\x00Iq\xe7\xe9L\x93\xab\xf4g\x00\xac\xfeyR\x83\
\xbf\x08\x94\x89{\x8enK\x17\x81\x1cL\x9a\xef\x93\x1d\
@\xf3)\x90\x1f\x80v(<\xfc\xcb\x14\x06\x04 \x13\
\xf8\x0c\xdd\x96\xba\xcd.\xd5\xafh!*\xb9!\x04\xa0\
\xe4\xe84\xe0\x1b\xab\x7f\xde #\x00y\xf9'\xeb]\
\x13\xad\xc4g\x00\xac\xfe\xc92`uG\x08\xc0j.\
S=[\xa2\x08L\x95u\x15\xe3B\x00\xaa\x08\xd34\
\x9d\xd4\xaed\xf2\x0f\xffJ\x8f\x1c\x02Pz\x84\xe2\xfa\
W\xd2\x96\xbb$_\xe2R\xae\xa85\x04\xa0\xa2`M\
\xc9UV\xff2\xa2\x89\x00\x94\x11\x87$^h\xd2\x95\
\xf2\x0c\x80\xd5?I\xc47w\x82\x00lf4\xb5+\
J\x11\x81\xa9q\xdd3\x9e\x1aN \x005Dib\
>j'\xc2\xc3\xbfBb\x8a\x00\x14\x12\x88\x84n\xe4\
\xde~\xe7\xee?!\xea\xf2\xbbB\x00\xca\x8f\xd1\xa4<\
d\xf5/+\x9c\x08@Y\xf1p\xf7F\x130\xe73\
\x80fV\x7f\xf7@F\xea\x00\x01\x88\x04\xb2\xb2fr\
\x8a@e\xa8\xa6\xed.\x020\xed\xf8\x165:\xed>\
x\xf8WTD:\xfe Ha\xf1H\xe5N\x8e\xad\
x\x8e>S\xf1\xac\xb6\x1fv\x00\xd5\x86\xae.\xc7[\
Z\xfdk\x8a\x0c\x02PS\xb4\x22\xf9\xaa\xc9\x98\xfa\x19\
\x00\xab\x7f\xa4\xd8\xc5n\x06\x01\x88M\xb4\x9e\xf6R\x8b\
@=d\x1a\xf2\x14\x01h(\xd8\xb9\x86\xaa\x1d\x07\x0f\
\xffr\xc1\xdf\xd0/\x02\xb0\x01\xd0\x84\xdfN\xb5-O\
\xd5O\x11\xa1\xaa\xcd\x09\x04\xa0\xb6\x88U\xe6/\xab\x7f\
\xd9\x01C\x00\xca\x8e\x8f\x9bw\x9a\x98)\x9e\x01\xb0\xfa\
\xbbE0N\xc3\x08@\x1c\x8e\xb5\xb6\x92B\x04je\
\xd3\x84\xdf\x08@\x13a\xce3H\xed2\x9az\xf8\x97\
\x87\xf2\xb8^\x11\x80q\xfcj\xbf\xdbs\x8b\xee\xd9v\
\xed\xdc\x8b\xf1\x1f\x01(&\x14\xd3r\x84\xd5\xbf\x8ex\
\x22\x00u\xc4\xc9\xc5KMR\xafg\x00\xac\xfe.\x11\
\x8b\xdf(\x02\x10\x9fim-z\x89@m\x1cF\xf9\
[\xeb\xcd\x08@\xad\x91\x8b\xe7w\xf4\xd5Z;\x0b\x1e\
\xfe\xc5\x8b\x8fkK\x08\x80+\xde\xf2\x1b\xd7d\xb5\x1d\
\x80Y,g\xa3\x0bJ,\xc7hg/\x01\x04`/\
\x93\x16\xcf\xc4\x9a\xb4\x87%(\xac\xfe\x15e\x10\x02P\
Q\xb0\xbc\x5c\xd5\xa4\x8d\xb2\x03P;MN~\xaf\xb8\
\xa4h\x17\x01HA\xb9\x82>4ygrs\x8c\x10\
\xc4\xdaE\xc8\x0dJ*\x02\x08@*\xd2\x15\xf4#\x11\
\xd8/7\x87\x88\xc0~\xdd\xcb\xea/x\xb5\x15\x04\xa0\
\xb6\x889\xfb\xab\x89l\x22\xd0w5\xb7\xcf\xfc\xbae\
6D4\x9cGB\xf3}\x08 \x00}(5v\x8d\
f\xf4!\xd9L\xc36!0\xd3ag\x93|av\
\x8eU\xbf\xeb\xba\xae\xf2\x7f\x08@\xe5\x01\xf4t_\x22\
`B`\xa6\xc3\x99M\xf8\x85\xd99\x13\x03\xcf\xeei\
;\x01\x01\x04 \x01d\xba\x80@\xa9\x04\x10\x80R#\
\x83_\x10H@\x00\x01H\x8c\xd0\xfe\xe8\x00\x00\x05\x0f\
IDAT\x00\x99.\xa6I`\x0a\xa3B\x00\xa6\x10\
E\xc6\x00\x81\x81\x04\x10\x80\x81\xe0\xb8\x0d\x02S \x80\
\x00L!\x8a\x8c\x01\x02\x03\x09 \x00\x03\xc1q[\xdb\
\x04\xa62z\x04`*\x91d\x1c\x10\x18@\x00\x01\x18\
\x00\x8d[ 0\x15\x02\x08\xc0T\x22\xc98 0\x80\
\x80\x97\x00\xbc6\xc0\x97M\xb7\xbc~\xd3\x05\xbc\x0f\x81\
\x14\x04z\xf4\xe1\x91\xab\x1es\xaa\xf3\x12\x80\xff\xf4\x80\
\xb4\xed%go{\x03\xd7C \x13\x01\x8f\x5c\xf5\x98\
Sn\x02\xf0\x0f\x07\xf0\xe7\xcf\xe7\xf37;\xb4K\x93\
\x10\x88F \xe4\xe8\xf9\xd1\x1a<\xd1\x90\xc7\x9cr\x13\
\x80\x97O\xf8\x1d\xf5\xe8\xa3Q[\xa31\x08\xc4'\xe0\
\x95\xa3.s\xca\xeb#\xc0_\xe2s=\xd6\xe2\xe7\x8f\
}\xe5\x0b\x042\x11\xe8\xd1\xadW\x8e\xba\xcc)/\x01\
\xf8S\x0fPC.\xb9P[\xac/\x0d\xb9\x91{ \
\xe0M \xe4\xe6\x85N\xfd\xfc\xd5\xa3]\x17\x01\x98\xcd\
f\xb6]y\xc5\xc3a\xb5y\xa7@\xbfO5\x05\x02\
\xc5\x10\x089y\xa7\x93C\xafhN\xbd\xe0\xd1\xb6\x8b\
\x00\x04G\x7f\x17\xea\xd8\xd5ij\xf0\xfe\x00\x5c\x87\x14\
\x08\xe4%\x10r\xf1~ya\xb9\xa9*z\xf1\x9aK\
n\x0f\x01\x8d\xc0\xa3\xf6\xc5\xc9\xde\xaev\x9f\x10x>\
\x0e\x08\x04%\x0d\x81U\xbd\x84\x1c|B\xefYN\xaa\
r)ns\xc9s\x07\xf0\xa0\x0b\x8a\x13\x8d\x9a\xda\xde\
\xa3\x00<%\xbbN\xc6\xb7\x08O\xb0\xe1\xc8\x91\x80\xe5\
\x9a\xccr\xee)us\x8f\xccrQ\x95[q\x9bK\
n\x02\x10>\xb3<\xe9\x86\xe4D\xc3\xf6\xd0\xe5\x07z\
\xf9O\x05\xe5\x19\xd9\xafe\xf7as\x18\xcc\xa33\xb0\
\xdcz\xc6rMf9g\xb9\xa7C\xd7\xf2d\x98K\
.\x9d\xb8\x09@\xf0\xf6g\xa1NU\xd9\x0f`\x5c\xad\
\xce>\x86u0\xe8\xa23\xb0\xdc\xb2\x1cSz%+\
\xaes\xc8[\x00~$L\xff\x96Q P5\x81L\
\xce\xdb\xdc\xb19\xe4\xd6\xbd\xab\x00h\xeb\xf2\xaa<\xb7\
\xcfH\xaa(\x10\x80\xc0\x96\x04\xee\x09sh\xcb\xdb\xfa\
_\xee*\x00\xc1\x8do\xa9\xfe\xaf\x8c\x02\x01\x08\xf4'\
`s\xc6\xe6N\xff;\x06\x5c\xe9.\x00R0\xfb\x81\
\xa0\xdb\x06\xf8\xc6-\x10h\x99\xc0ma\xee\xb82p\
\x17\x00\xf3^\x03\xf9\xba\xea\xe7d\x14\x08TG \x83\
\xc3\xcf\x859\xe3\xdeu\x12\x01\x08\xa3\xf8J\xa8\xa9 \
\x00\x81S\x13H6W\x92\x09\x80\x14\xed!\x8d\xf9\x0e\
\x19\x05\x02\x10XO\xe0\x8e0W\xd6_\x11\xf1\x9dd\
\x02`>k`_U\xfd\xb0\x8c\x02\x01\x08\xec%\xf0\
p\x98#{\xdfq:\x93T\x00\xc2\x18>\xa1\xfa\xcf\
2\x0a\x04\x8a'\x90\xd0A\x9b\x1367\x12v\xd9\xb9\
\xfe2\xd0\xca\x81H\xe1\x8e\xea\x8dkeV\xab\xa2@\
\xa0y\x026\x17\xae\x0ds#)\x8c\x1c;\x80N\x03\
\xfd\x83Fi?Vi\x03\xd7!\x05\x02\xcd\x12\xb09\
pu\x98\x13\xc9!d\x11\x00\x1b\xa5\x06\xfc\xb4\xea+\
d\xb6\xf5QE\x81@s\x04,\xf7\xaf\x08s!\xcb\
\xe0\xb3\x09\x80\x8dV\x03\xb7\x9d\xc0\xa5:\xe6\xc1\xa0 \
P\xca\x22\xe0\xec\x8d\xe5\xfc\xa5a\x0e8w\xb5\xbe\xf9\
\xac\x02`n\x09\xc0Q\xd9\x01\x1d\xf3-BA\xa04\
A\xc0\xbe\xd5w@yo\xdb\xff\xac\x03\xce.\x00\x8b\
\xd1\x0b\x86}\x8b\xf0*\xbd\xe6'\x06\x05\x812I\x02\
\x96\xdbW\x85\x5c/b\x80\xc5\x08\x80\xd1\x10\x98\x87d\
\xef\xd1\xf1-2\xfbe\x08U\x14\x08TO\xc0r\xf9\
\x16\xcbm\x99\xfd@\x5c1\x03*J\x00\x16T\x04\xc9\
~w\xc0\xfe{%\xab\xedw\xa2\x17oQC \x09\
\x81H\x9dX\xeeZ\x0e\x9f\x1dr:R\xb3\xf1\x9a)\
R\x00lx\x02f\x7f\x0a\xd9v\x02\xfb\xf4\xfa\x8b\xb2\
\x14\x7f^L\xddP 0\x9a\x80\xe5\xaa\xe5\xec>\xe5\
\xb1\xad\xfc\xf6\x1b\xb1\xa3\x1b\xf5h\xa0X\x01X\x0cV\
\x00_\x95}Wv\x89\xce\x9d+\xbbQ\xf6+Y\xb1\
P\xe5\x1b\xa5-\x02\x96\x8b\x96\x93\x96\x9b\xe7Z\xae\xca\
,g\xed\x0f\xe2\x14M\xa2x\x01X\xa6'\xa8/\xc8\
\xee\x96}D\xf66\xbdw\x96\xec\x832\xfb\xef\x98\x0e\
\xab\xbe[\xf6C\xd9O\xb0\x0e\x06]t\x06\x96[\x96\
c\x96k\x96s\x96{gY.\xca,'-7]\
\xfe\x03\x0f\xe5\xb3K\xa9J\x00v\x13\x10\xf4\x97e\x8f\
\xca\xbe/;$\xbbQv\x9d\xecS\xd8\x0c\x06\xb3a\
\x0cN\x91;\x96[\x96c\x96k\x96s\x96{\xf6\xbf\
`\xedN\xcdj^W-\x00\xd5P\xc6Q\x08\x14J\
\x00\x01(40\xb8\x05\x81\x14\x04\x10\x80\x14\x94\xe9\x03\
\x02\x85\x12@\x00\x0a\x0d\x0cn\xe5!\xd0Z\xaf\x08@\
k\x11g\xbc\x10X\x22\x80\x00,\xc1\xe0\x10\x02\xad\x11\
@\x00Z\x8b8\xe3\x85\xc0\x12\x01\x04`\x09\x06\x87m\
\x13hq\xf4\x08@\x8bQg\xcc\x10\x08\x04\x10\x80\x00\
\x82\x0a\x02-\x12@\x00Z\x8c:c\x86@ \x80\x00\
\x04\x10Tm\x13hu\xf4\x08@\xab\x91g\xdc\x10\x10\
\x01\x04@\x10(\x10h\x95\x00\x02\xd0j\xe4\x197\x04\
D\x00\x01\x10\x04J\xdb\x04Z\x1e=\x02\xd0r\xf4\x19\
{\xf3\x04\x10\x80\xe6S\x00\x00-\x13@\x00Z\x8e>\
co\x9e\x00\x02\xd0|\x0a\xb4\x0d\xa0\xf5\xd1\xff\x1f\x00\
\x00\xff\xffH\xd3\x99o\x00\x00\x00\x06IDAT\x03\
\x00\xe6\xf6I\x97\xbb\xef\x88C\x00\x00\x00\x00IEN\
D\xaeB`\x82\
\x00\x00(\x05\
\x89\
PNG\x0d\x0a\x1a\x0a\x00\x00\x00\x0dIHDR\x00\
\x00\x01\x00\x00\x00\x01\x00\x08\x06\x00\x00\x00\x5cr\xa8f\
\x00\x00\x10\x00IDATx\x01\xec\x9d\x0b\xd4~S\
\x9d\xc7_M\xc5,\x92\xc8,M!\xa1I\x1a!\xb7\
\x99L\x08\x8b\xa8\x94\xdb?\xc5\xf8\x17\xbaM\xb9Dk\
h\x12\xd2\xc4\xac\xc8\xa5{\xa8\xbf\xa1\xf4GJE,\
\x84F3n!\x934!\xa2&k\xa4$\xd6\xd0\xc5\
\xbf\xef\xe7m?z\xbd\xde\xf7y\xce>g\xff\xf6\xd9\
\xe7\x9c\xdf\xbb\xf6\xef\xdd\xe7y\xce>\xbf\xcb\xf7wy\
\xceu\x9f\xa7L\xf9\x9f#\xe0\x08\x0c\x16\x01/\x00\x83\
u\xbd\x1b\xee\x08LMy\x01\xf0(p\x04\x06\x8c\x80\
\x17\x80\x01;\xdfM\x1f6\x02X\xef\x05\x00\x14\x9c\x1c\
\x81\x81\x22\xe0\x05`\xa0\x8ew\xb3\x1d\x01\x10\xf0\x02\x00\
\x0aN\x8e\xc0@\x11\xf0\x020P\xc7\xbb\xd9\xc3F`\
d\xbd\x17\x80\x11\x12\xde;\x02\x03D\xc0\x0b\xc0\x00\x9d\
\xee&;\x02#\x04\xbc\x00\x8c\x90\xe8a\xbfd\xc9\x92\
\xa7\x8bV\x11\xfd\x8dh#\xd1\x16\xa2\xedD\xaf\x15\xed\
,\xda5\x10\xcb|\xc7:\xc60\x96m\xd8\xf6\xe9=\
\x84\xc6M\x0a\x08x\x01\x08@t\xadS\xe2.-Z\
WD\xe2\xee\xaf\xfex\xd1b\xd1\x7f\x88n\x13\xfdZ\
6=*\xfa\xb9\xe8\x87\xa2\xebDW\x88.\x12\x9d/\
\xfa\xb2\xe8\x9c@,\xf3\x1d\xeb\x18\xc3X\xb6a\xdbG\
\xe1%\x82'\xbc\x91\x81,d\x22\x1b\x1d\x96\x16\x1fo\
\x1dA`\xa6\x9a^\x00f\xa2Q\xe8\xb2\x92o\x1d\xd1\
\x1e\xa2\x0f\x8b\xbe&\xbaM\xaa>\x22\xfa\xbe\x88\xc4=\
I\xfd{D\xbb\x8b6\x17\xad%Z^\x94\xaa\xc1\x0b\
\x9e\xf0F\x06\xb2\x90\x89ltx\x04\x9dD\xe8\x86\x8e\
\xe8\xbaN*\xe1\xce\xc7\x0e\x01/\x00v\xd8\xd6\xe2\xac\
$z\xb6\x88_V\x12\xe92-\xf3K\xfe\x031\xfb\
\xa2\xe80\xd1kD$\xa3\xba\xa2\x1a:\xa1\x1b:\xa2\
\xeb\x0f\xd0]\x84\x0d\xd8\x82M\xcf.JcW\xc6\x9f\
\x05h;\x06\x94 \xcb\x8aH\x8e\x13\xd4\xdf }\xee\
\x13\xf1\xcbJ\x22\xbdR\xcb\xfc\xfa\xaa\xebdCwl\
\xc0\x16l\xba\x0f\x1bE\xd8\x8a\xcd\xcbv\xd2\xaa\x1e)\
\xed{\x00-8S\x09\xc0.\xfd\xc1\xea/\x91\xf8\x87\
D$\xc7\x81\xea7\x10\xf5\xbda#\xb6b\xf3C`\
 \x02\x0b?d\xc8\xe0\xf9\xd9\x22\xbc\x00\xccF\xc4\xe8\
\xb3\x82|C\xd1\x07E\xdf\x93\x08v\xe9\x8fS\xbf\x8d\
h\xe8\x0d\x0c\xc0\x82C\x86\xef\x09\x1f0\xdap\xe8\xa0\
\xe4\xb2\xdf\x0b\x80!\xd2\x0a\xe6\xb5E\xef\x17\x91\xf4\xdf\
\x95\xa8\xc3E\xeb\x89\xbc\xcd\x8d\x00\xd8\x80\xd1w\xc1L\
\x04vk\xcf=\xd4\xbfM\x81\x80\x17\x80\x14(\xce\xe0\
\xa1\xa0}\x8aho\x11\xbb\xf7?\xd2\xaa\xa3E\x04\xb6\
:o\x11\x08\x80\x19\xd8\xfd\x08,E`\xea\xf1\x1a\x01\
`\x95\xa1\x0eh\x15\x94*\x8cQ\x80\xae':AC\
\xef\x17-\x12\xb1k\xab\xce[\x02\x04\xc0\x12L\xef\x07\
c\x11\xc5!\x01\xdba\xb1\x98\xcbZ/\x00s\xa1\x12\
\xf1\x9d\x82\x91\xb3\xd9\xdf\xd0&\xec\xe6srk\x05-\
{\xb3A\x00l\xc1\x98s\x05\xdf\x00{\x1b1\xc3\xe1\
\xea\x05\xa0\xa6\xaf\x15|\xfb\x8a\xb8l\xc7\xd9\xec\x1dk\
\xb2\xf1\xcd\xea#\x00\xe6\xe7\xe3\x03\xd1\xbe\xf5\xd9\x0c{\
K/\x00\x91\xfeW\xb0\x1d \xfa\xb16;E\xc4%\
-u\xdeZD\x00\x1f\x9c\x82OD\x07\xb4\xa8G'\
E{\x01\xa8\xe86\x82Kt\xb7\x86\x9f(ZC\xe4\
\xad,\x04\xf0\xc9\x89\xf8H\xe4\x85`\x96o\xe6\xfb\xe8\
\x05`>d\xc2\xf7\x0a&v\xf5o\xd7G\x12\x7fU\
\xf5\xde\xcaF\x00\x1fQ\x08n\xc7we\xab\xda\xbev\
^\x00\xe6\xf1\x81\x82\x87\x93{\xd7j5\xbb\xfak\xaa\
\xf7\xd6-\x04\xf0\x19\x87\x06\xd7\xe2\xcbn\xa9\x9eO[\
/\x00\xb3\xb0V\xb0p9\xef<}\xcd\xc9\xbd\x8d\xd5\
{\xeb6\x02\xf8\x90\x93\x85\xe7\xe1\xdbn\x9b\x92^{\
/\x00\x01S\x05\x077\xf0\x1c\xa3\x8f\x5c\xce{\xbdz\
o\xfdB\x00\x9fr\xf9\xf0\x18|\xdd/\xd3\xc6[3\
n\xad\x17\x00\xa1\xa3\x80\xd8M\x1dw\xed\x1d\xaa\xde[\
\xbf\x11\xc0\xc7\xdc]\x88\xcf\xfbmi\x05\xeb\x06]\x00\
\x94\xf8Lyu\x86p:[\xc41\xa3:o\x03@\
\x00_\x9f-\xff\x9f!Ze\x00\xf6\xcek\xe2`\x0b\
\x80\x1c\xbf\xb7P\xb9E\xb4\xa7\xc8\xdb0\x11\xc0\xf7\xb7\
\x84X\x18$\x02\x83+\x00r\xf6\x8a\x22~\xf5\xb9\xb7\
|\xc5Az\xdd\x8d\x9e\x89\x001\xb0\x88\x98\x10\xb1<\
s]\xe7\x97'\x190\xa8\x02 \x07\xbfV\x80\xdc$\
\xa2\xf2\xab\xebU\xfb\x8d\xac\xe1\x04&W/>\xaee\
f\xe1y\xb3\xfaW\x8b\xfeN\xc4\x84\x1b\xcfS\xff,\
\xd1_\x8a\x9e\xbaT\xf8cY\xc4w\xacc\x0cc\xd9\
\x86m\xe1\x01/x\xc2\x1b\x19\xc8\xd2&\xbdj\xc4\xc4\
M!Fze\xd88c\x06S\x00\xe4X\xce\xf0\x13\
\xc0\xdc(2\x0e\x93\xd2\xd7\xfdA\x0a2k\xef\xa9\xea\
\xb9\xe3\x8d'\xe5\x9e\xa7\x5c^^\xb4\xbe\xe8u\xa2w\
\x8b\x8e\x15-\x12] \xbaZ\xf4C\xd1\xcfD\x0f\x88\
\x1e\x11\xc1G,\xa6\xa6X\x16\xf1\x1d\xeb\x18\xc3X\xb6\
a[x\xc0\x0b\x9e\xf0F\x06S}Q(\x90\x8d\x0e\
\xe8\x82N\x8f\xf3\x9c\xea\xe6\x1f\xb1\xc1%Cb\xa5\x9b\
\x16Dj\xdd\xfb\x02\xa0\xc4_C\xc4\xb3\xf9\x9c\xfd\x8d\
\x84\xa7\x88\xe1\xf7J\x8bsE\x07\x89\xf8U^Z\xc9\
\xba\x89h?\xd1\xc9\xa2\xcbD?\xd3\xba\xac\x0d\x99\x22\
d\xa3\x03\xbal\x22\x05\x98\x1e\x1c\x1d\xd1\x15\x9d\xd1]\
_w\xae\x1dJ\xcc\x88\xb8\xbd\xb8s\xca\xc7(\xdc\xeb\
\x02 \x07\xb2\xcb\xcf\xdd|\xfcR\xc5\xe0\xd2\xf6\xd8\x8b\
\xa5\xc0!\xa2\x0d\x94d\xcf\x11\xed&:Q\xc4\xafr\
\xb1\xbf\xb2\xd2\xef\x0f\x22tDWt~\x0e6\x88\xb0\
\x05\x9b\xb4\xd8\x99F\xcct\xfa.\xc2*H\xf7\xb6\x00\
(\xf9\xffY\x00\xb0\xcb\xdf\x85\xa9\xa89\xa6>S\xfa\
.\x10-\xa7$\xda^t\xbc\x88\xf3\x15\xfa\xaa\xbb\x0d\
\x1bD\xd8\xb2\xbd\xacXN\x84\x8d\xd8\x8a\xcd\xfaXt\
#v8$ \x96\x8aV\xb4\xaer\xbd,\x00J~\
\x8eI\x8f\xad\x0bJ\xc6\xed\x16K\xd6\xaeJ\x10\x8e\xdf\
\xf7R\x7f\xb6\xe8a}\xd7\xcb\x86m\x22l\xc4V\xce\
#\xec*C\xc1@]\xd1\xed\xd8\x10SE+YG\
\xb9^\x15\x009\x89\x1b{.\x13\x10\xfb\x88Jm\xd7\
H\xb1w\x89\x9e\xa5dx\x83\x88\xd7r\xe9\xe3\xf0\x1a\
\xb6\x8b\xde \xcb\xb9\xfa\x00&`\xa3\x8fE\xb6}\x14\
_\xbc\xe4\xa4W7\x0e\xf5\xa6\x00\xc89L%}\xa5\
B\x87\x17Q\xa8+\xae}N\x1am\xae\x80\xdfL\xf4\
\x09\xd1\x03\xfa\xecM\x08\x80\x85\x08L6\xd3G^?\
\x06VZ,\xae\x11[W\x86X+N\xb9\x99\x0aU\
]\xeeE\x01\x90C8\xbe\xbc\x5cF\xbfPTR\xe3\
-?GI!N\xe4\xed\xa3 \xff\x8e\x96\xbd\x8dA\
\x00\x8cD\xec\xc1q\x02\x11\xec\xc0p\xcc\x16\xd9W\x11\
c\x97\x87\x98\xcb.<\xb5\xc0\xce\x17\x009b\x0f\x81\
\xf2M\x11\xc7\x94\xea\x8ah?\x91\x16\x5c\x0a#\xf1\x8f\
T@w\xf5r\x98\xcch\xa7\x81\x99\xe8HI\xa7\x10\
\x80\xe5]Z.\xa5\x11k\xdf\x0c\xb1W\x8aN\xb5\xf4\
\xe8t\x01\x90\x03\xde*\xaby\x11\xa5\xba\x22\xda=\xd2\
\xe2\x00\x05\xee\xf3E\x5c\x0a+\xf6\x92\x9d\xf4\xecD\x13\
\x8e\x5cZ\x04K\xae\xc9s\xd3\x11\x18\x97\xa2\xfb\x17C\
\x0c\x96\xa2O\xb4\x1e\x9d-\x00\x02\x9e`\xf8L\xb4\xc5\
6\x1bpI\xeb0\x05\xebj\xa2\x93mD8W\xb0\
\x15\xad&$\xb85\x19\xcc\xb5\xd8z\xfbL\x88\xc5\xd6\
\x15\x19)\x10\xd3w\xb2\x00\x08\xf0\x83e$s\xf4\xa9\
k\xbd\x9d$\x0d\xd6P`v\xe1\xb2\xa3T\xed~\x0b\
X\xb3G\x00\xf6%\x18\xc4\x1c\x84\xc4d\x09\xbaD\xe9\
\xd0\xb9\x02\x10\x92\x9f\x97IF\x19j0\xf8B\xf1\xdc\
H\xc1x\xa0\x88\xb7\x01\xe9\xa3\xb7\x5c\x08\x80\xb9\x88\x97\
\x84l$\x99\xf8B]\xab\xed\xb8\x10\x9b\xad*\x11+\
\xbcS\x05@\x00\xb3\xdb\xdfv\xf2sB\xef\xcd\x0a\xbe\
\x1dE\xbc\xf03\x16s\x1f\x9f\x10\x01| \xe2%!\
<\xb5\x88o\x12r\x8ffE\x11 F\xa37lk\
\x83\xce\x14\x00%?'\xfc\xda\xde\xed\xe7\x0e\xc3u\x14\
p\xcc%\xd0\x96\xcf\x5c\xee\x1c\x08\x04\x9f\xf0\x183>\
\x9acD\xb6\xaf8\x1c V\xb3\x09\x9c)(v\xb9\
\x13\x05@\xc9\xcf\xa5\xbe6O\xf8q\xe6\x99[vy\
\xea\xcdo\xe0\x89\x8d\xb2L\xe3U\x04x\x9cy?\x89\
\xe3\x16c|\xa6\xc5V\x1a'\x06\x89\xd9V\x84\xc7\x08\
-\xbe\x00(\xf9\xb9\xc9\xa7\xcdK}<\xb8\xb2\x9e\x82\
k\xb0\xb7\xec\xc6\x04T\x09c\x83\xaf\xd6\x93.\xf8N\
]+\x8dK\x84\xc4n+\xc2\xab\x0a-\xba\x00(\xf9\
\xb9\xbd\xb7\xcd\x87E\xde\xa1`\xe2\xc1\x15\xff\xd5\xaf\x1a\
Q\x85\x8c\x93\xdf\xd8\x1b\xd8K\xea\xbcC\xd4V[\x1c\
b\xb8-\xf9\x13\xe5\x16[\x00\x04\x1c\x0f]\x9c%\x0b\
\xb8\xebJ]\xd6\xc6[\x7f9\xc3\xff\xe9\xacR]X\
r\x04T\x08\xf0!W\x0a\xf0ir\xfe\x13\x18\x12\xbb\
g\x85X\x9e0\xb4\xf9\xea:\x1c\x8a-\x002\xe6\x0b\
\x22\xee\xbbV\x97\xb5\x9d.i\xcc\xb8\xe3g\xf8\x05D\
\x1f\x9a\x8a\x00\xbed\xc6\x22|\x9b\xdb$b\x98X\xce\
-\xb7\x92\xbc\x22\x0b\x80*&gry\xf2\xaa\x92\x11\
\x09\x07q7\xdfB\x05\x8c\xdf\xc2\x9b\x10\xd4\x12X\xe1\
S\xd1B\xe9\xc2]\x84\xea\xb2\xb6W\x86\x98\xce*\xb4\
\x8a\xb0\xe2\x0a\x80\x80b\xf6\x15\x9e\x06\xab\xa2\x7f\xaa1\
\xbf\x13\xa3\x05\x0a\x10\xbf\x9bO@\xf4\xb9\x05\x1f3+\
\x11>\xcfi*\xf3\x09\x10\xdb9eN\x94UT\x01\
P\xf23\x87_\xee$\xe4\xc9\xbdW(0x;\xd0\
D\xc0|@\xf7\x11\x08\xbe~\x85,\xc9\xfd\x84!3\
\x0b\x11\xe3\x12\x9d\xb6\xd5\xe5VL\x01P\xf2so\xf7\
iu\x0d\xa9\xb9\x1dSYo\xa9\x80\xb8\xba\xe6\xf6\xbe\
YG\x11\x08>\xdfJ\xea\x13\x03\xea\xb2\xb5\xd3B\xac\
g\x138NP1\x05@J~V\xc4$\x8c\xea\xb2\
\xb4K%e\x1b\x05B\xee_\x01\x89\xf5V\x02\x02\xc1\
\xf7[K\x17bA]\x96F\x8c\x13\xebY\x84M\x12\
RD\x01PE\xe4E\x0cL\xc3<I\xdfT\xeb\xcf\
\x97\xf3\xb7\x15=\x98\x8a\xa1\xf3\xe9&\x02\x8a\x81\xdf\x88\
\xb6\x95\xf6\xcc \xad.K\xdb&\xc4|\x16a\xe3\x84\
\xb4^\x00\x04\x04\xc7D9_\xdaq\xae\x1c\xfe\xbaq\
\xa0\xf8\xba\xe1!\x10b\x82\x97\x99\xe42\x9e\x97\x8f\x10\
\xfb\x8d\xe55a\xd0j\x01P\xf2\xaf(\xe5y\xe7\x9c\
\xba,\x8d\xe4\xdf-\x8b$\x17\xd29\x04T\x04\x88\x8d\
\x9cE\xe0\xe3!\x07Z\xc3\xaa\xd5\x02 \xab\x99\xd0\x81\
\xf7\xb1i\xd1\xbc\xb1\xdb\x8f\x83\xcd\x05\xb9\x80\xee\x22\x10\
\x8a@\xae\xc3\x01b\x9f\x1ch\x0d\xb0\xd6\x0a\x80*\xdf\
\xde\xb2\x9a7\xb2\xaa3o\x97\xca\xb1\xbe\xdbo\x0es\
?\x04\x84X\xc9ubp\xcf\x90\x0b\xad\x80\xd7J\x01\
\x90\xc1\xdc\xe7\xff\xd1L\x16s\x99g\xe7L\xb2\x5cL\
\x7f\x10\xd8E\xa6\x10;\xea\xcc\xdbGCND\x0bj\
\xbaA+\x05@J\x7fD\xc4\xf1\xbf:\xd3\xc6%\xbe\
\xddU\xd1K\x99@\xd2\xd4Xg\x9e\x0e\x01\xc5\x0cW\
\x88v\x17Gn\x14Sg\xda\xc8\x05r\xc2T\xc8\x5c\
\xcc\xb3\x17\x00U:\x8e\xc3s\xec\xfas\xab\xe7\x1er\
$E`.\xdb\xfd;G`,\x02!vxu\x19\
\xb14vl\x82\x95\x1c\x0a\x90\x1b\x09XUg\x91\xb5\
\x00(\xf9\x91\xc75\xff\xea\x1a\xd6\x1f\xb9\xa7\x1c\xe8w\
\xf8\xd5\xc7\xcf\xb7\x14\x02!\x86r\xfc`I\xda\xd41\
!GX\xceB$d\x16AA\xc8\xbf\xaa_Sd\
\xddx\xaa\xcf\xef\xed\xb7Fy \xfcU\x04\x88\xa5\x1c\
O\x11\x92\x1b\xe4H%dS\x0c\xcaV\x00T\xd9\x98\
\xa2)\xc7\x0d?\xa7\xcba\xb9\x1f(J\xe1\x0b\xe7Q\
0\x02!\xa6r\xcc'\xc0\x0dB\xe4J\x164\xb2\x15\
\x00Y\xc3{\xde\xd4\x996f}\xc9\xfd(\xb1\xa9A\
\xce\xbc(\x04\x88-b\xccZ\xa9\x1c\xb92mC\x96\
\x02\xa0_\x7fny|\xfd\xb4D\xdb\x7foU\xa5\xf6\
\xc9<l1\x1e,\xf7\x10[9\xa6\xfc~}\xc8\x19\
s\xac\xb3\x14\x00Y\xf1~\x91uc\x02O\xa6~\xb2\
\x96\xe3\xfc\x07\x8c\x80\x8a\x001\x96c\xa2\xd1\xb19\x93\
\xca\x05\xe6\x05@\x95l_)\xbb\xb1\xc8\xb2\x9d)\xc7\
0\xf9\xa3\xa5\x0c\xe7\xed\x08L#\x10b\xcdz\xca\xf1\
\x8dC\xeeL\xcb\xb4\xfag^\x00\xa4\xb8\xf5\x89?^\
\x00\xf1n\xc9\xf1\xe6\x08\xe4D\x80\x98#\xf6,eZ\
\xe7\xce\x94i\x01P\x05\xe3=i\x5c\xda\xb0\x04\xe9 \
Ud\x9f\xb7\xbf\x06\xc2\xf2\xcf\x96P\x8dM\x07\xbfI\
\x88\xb9\x83\x8c\x81XS\xfe!\x87\xcc\xc4\x98\x16\x00i\
m\xfd\xca\xe4S\xe5\x08\x7fc\x8f\x80\xae\xd2\x14L$\
\xfc\xe5\xea\xa1%\xda\xe6rH\x9fi|w\xa4\x16\xb2\
\x9d\x81\x96\xecN\xb7\x10{\xcc`mi\xc7\x93r(\
\xa50\xb3\x02\xa0@\xa2r\xf1\xb8cJ}g\xf2\xba\
W\x1f\xde+\xf2V\x01\x01\xf9\x83\xc4&\xe1\xb7\xd4p\
H\xdd\x13\x1a\xdf\x1d\xa1o\x8e\x08c\xb5\xe8\xad\x02\x02\
\xc4 \xb1Xah\xad!\xab\xca\x1f\xe4R\xad\x8d'\
mdV\x00$\xd8Li\xf1\xa6q\xb7\x9f\xef\xfa\x83\
\xc4\x18R\xf0L\xff\xeak\x08\xc9\xad\xaeR\xa3\x08h\
\xd3%\x14\x85J\x1b\x0cu\x90\xf6\x02\x88A\xeb\xbb\x04\
\xcdr\xc9\xa4\x00(r8\xf3\xcf,\xbfVqq\xa1\
\x80_d\xc5\xbc/|\xe5\x87\x99\xbf\xfau\xccb\x8f\
\xa1\xcev\x83\xda&\xc4\xe2\x85\x86F\xaf!_\x92S\
\xc9E\x98\x14\x00i\xf9N\x91e\xfb\x80%\xf3>\xf0\
V\xc0\x90\xfc1\xbf\xfas\x9a->^\x04\xe6D\xe6\
I_Z\xc7\xe4tN=Ij\xc3/\x92\x17\x00\x05\
\x0cw\xfdm\xd0P\xafq\x9b\x9f\xa4\x8a\xcb\xcd\x18\xe3\
\xc6\x0cz\x9d|\x90$\xf9\x03\x88\x1cB\xf8\xa1@\x00\
c\xbe.\xc4\xa4\xe5\xf4^\x1b\xc8\xaf\xe4\xd6|*\xd4\
\xfa>y\x01\x90\x16\x96\xb7J2\xb1\xc7\xd1\x92\xe1m\
\x1e\x04\x14$)\x93\x7f$\xc5\xf7\x02FH\x8c\xef\x89\
Mbt\xfc\xa8\xfak\x93\xe7V\xd2\x02\xa0\xe0\xe3)\
\xa6\x1d\xeb\xdb7q\xcb\x0f\xab\xd2\xde?q\xd4@\x07\
\x08\x7f\x8b\xe4\x9fFS\xbc}/`\x1a\x89\xf9\xff\x85\
\xd8\xfc\xf0\xfc#\x1a\xaf\xd9Q~ \xc7\x1a3\x1a1\
HZ\x00\xc4\xf4\xcd\x22\xabv\x8f\x00\xf6\xc7|\xe7A\
W\x81a\x96\xfc\xf3\x88\xf4\xaf\xe7@ \xc4\xa8\xc9\x1d\
\x82A\x5c\xd2\x1cKV\x00\x14\x80\xf0Z\x18\x94\xb4\xe8\
\x8e\xb3`\xda\x07\x9e\xc2>G\xf2\xfb\x1e@\xf5`\xb1\
\x8c\xd5\x85\xf27\xb9V]\x9b1#\x931\x92\x8c\xbd\
D+\x88,\xda]\xaa\xac'[0\xee:O\x05C\
\x8e\xe4\xef:LY\xf5\x0f\xb1j5\x99(9F\xae\
%\xb1)e\x01\xb0\x9c7\xcd\xf2\xecj\x12 \xdb`\
\xe2\xc9\xdf\x06\xea\x95e\x9eXyd\xfc\xc0d\xb9\x96\
\xa4\x00(\x10\xd7\x96\x0dV/\xf7\xbcO\xbc?&\xf2\
6\x03\x01a\x9e\xfb\x97\xff\x8a\x19\xe2}q2\x02\xc4\
,\xb1;yd\x85\x11\xb3\x86l#\xff\x93s\xb3\xbe\
\x8e\xff\x98\xa4\x00H\xec\x02\x91U\xfb\xa4v\xa9|\x96\
\x9f\x19\xe8\xca\xf9\xb9\x93\x7fJ>\xf0\x020\xc3\x07\x93\
\x16\x85\x171\xfb\xc9I\xe3\x1a\xacO\x92s\xa9\x0a\x80\
\xe5|\xe6>\xd1\xc7\x8c(i#\xf9%\xfe(\x91\xb7\
x\x04,c7I\xce5.\x00\x0a\xc8\x0d\x85K\xd2\
k\x93\xe27j\x9fS%\xb5|\xd2j$\xa7\x13\xbd\
\xb0\xce\xfe\xcb\x1f\x80\xf1_\xff\x00DL\x17b\xf7s\
1\xdbD\x8c]O\xf1@\xeeEl\xf2\xe4\xa1\x8d\x0b\
\x80XZ\xbet\xd3\x0a<\xa9\xdd\xad&g\xb7\x95\xfc\
G)\x90\xbd\x00\xd4\x0f\x97\xc61<Ft\xe3\xdcK\
Q\x00v\x1a\xa3`\x93U\xd7(\xf0\xbe\xd3\x84A_\
\xb6m1\xf9\xaf\x90\x0f(<}\x812\xbb\x1d\xc2\x8f\
\x18\xbe\xc6Hp\xe3\xdckT\x00\x14\x98\xeb\xc80\xab\
\xdd\xff3\xc4{\xf0M\x18\x93\x80\x8d\x9f\xea\xab\x01$\
\xc9\xbfU\x8d\xed|\x93'#`\x15\xcb\x1c\x06\x90\x83\
O\x96X\xf1\x9bF\x05@2v\x10Y\xb5/X1\
\xee\x0a_O\xfe\xaexj\xa2\x9e\x96\xb1\xdc(\x07\x9b\
\x16\x80\xed'\x9a^o\xc0b\xed:1\xd3J\xbd\xad\
{\xb0\x95'\x7f\x0f\x9c\x18L\x08\xb1\xbc8|\x8c\xea\
*\x0cn\x94\x83\xb5\x0b\x80\x02tY)gu\xf3\xcf\
9\xe2=\xd8&l}\xb7\xbf\x7f\xde\xb7\x8ain\x0a\
\x22\x17k!V\xbb\x00H\xda\xd6\x22\x8b\xf6\x1bU\xcc\
\xc1\xce\xf4\xeb\xc9o\x11R\xed\xf3\x0c1m5W@\
\xed\x5clR\x00\xacN\x10\xfc\xbe0\x84\x00\x00\x10\x00\
IDAT\x9d\xdf\xbe\xbb\xda\xd1\xc0\x93\xbf\x1d\xdc3\
J\xb5\x8a\xed\xda\xb9\xd8\xa4\x00la\x04\xdc\xd7\x8d\xf8\
\x16\xcd\xd6\x93\xbfh\xf7\xa4R.*\xb6#\x84\xd6\xce\
\xc5Z\x05@\xc1\xfal)g5\xef\xdf\x05\xe2=\xa8\
&<\xfd\x98\x7f\x18\x1e\xb7\x8am\xe6\x0b$'\xa3Q\
\xacU\x00$\xe5\xefE\x16\xedb\x1d+=l\xc1\xb8\
T\x9e\x9e\xfc\xa5z&\xbd^!\xb6/N\xcfy\x9a\
c\xad\x9c\xac[\x006\x9b\x16\x99\xfe\xdf%\xe9Y\x96\
\xcb\xd1\x93\xbf\x5c\xdf\x18jf\x15\xe3\xb5r\xb2n\x01\
\xd8\xd4\x08\xa0\xcb\x8c\xf8\x16\xc7\xd6\x93\xbf8\x97\xe4R\
\xa8R\x8c\xd7P\xa6VN\xd6-\x00\x1b\xd5Pp\xd2\
&\xf7j\x17\xe9\xa6I\x83\xfa\xb0\xde\x93\xbf\x0f^\xac\
gC\x88q\x8b'\x5ck\xe5dt\x01P\xf0r\xef\
\xf1\xf2\xf5\xcc\x1f\xbb\xd5Uc\xd7\xf6d\xa5\xf0\xf3\x13\
~=\xf1e\x033,b}y\xc5\x16\xb9\x19\xa5V\
t\x01\x10\xf7\xf5E\x16\x8d\xa7\xa6,\xf8\x16\xc3S\x0e\
\xf2\xe4/\xc6\x1b\xad*b\x15\xeb\xd1\xb9Y\xa7\x00\xfc\
\xad\x11tW\x1b\xf1-\x82\xad'\x7f\x11n(E\x89\
\xb1\xb1\xde@\xc9\xe8\xdc\xacS\x00^\xd2@\xc1\xf96\
e\xfe\xb4\xeb\xe6[\xd9\xf5\xef=\xf9\xbb\xee\xc1\xe4\xfa\
\x13\xeb\xc4|j\xc6\xd1\xb9Y\xa7\x00D\x1fgT\xb0\
\xf2\x06\x9d\x1c\xb1\x00\xa4\x82h\xdb!\x9e\xfc\xb6\xf8v\
\x91{\x88\xf5\x1b\x0ct\x8f\xce\xcd\xa8\x02\xa0`^Z\
J\xaf%J\xdd\xbe\x97\x9aa\x09\xfc\x84\x97\x1f\xf3\x97\
\xe0\x882u\xb0\x88\xf9\xb5\x14s\xe4he\x8b\xa3\x0a\
\x80\xb8Z$\xbf\xd8N\xfd7\xff\xfaDr\x84'\x7f\
\x9f\x1c\x9a\xde\x969c>\x81\x98\xa8\x1c\x8d-\x00k\
&Pp.\x16\xb7\xcc\xf5eW\xbf\xf3\xe4\xef\xaa\xe7\
\xb2\xeam\x15\xf3Q9\x1a[\x00\x9eo\x04\xd1\x0f\x8d\
\xf8fg\xeb\xc9\x9f\x1d\xf2\xae\x0a\xb4\x8a\xf9\xa8\x1c\x8d\
-\x00\xab\x1b\xa0\xcd\x04 ?3\xe0\x9b\x9d\xa5'\x7f\
v\xc8;+P'\x02\x89y\x8b\x09B\xa2r4\xb6\
\x00<\xcf\x00\xf1\x1f\x1b\xf0\xcc\xce\xd2\x93?;\xe4}\
\x10\xf8\x84\xd8OdPT\x8e\xc6\x16\x80\xbfN\xa4\xe4\
L6w\xcd\xfc\xd0\xc5eO\xfe.z\xad\x08\x9d-\
b?*Gc\x0b\xc0*\x06\xb0\xddc\xc03\x1b\xcb\
\x16\x93\xff>\x19\xf9\x13\xc9_4 \xfa\x94l=T\
\xb4\x95h)\xd9\xdf\xf5f\x11\xfbQ9\x1a[\x00\xfe\
\xca\x00q\x8e\x85\x0c\xd8\xda\xb3T\x10~PR\xdax\
i\x87\xc4N\xad\xac\x7f{\x0f\x8c\xde.{\x8f\x11}\
Kt?\xf8\x8b\xa2\xae{k\xbb\x92\x9aE\xecG\xe5\
h\xe5\x02 \xa0\x9f.\xe4,\x9e\x02\xb4x4R\xaa\
\xda6\xe1q\xba$\x1c.\xf2\xd6\x0e\x02\xcf\x92X\xf0\
\xbfE\xbe\xa8=+\xaex\xb4\xd9\x1e\x8f\xfd\x84J\xf0\
T \xb9Z\x89e\xe5\x02 n+\x8a,\x1a\xbb\xb2\
\x16|\xcdx*\xe0x\xc9\xc3?\x9a\x09p\xc61\x08\
p\xdd\xfbR\xf9d\xe7\x98\x8d\x0a\x19k\x15\xfb\x95s\
5\xa6\x00<\xd3\x08\xb4\xfb\x8d\xf8\x9a\xb0U\xa0\xbdL\
\x8cw\x17y+\x0b\x81/\x07\xdf\x94\xa5\xd5xm\xac\
b\xbfr\xae\xc6\x14\x80g\x8c\xb7\xa5\xf6\xda\xae\xbd\x02\
\xec\xbc\xda\x96\xfa\x86\xd6\x08\x9ch- 1\x7f\xab\xd8\
\xaf\x9c\xab1\x05\xa0\xf6\xeb\x87&\x80fq3\xc4\x04\
\x91\xf5V\xeb\x17\x867\x16\xadVok\xdf*\x03\x02\
\x9b\xcbGo\xcc '\x95\x88\xe9\xd8O\xc5l\x06\x9f\
\xca\xb9\x1aS\x00\x96\x99! \xe5b\x97\xa6\x01\x8f\x9e\
q%%P\xce\xab\x12\x02\x0b+\x8d*c\x90U\xec\
W\xce\xd5\x98\x02`u\xb9\xe5\x912|1^\x0b\xfd\
\xb2\xb0[\xf5\x82\xf1\xa3|m\x01\x08l\x1b|U\x80\
*\x13U\xb0\x8a\xfd\xca\xb9\x1aS\x00\x9e:\xd1\x9cz\
\x03~Wo\xb3\xec[EO\xb7\x94]C\x178B\
\xa0+\xbe\xb2\x8a\xfd\xca\xb9\x1aS\x00b\xc6\x8e\x1c1\
\xb1_j\xa9\xa5\xba2\x13PW\xaf5O\xf4A\x0f\
\x07D\xdd\x0d\xd7\x96\xfd\xc4\xbe\x91\xec\xca\xb9Zy\xa0\
\x91\xa2\xce\xd6\x11p\x04ZD \xa6\x00<f\xa1\xa7\
\x8e\xd7\xfe\xc2\x82\xaf\x01O\xab7\xba\x18\xa8:x\x96\
\x16w\xd8%\x07\xd50\xf6+\xe7jL\x01\xf8}r\
\x04\xfe\xc4\xf0i\x7f\xea\x8a\xffo5\x85S\xf1\x86w\
P\xc1\xae\xf8\xca*\xf6+\xe7jL\x01x\xd4(\x10\
*_\xb20\x92_\x89\xad\x8e\xd7\xb8f\xfb\xabJ\x83\
}P\x9b\x08\x5c\x12|\xd5\xa6\x0e\x95dk\x90U\xec\
W\xce\xd5\x98\x02`u\xc9\xa2\xf2M\x0b\x02\xac\xed\xf6\
\x89\xb6\x15p\xf9\x13\x11X4qD9\x03\xacb\xbf\
r\xae\xc6\x14\x00\xab\x9b\x16\xb8\xbe^\x8eK\xc6h\xa2\
_\x16\x9e>\xbb{\xcc\x10_\xd5.\x02W\xc9G_\
lW\x85(\xe9V\xb1_9Wc\x0a\x00\xbb\xc0Q\
\xd6U\x1c\xbcB\xc5q\xa5\x0c\xeb\xe2Sg\xa5`g\
\xad\xc7\x81\xd6\x02\x12\xf3\xb7\x8a\xfd\xca\xb9\x1aS\x00~\
\x9d\xd8\xf8\x11\xbb\x95F\x0b]\xe8\xf5\x0b\xf3]\xe9\xf9\
\x01\x91\xb7\xb2\x10\xd8%\xf8\xa6,\xad\xe6\xd1&|m\
\x15\xfb\x95s5\xa6\x00\xfc2(\x9d\xbacf\x9b\xd4\
<M\xf9)\xd0\x8e\x96\x80\x7f\x17yk\x1f\x81;\xa4\
\xc26\xf2I\x17\x9f\xd2\xb4\x8a\xfd\xca\xb9Z\xb9\x00\x08\
\xe0\xdf\x0a\xe8\x07E\xa9['\xee\xda\x9am\xb4\xf0`\
:.\x0a\xc1\xecU\xfe9\x0f\x02\x5c\x91\x01\xffu\xe5\
\x8b\xae\xde\xa3a\x11\xfb\x0f\x0a\x0fr\xb5\x92\x17*\x17\
\x80\xc0\xed\xffB\x9f\xb2{nJf9y\x09h\x0e\
\x05\x8e\xca)s\x86,f\x93aZ\xb2!\xd1\xa7e\
\xffa\xa2W\x8aV\x02\x7fQ\xe5K^\xda\xa6\xb4f\
\x11\xfbQ9\x1a[\x00,\xee\xb0Z\xb54\xaf\xc4\xe8\
\xa3\x00\xe4\x1d\x80m\x14\x01v\x1fW\x97\xfc\x85\x03\xa2\
w\xc8\xd6cE\x97\x8b\x96\xc4\xf8\xa9\xa4\xb13t\xb1\
\x88\xfd\xa8\x1c\x8d-\x00\xff;C\xf9T\x8bQ\xaf2\
J%4%\x1f\x05c[E`\xcb%K\x96\x5c\x9e\
\xd2\x16\xe7\x95\x15\x01\x8b\xd8\x8f\xca\xd1\xd8\x02\xf0S\x03\
xz\xf1\x8c\xbd\x17\x01\x83\xc8\xe8?K\x8b\xd8\x8f\xca\
\xd1\xd8\x02\xf0\x13\x03\x9f<C\xbfb\x16\xc7B\x06\xaa\
\x8eg\xe9E`<>\xbe\xf6\xcf\x08\x84\x98\xb7\xb8\x11\
(*Gc\x0b\x80\xc5\xab\x8c@\xe5E\xfc\xeb\x03y\
\x11\xe8\x83\x17\xedl\x98\xc1\xd9*\xe6\xa3r4\xb6\x00\
p\xcdu\x86\x0d\xc9\x16\xd7M\xc6\xa9\x00F^\x04\x0a\
pB\xf9*X\xc5|T\x8e\xc6\x16\x80\xdb\x8dp\xed\
\xca\x14N\x95\xcd\xf7\x22P\x19\xaa\xa1\x0e\xb4\x8a\xf9\xa8\
\x1c\x8d*\x00\x0aj\xae\xb9F\x09\xa8\xe8\xdd\x97V\x1c\
\xd7\xa9a\xc2\xcb\xaf\x0et\xcacY\x95\xb5\x88\xf9\xdb\
\x15s\xe4heC\xa2\x0a@\xe0zk\xe8Sv\x1b\
\xea\xa4HWf\x06\x8a\xb2[\x0e\xf1\x22\x10\x85X\x7f\
\x07\x8f,\x0b\xb1\xbe\xe1\xe8s\xc2>:7\xeb\x14\x80\
\xef'Tx\xc4\x8a\xe4\xdfx\xf4\xa1o\xbd\x17\x81\xbe\
y\xb4\xb1=\xc4:1\xdf\x98\xd1,\x06\xd1\xb9Y\xa7\
\x00XM\xb7\xb4\xd9,cz\xf5\xd1\x8b@\xaf\xdc\xd9\
\xd4\x18\xabX\x8f\xce\xcd:\x05\xe0\xa6\xa6\xd6\xcf\xb3\xfd\
\xcb\xe7\xf9\xbe7_{\x11\xe8\x8d+\x9b\x1ab\x15\xeb\
\xd1\xb9\x19]\x00\x14\xc4\x1cgX<\x15\xb8yST\
\xbb\xb0\xbd\xf0\xf3s\x02]pTb\x1dg\xb1\xb3\x88\
u\x9e\x02$7g\x89\x1a\xff1\xba\x00\x04v\xd7\x87\
>e\xb7\x8aN\x8e\x0c\xe2\xdd{^\x04R\x86M\xb7\
x\x85\x18\xb7x\x0c\xb8VN\xd6-\x00\xd7\x18\xc1>\
\x98\xb7\xefx\x110\x8a\xa0\xf2\xd9Z\xc5x\xad\x9c\xac\
[\x00\xae6\xc2y[#\xbeE\xb2\xf5\x22P\xa4[\
\xac\x95\xb2\x8a\xf1Z9Y\xb7\x00\xfc\xa7\x11J\xdbi\
\x17\xc9j\xaad#\x95\x9b\xb1\xf5\x22\xd0\x0c\xbf.l\
=\xd21\xc4\xf6v\xa3\xcf\x89\xfbZ9Y\xab\x00(\
h\x7f!\xe5o\x14Y\xb4\x1d-\x98\x96\xccSx\xfa\
\x89\xc1\x92\x1d\x94N7\xab\xd8\xbeQ1DNFk\
Z\xab\x00\x04)W\x86>u\xf7\x9a\xd4\x0c\xbb\xc0O\
\x0e\xf4\x22\xd0\x05G5\xd3\xd1*\xb6k\xe7b\x93\x02\
`5\x13\xcdN\xcd0\xee\xee\xd6^\x04\xba\xeb\xbb\x8a\
\x9a[\xc5v\xed\x5clR\x00\xacfbe\x82\x90]\
*\x02\xda\xbba^\x04\xfa\xe5\xd2\x915:\xfe'\xa6\
-&\x00AD\xed\x5c\xac]\x00\x14\xa8\xbc~\xe8R\
\xa4\x1b\xd0n\x06<;\xc3R\xd8\xfa\xe1@g\xbcU\
YQ\xab\x98\xbeT\xf1B.VVd\xe6\xc0\xda\x05\
 0\xb9(\xf4\xa9\xbb\x05\xaa\x98V\xafMJ\xad\xab\
\x09?9\xd5\x8b\x80\x09\xb2\xf9\x99\x86X^`$\xb9\
Q\x0e6-\x00\x17\x1a\x19\x05\xdb7\xf1o\xc8\xe4E\
\xa07\xde\xb7\x8c\xe5F9\xd8\xa8\x00(@\xb9\xf7\xf8\
f#7\xede\xc4\xb7Sl\x85\xb1\xef\x09t\xcac\
\x7fVv\xc6\x92U,\xdf\xac\xf8 \x07g\x88\x8a[\
lT\x00\x82\xa8\xf3C\x9f\xba\xdbT\xbbNVOM\
\xa5\xd6\xd5\x94\x9f\x9c\xdcf\x11@\xb6\xa9}}f\x1e\
bxS#\x1b\x1b\xe7^\x8a\x02\xf0U#\xe3`\xfb\
\x16\xfe9MM\xb5X\x04\x8eP\x10o9\xe5\x7fu\
\x11\xb0\x8c\xe1\xc6\xb9\xd7\xb8\x00(0o\x102V\x87\
\x01oQ\xf0Y<9%\x95\xbb\xd7\x845\xbf\xc6m\
\xbc\x86\xec\x88\xee\xa1\xd5\xbe\xc6!v\xad\x0a\x00\xbb\xff\
\xe4^#C\x1b\x17\x80 \xfd\x9c\xd0[to\xb7`\
\xdaU\x9e-\x15\x01\xdf\x03\x88\x0c\x980\xdc2v\x93\
\xe4\x5c\xaa\x02\xb08\x18l\xd1\xbdS\x95\xd4b\xfe4\
\x0b]\xb3\xf0l\xa3\x08\xc8\x07^\x04\x22\xbc+\xbc\x88\
\xd9wFl\x12;4I\xce%)\x00\x0a\xc8\xdb\xa4\
\xbd\xd5MA+\x8b\xf7\xbbE\xdef  \xcc\xdb:\
\x1c\x98\xa1\x85/\x8eA\x80\x98%v\xc7\x0c\xa9\xbd\x8a\
\x9b\x7f\xc8\xb9\xda\x0cF\x1b&)\x00\x81\xd9\x99\xa1\xb7\
\xe8\x0e\xb4`\xdau\x9e\x99\x8b\x80\x9f\x07\x88\x0b\x98\x03\
\xe2\x86G\x8dN\x96k)\x0b\xc0\x192\xe1\x01\x91E\
[]\xbbT\xfb[0\xee:\xcf\x8cE\xa0\xf6\x13g\
]\xc78V\xff\x10\xab\xcf\x8f\xdd\xae\xe2xr\x8c\x5c\
\xab8|\xfc\xb0d\x05@\x81\xf8\x98D-\x12Y\xb5\
C\xac\x18w\x9d\xaf\xb0\xf7\xc3\x81\xb2\x9ch\x19\xab\x8b\
\xe4or-\x89\xc5\xc9\x0a@\xd0\xe6\xf3\xa1\xb7\xe8V\
Ue=\xd4\x82q\x1fx*(L\x8b@\xe0\xdf\x07\
\xa8Lm\x081\xba\xaa\xa1\x90\xa49\x96\xb4\x00(H\
\xb8\x1f\xe0\x02C\xe3\xdf'\x80W2\xe4\xdfi\xd6\xc2\
\xdf\xb4\x08t\x1a\x9c\x0c\xca\x87\xd8|\x9f\xa1\xa8\x0b\xe4\
cr,\x99\x88\xa4\x05 h\xf5\xd9\xd0[t<O\
}\xb8\x05\xe3\xbe\xf0T\x80X\x14\x816n>\xea\xa2\
K\x0e\x97\xd2\xc4\xa8:\x93\x96<\xb7\x92\x17\x00\x05\xe0\
\xd7d\xba\xd5|\x81b=u\x80*\xed\xcbXp\x9a\
\x1b\x01\xf9 e\x118*\xf0\x9b[\x98\x7f;\x8d@\
\x88I\xcb3\xff\xcc\xfbGnM\xcbK\xf5/y\x01\
\x08\x8a}2\xf4V\xdd\x07\xad\x18\xf7\x85oH\xda\xc6\
\xbf\xdc\x81O_`\xb1\xb4\xc3:&Mr\xca\xa4\x00\
(hN\x15\xd2w\x8a\xac\xda\x0e\xaa\xb8\x0b\xad\x98\xf7\
\x85\xaf\xfc\xd0dO\xe0\x0a\xe1\xb0\x95\xc8\xdb\x04\x04B\
,\xee0aX\x93\xd5w\xca\x97\xe4T\x13\x1esn\
kR\x00\x82\xa4\x93Bo\xd5\x1d#\xe0\x07=kP\
\x15`\x158G\x8a\x96\xd2\xd8\x98\xbd\x01v\xfb\xb7\xd2\
v\x14\x01m\xeam>\x04B\x0c\x1e\xc3zC2\xcb\
%\xb3\x02\xa0\xe0A\xe9{\x0cA\xe1)\xc1\x8f\x18\xf2\
\xef\x15k\xf9c\xb47@!\x98+\xb1\xf9\x0e\x22\xf1\
\x19\xdb+\xfb\x0d\x8d!\x06\x89E+\x11\xf7\xc8w\xe4\
\x92\x09\x7f\xb3\x02\x10\xb4=>\xf4V\xdd\xbe\xaa\xc0\xcc\
\xb6j\xc5\xbfW|\x15H\xec\x0d@$9{\x05\xec\
\xe2O/k\x1d=D\x11\xe8\x95\xddV\xc6\x84\xd8\xdb\
\xd7\x8a\x7f\xe0k\x9aC\xa6\x05@AE\xe5\xba#\x18\
b\xd5\x9d G\xf8\xa1@\x0dt\xe5\x9f+\xa0\x1a\x9b\
\x0e~\x93\x10s'\x18\x03q\x87\xfcC\x0e\x99\x891\
-\x00A\xebcCo\xd5q\xd7\xd5\xc7\xac\x98;_\
G`\x1e\x04\x889boz\xb5\xd1?\xeb\xdc\x992\
/\x00\xaa`\x9c\xbd\xbc\xce\x08\xa0\x11\xdb=U\x91-\
'_\x18\xc9\xf1\xde\x11\x98\x0a\xb1\xb6\xa71\x14\xd7\x85\
\xdc1\x15c^\x00\x82\xf6\x1f\x0a\xbde\xf7)9\xc6\
o\x10\xb2D\xd8y\x93\xfc\xc4\xd8\xa72@\x91#g\
\xec\xf7\x00\x00J\x95\x8c;\x98\xbe\xc2\xb21}VE\
\x80\x99X\x8c\xc58\xfb!\x22\x10b+\xf9\xed\xb8s\
`\xf9\x95\x903s\xacJ\xfbU\xae=\x00\xb4\xceq\
iiC\x09:M\xe4\xcd\x11\xb0@\x80\xd8\x22\xc6\x9e\
\xc0\xdb\xe0C\x8e\x5c\x99V;[\x01PE\xe3)&\
\xf3\x93\x1a\xb2joUj\x7flX@xK\x87@\
\x88\xa9\xbd\xd3q\x9c\x97\xd3\xb1!W\xe6\x1d\x90rE\
\xb6\x02\x10\x94\xfe\x17\xf5\xd6\x97\x05%b\x8a\xbb\x04w\
g\xc1\xc9\x11h\x8a\x80\x92\x9fX\xb2\xbe\xdb\x0f5\xc9\
\x0dr\x84\xe5,\x94\xb5\x00\xa8\xb21\x93\xc9aY,\
\x9b\x9a:S\x8e\xdb,\x93,\x17\xd3S\x04B\x0c%\
\x9b\x83o\x02L\x87\x85\x1c\x990,\xdd\xea\xac\x05\x00\
\xb5e \xf3\x99\xe7\x00\xf4i\x92\xf7%9\xd0jn\
6\xb1\xf7\xd6g\x04B\xec\x9c%\x1b\x89%uOn\
\x09\xbf93\xe4FB\x96\x93Ye/\x00A\xa5\xf7\
\xaa\xff\xa5\xc8\xba\xad.\x01g\xcb\x91\xcb\xab\xf7\xe6\x08\
TF@1\xc3\xc4\x1egk\x83\x1c? \xe4\x029\
!qy[+\x05@\x95\xee^\x99\xf9\x1eQ\x8e\xb6\
\xb1\x84|Y\xe4\xcd\x11\x88A\xe0<\x0d&v\xd4\x99\
\xb7\xf7\x84\x9c0\x174[@+\x05\x00%d\xf0\xe9\
\xeas\x1c\x0aH\xcc\xd46\xaa\xe8\x8d_\xa4\x08#\xa7\
\xfe#\x10be\x9bL\x96\xb2\xebO.d\x12\xf7D\
1\xad\x15\x80\xa0\x06S(Y>2\x1c\xc4Lw;\
\xc9\xb1\x9c\x7f\x98\xfe\xe0\xff\x1c\x81\xb9\x10\x081\xb2\xd3\
\x5c\xebf\x7f\x97\xe03\xb1O\x0e$`U\x8fE\xab\
\x05@{\x01\x1c\xfb\xbc\xab\x9e\xea\xb5\xb6\xda58\xb8\
\xd6\xc6\xbeQ\xbf\x11\x08\xb1\xb1kF+\xdf\x15r \
\xa3\xc8'\x8aj\xb5\x00\xa0\x8a\x00\xe06\xe1\x1c7\x08\
!\x0e\xa2\x08\xf8\xe1\x00H8=\x8e\x80\x92\x9f\x98\xc8\
\x99\xfc\xdc\xf0C\xec?\xaeC\x1b\x0b\xad\x17\x00\x8cV\
\x11\xe0\xde\x00\xab\x97\x8b\x22b6q8p\x89\x9c\xce\
\x99\xde\xd9\xeb\xfc\xf3\x80\x10P\x0c,/\xbaD&\xe7\
\xda\xed\x97\xa8)^\xeeI\xcc\xb3\xdc*\x15Q\x00\x02\
\x02oU\xff\x0bQ\xae\xc6I\x9e\xcb\xe4\xfc\x1c\x97y\
r\xd9\xe4r\x22\x10\x08\xbe\xe7\x87\x87X\x88\xd8rj\
\xaa\xc1`b\x9cXo\xc0\x22\xdd\xa6\xc5\x14\x00\xed\x05\
0\x8b\xf0>\xe9L\xab\xc4\x89\xcb<\x97+\x10\xfc\x8e\
\xc1Jp\xf5gP\xf09\xd3\x9f\x11\x039\x0d\xdb'\
\xc4zN\x99\xf3\xca*\xa6\x00\xa0\xa1\x80\xe1\x98(\xf7\
\x83<\xec\x01|[\x01\xc1\xfd\xde\xa8\xe1\xd4s\x04\x82\
\xaf\xbf-3\xb9QL]\xb6vh\x88\xf1l\x02'\
\x09*\xaa\x00\xa0\xac\x00\xfa7\xf5<v\xa9.[\xe3\
V\xcf\xc5\x0a\x8c\xdc\xc5'\x9b\x81.\xe8O\x08\x04\x1f\
/\xd6'|\xae.[;-\xc4v6\x81U\x04\x15\
W\x00PZ@1\xd3\xea\xb7X\xceL<E\xb8H\
A\xe2\x93\x8ad\x06\xdeZ\x1c>\x15\xf1\xfa\xfa\xc6O\
\xf5\xd5\xd0\xf5[!\xa6klj\xbbI\x91\x05 \x98\
\xfc&\xf5?\x12\xe5n<\xf3}\xad\x82\x85\xa9\x9fr\
\xcbvy\x06\x08\x04_^+\xd6\xf8V]\xd6F\x0c\
\x13\xcbY\x85V\x15Vl\x01P\xc5\xe4y\x81=d\
\xc8\x83\xa2\xdc\x8dY_\xaeW\xe0\xf8D\xa3\xb9\x91O\
,/\xf8\xf0z\xb1\xc5\xa7\xea\xb26bw\x8f\x10\xcb\
Y\x05W\x15Vl\x01\xc0\x00\x01w\x83\xfa\x05\xa2\xb6\
\x1a\x13\x8d\x9e\xa1 \xf2\xf7\x0e\xb4\xe5\x81\x9ar\xf1\x99\
\xe8\x0cm\x9ec\x02O\x89\x99\xb3-\x081<\xe7\xca\
\x12\xbe,\xba\x00\x00\x90\x00\xbcH\xfd\x1bEm5\xa6\
\x7f\xbeY\xc1\xe4o j\xcb\x03\x91r\x83\xaf\x98\x82\
\x0e\xdfEn=~x\xc4\xda7\x86\xd8\x8d\xd8$\xff\
\xd0\xe2\x0b\x00\x90\x08H&ex\x1b\xcb-\x11/\x80\
8W\x81u\x8a\xc8\xf7\x06Zr\xc2$\xb1\xf8Ft\
\x8a\xc6\x9d+\xc2g\xeaZio\x0b1\xdb\x8a\xf0\x18\
\xa1\x9d(\x00\x18$@\x99\x8e\xf9@\x96[$\xaeN\
\xdc\xaa [\xd8\xa2\x0e.z\x0e\x04\x82On\xd5*\
|\xa4\xae\xb5\xd2\xd9\x13c\x00\x00\x07\xa2IDAT\
v`\x88\xd5\xd6\x14\x88\x11\xdc\x99\x02\x80Q\x02\x96\xf7\
\xa4\x1d\xc2r\x8b\xc4\x9b`?\xaf\x80\xbb@\xe4W\x0a\
Zt\x04\xa2\xf1\x81\xe8\x02-\x7f^\x84o\xd4\xb5\xd6\
\x0e\x091\xda\x9a\x02\xb1\x82;U\x000N\x00\xf3\xb6\
\xd4\xb6\x8b\x00\xaa\xec\xa0\x7f\x5c)8Q\x01\xb8\x92\x96\
\xbdeD\x00\xccE'J$g\xf8\xf1\x85\x16m\xdb\
\x04\xee$?\xb19aXY\xab;W\x00\x80/\x14\
\x81\xb6\x0f\x07P\x05bB\x87;\x15\x8c~\x17!h\
d\xa0\x805\xcf\x8e\x80}\x06\x89\x13E\xb0\xdb\xdf\xb9\
\xe4\xc7\xaaN\x16\x00\x14W\x11\xe0p\xa0\xcd\x13\x83\xa8\
1\x22\x1e+\xe6.\xc2\xbb\x15\x9c\xfb\x8f\xbe\xf4>-\
\x02`+\xba[\x5c\xb9\x9b\x0f\xcc\xb5\xd8z\xe3\x84\x1f\
\xb1\xd8\xba\x22u\x14\xe8l\x01\xc0X\x15\x01N\x0c\xb6\
y\x89\x105f\x12g\x9eOR\x90\xb2Gp\xa0z\
\xbf\xa5x&:5\x96\xc1P\x04\x96wis\x12\x0d\
\x8c\xb5XD\xe3R\x1f1X\x842u\x94\xe8t\x01\
\xc0`\x15\x01.\x11\xbeJ\xcb\xdcu\xa5\xae\x88\xc6\x13\
\x86'H\x93\x9f+x\x8f\x14\xb5}rJ\xaat\xab\
\x81\x99\x88w\xe4\xfd\x5c\x9a\x83e\xee'\xf7$\xf6\xcf\
m\xd6\x12\xb1\xf6\xaa\x10{\xb3Vu\xebc\xe7\x0b\x00\
p\xcb\x11\xdc,\xb4\x95\x96\xb9\xefZ]1mei\
r\x84\x88Bp\x9a\x02\xfa\xe5Z\xf66\x06\x010\x12\
\xf14(\x89\x0fv`8f\x8b\xec\xab\x88\xb1\xadB\
\xcce\x17\x9eZ`/\x0a\x00\xa0\xc8!\xdc6\xbc\x85\
\x96\xdbx\x8aPb'\xb6\xb7h\xc4U\x0a\xee\xabE\
\xff$\xf2\x1b\x8a\x04\x08\x0d,D`r\xb5>_%\
\x02+u\xc55bk\x8b\x10k\xc5)WG\xa1\xde\
\x14\x00\x8c\x97c\xee\x15m\xade~A\xd4\x15\xd96\
\x95V\x1f\x17\xfdJA\xcf\xab\xcb\x06{\x8b\xb1\xec\xdf\
E\xf4%\xb0\x10\x81\x09\xd8h\xb1\xc8\xc6\xf3\xfc[+\
\xbexH\xadH\x05\xeb(\xd5\xab\x020\x02@N\xe2\
n\xb0.\x5c\x96\xe3A'n1~P\x89\xc0CG\
\xbb\xab_vdG\xdfzl\x13a#\xb6r\x1c\xcd\
-\xbb`P\xb4\xa9R\x8e\x99|\x88)-\xf6\xab\xf5\
\xb2\x00\xe0\x22\x15\x01f\x16b\xa6W&a\xe4\xab\x92\
\x89KZ<\xb8\xc2L5\x0f)I.\x12\x1d,Z\
\xbfd\xa5\xab\xe8\x86\x0d\x22l\xe1<\xcdC\xda\x06\x1b\
\xb1\x15\x9b\xf5\xb1\xe8F\xec\xec\x14b\xa9hE\xeb*\
\xd7\xdb\x02\x00 r\x1cs\x0cn\xa2ef~U\xd7\
\x99\xb6\x9d4=Nt\xa3\x92\x87\x13\x88\xe7\xa8\xe7R\
\xd8f\xea\x8b\xbd\xb4\x88n\x22tDWt\xe6D\xde\
\x8d\xb2\x03[\xb0I\x8b\x9di\xc4\xcc&!\x86:\xa3\
t\xac\xa2\xbd.\x00\x80!\x07\xde)\xdaV\xcb9_\
>\x22q\xc9\x1a\x97\x10ya\x05\x97\xc2\xfeK\x5c\x1f\
U\x921c\x11O&\xee\xaf\xe5\xadE\xcf\xd5\xf7Y\
\x1b2E\xc8F\x07ta\xc6\x9dG\xa5\x04:\xa2+\
:\xa3\xbb\xbe\xea\x5c\xe3\xa5\x1d\xdb*n\xb8\xdb\xb0s\
\xca\xc7(\xdc\xfb\x020\x02C\xce\xe4E\x0c\x1c\x12\xf0\
>\xb6\xd1\xd7]\xec\xd9\x03`*k\x8eI\xb91\x86\
_\xaa\x9f*\x199\x8fp\x93\xfa\xaf\x8a>&:T\
\xb4P\xb4\xa3\x88_\xe5\x17\xa9\x7f\xaeh\x05\xd12\x22\
\xf8L\xdb\xcf\xb2\x88\xefX\xc7\x18\xc6\xb2\x0d\xdb\xc2\x03\
^\xf0\x84728~\xff\xa96F6:\xa0\x0b:\
=\xceS\xeb\xba\xd8\x88\x0dv\xf9\x89\x95i\xfd\xfb\xfe\
o0\x05\x00G\xaa\x08pH\xc0q\xf5\x99|\xee\x19\
qL\xfdR\xd9D\x91\xe3}\x8b\xdc.\xcb\x13r\xdf\
\xd0w\xfc*\xf3\xa8,I\xfb+}\xfe\x7f\xd1\xef\x95\
\xf4\xd3\x8de\x11\xdf\xb1\x8e1\x8ce\x1b\xb6\x85\x07\xbc\
\xe0\x09od K\x9b\xf4\xaa\x11\x13\xeb\x87\x18\xe9\x95\
a\xe3\x8c\x19T\x01\x00\x089\xf8\x97\xa2\xbd\xb4\xcc3\
\xfd\xbc\x9cT\x8b\xde\x06\x8c\x001\xb0\x90\x98\x10\xb1<\
((\x06W\x00F\xde\x95\xb3O\xd7\xf2\xba\x22*\xbf\
:o\x03D\x00\xdf\xaf\x1bba\x80\xe6OM\x0d\xb6\
\x00\xe0m9\x9e\x1b\x87\xd8\x1b\xe0\xad@w\xf0\x9d\xd3\
 \x10\xc0\xd7\xbb\xcb\xff{\x89\xe6\xbd\xb1g\x08H\x0c\
\xba\x00\x8c\x1c\xac 8G\xcb/\x14u\xf5J\x81T\
\xf7V\x11\x01|\xfc\xc2\xe0\xf3\x8a\x9b\xf4w\x98\x17\x80\
\xe0[\x05\xc4c\x22\xce\xfer\x92\xeb+\xe1k\xef\xfa\
\x83\x00>})>\x16=\xd6\x1f\xb3\x9aY\xe2\x05`\
\x16~\x0a\x8e\x9bE;\xebk\xcex_\xa7\xde[\xb7\
\x11\xc0\x87\x5c\xda\xdbY~e\xaa\xf0n[\x93X{\
/\x00\xf3\x00\xaa`\xf9\x9a\x88\xbb\x08\xf7\xd3\x10\x8e\x19\
\xd5y\xeb\x10\x02\xf8l?|(\xe2\xf2o\x94\xeaC\
\x19\xec\x05`\x82\xa7\x15<\xa7\x8a\xd6\xd20\xe6 \xe4\
F\x11-z+\x18\x01|\xc4\x1c}k\xc9o\xa7\x16\
\xacg\x11\xaay\x01\xa8\xe8\x06\x05\xd3I\xa2\xd54\x9c\
B\xd0\xfb[Deg\xd7\x1a>!\xf1W\x93\x9f\xb8\
;\xb1k\xfa\xb7\xa2\xaf\x17\x80H\xd8\x09.\xd1\x0b\xb4\
\x19\x87\x06<\xe8\xa2Eo-\x22\x80\x0f\xd8\xd5\x7f\x81\
\xfc\xe2\x89\x1f\xe9\x08/\x00\x91\x80\x8d\x86+\xd884\
\xe0\x8d\xb3\x9c,\xe4\xc5\x14\xa3U\xde\xe7A\x00\xcc9\
\xb9\xb7!\xbeH)rH\xbc\xbc\x004\xf4\xb6\x82\x8f\
\x93\x85\xaf\x16\x1b.\x1f\xf2\xa2\x8a\x07\xb4\xec\xcd\x06\x01\
\xb0\x05c.\xe7\xbd\x1a\xecm\xc4\x0c\x87\xab\x17\x80D\
\xbeV0r\xf9\xf0 \xb1\xe3-A<g\xc0\x93r\
\xfa\xe8-\x01\x02`\x09\xa6+\x09\xe7\x83D~9/\
\x01\xa8\xb0\xf0\x02\x00\x0a\x09I\xc1\xc9\x0dE\xa7\xabg\
\x0e\x02\xee.<\x5c\xec=`\x05Bd\x033\xb0\xe3\
\xae=\x9e\xcd\x07S\xbf\x81'\x12\xc4I\xc3\xbd\x00L\
B\xa8\xc1z\x15\x81\xdbD\x1f\x12qx\xc0\x8bD\x8f\
\x16;\x02[\x9d\xb79\x10\x00\x1b0z\x19\x98\x89\xc0\
\xee\xb69\xc6\x99}54\xc6^\x002y\x5c\xc1|\
\x83\xe8\x03\x22\x8a\xc1\x8b%\xf6\x10\x11\xbb\xb6\xea\x06\xdd\
\xc0\x00,^\x0c6\x220b\x8a\xf7A\x83\x92\xcbx\
/\x00\xb9\x90\x9e!GA~\xab\xe8x\x11\x87\x09\xcb\
i\x15W\x128\xb9\xc5%-}\xecu\xc3Fl\xc5\
\xe6\xe5\xc0@\x04\x16LB\xd2k\xc3K4\xce\x0b@\
\xcb^Q\xf0?,\xe2J\x02'\xb7\xb8\xac\xc8\x9bp\
H\x0ef\xe1\xe1E\x14L\xbf\xd5\xb2\x96\xb5\xc5\xa3;\
6`\x0b6\xad,[\xb9l\x87\xad\xd8\xfcpm\xce\
\xbea\x12\x04\xbc\x00$\x811\x1d\x13%\xc8/D$\
\xc7\xfb\xd4\xf3\x22\x8ag\x8a;\x87\x0c\xbc\x04\x95D\xfa\
\xba>\xdf.*\xad\xa1\x13\xba\xa1#\xba\xb2K\xff\xcc\
`\x03\xb6`\x13\xd3l\x97\xa6\xf7\xe3\xfa\x0cq\xc1\x0b\
@\x07\xbc\xae$\xe2\x90\xe1,\xf5$\xd2k\xd5\xaf-\
\xb5\x97\x11\xbdD\xc4/\xeb\x01\xea?*:[\xc4\xab\
\xb5HF~}\xf51I\x83\x17<\xe1\x8d\x0cd!\
\x13\xd9\xe8\xb0\x0c:\x89\xd0\x0d\x1d\xd1\xd5w\xe9\x93@\
o\xcb\xc4\x0b\x80-\xbef\xdc\x95l\x8f\x8an\x11\xf1\
\xcbz\xb2\xfa\x83E\x0bD\xff Z[\xc4\x9e\xc3\xd2\
R\xe09\xa2\x17\x89\x98\xb5wK\xf5\xdb\x8bH\x5c^\
I\xb6\x9b\x96!\x96\xf9\x8eu\x8ca,\xdb\xb0\xed\xd2\
\xf0\x12\xc1\x13\xde\xc8@\x162\x91\x8d\x0eL\x07.V\
\xde\xba\x86\x80\x17\x80\xaey,B_%\xedoEL\
{\xf6?\xea\xaf\x17])\xbaXD\xe2\x9e\xa7\xfe\xdc\
@,\xf3\x1d\xeb\x18\xc3X\xb6a\xdb\xdfF\x88\xf4\xa1\
\x1dC\xc0\x0b@\xc7\x1c\xe6\xea\xda 0T\xae^\x00\
\x86\xeay\xb7\xdb\x11\x10\x02^\x00\x04\x827G`\xa8\
\x08x\x01\x18\xaa\xe7\xddnG@\x08x\x01\x10\x08\xde\
\x86\x8d\xc0\x90\xad\xf7\x020d\xef\xbb\xed\x83G\xc0\x0b\
\xc0\xe0C\xc0\x01\x182\x02^\x00\x86\xec}\xb7}\xf0\
\x08x\x01\x18|\x08\x0c\x1b\x80\xa1[\xffG\x00\x00\x00\
\xff\xff$*\x1a\x92\x00\x00\x00\x06IDAT\x03\x00\
_\x9d}\xb5\xf1]\x1f\x81\x00\x00\x00\x00IEND\
\xaeB`\x82\
\x00\x00'\x0c\
\x89\
PNG\x0d\x0a\x1a\x0a\x00\x00\x00\x0dIHDR\x00\
\x00\x01\x00\x00\x00\x01\x00\x08\x06\x00\x00\x00\x5cr\xa8f\
\x00\x00\x10\x00IDATx\x01\xec\x9d\x0b\xd8oS\
\x9d\xc7_Mb\x1e\x92K\xe6\xd1\x14%4I\x09\xb9\
UJ\xc2\x10J\xb9\x9c\x139\xe3\x94KS#\x87\xe8\
\x19\x9a\x18C\x13\xf3D\x1c\x99\x9a\x5c\xea\x98#:\xc7\
\xa5\x94#\x86\x93\x94\xca-\xa4\xa4\x09Qj\xf2\x8cD\
\x1c\xcf\xb8\x943\xdf\xcfk\xbdz\xbd\xfe\xef\xff\xbf\xd7\
\xde\xeb\xb7\xf6\xedw\x9e\xf5;k\xff\xf7\xe5w\xf9\xfe\
.\xef\xbe\xac\xbd\xf6\xf3\xc6\xfc\x9f#\xe0\x08\xf4\x16\x01\
/\x00\xbdu\xbd\x1b\xee\x08\x8c\x8dy\x01\xf0(p\x04\
z\x8c\x80\x17\x80\x1e;\xdfM\xef7\x02X\xef\x05\x00\
\x14\x9c\x1c\x81\x9e\x22\xe0\x05\xa0\xa7\x8ew\xb3\x1d\x01\x10\
\xf0\x02\x00\x0aN\x8e@O\x11\xf0\x02\xd0S\xc7\xbb\xd9\
\xfdF`\xc2z/\x00\x13Hx\xef\x08\xf4\x10\x01/\
\x00=t\xba\x9b\xec\x08L \xe0\x05`\x02\x89\x0e\xf6\
K\x97.}\x81h\x0d\xd1\xdf\x886\x15m-\xdaA\
\xf4.\xd1n\xa2=\x02\xb1\xcc:\xb6\xb1\x0f\xfbr\x0c\
\xc7\xbe\xa0\x83\xd0\xb8I\x01\x01/\x00\x01\x88\xb6uJ\
\xdc\xe5D\x1b\x88H\xdc\x83\xd5\x9f$Z \xfa\xae\xe8\
\x0e\xd1\x1fd\xd3\xe3\xa2\xdf\x8a~&\xbaA\xf4m\xd1\
e\xa2\x8bE\x17\x8a\xce\x0f\xc42\xeb\xd8\xc6>\xec\xcb\
1\x1c\xfb8\xbcD\xf0\x8472\x90\x85Ld\xa3\xc3\
r\xe2\xe3\xad%\x08LV\xd3\x0b\xc0d4\x1a\xba\xac\
\xe4[_\xb4\x97\xe8S\xa2\xaf\x8b\xee\x90\xaa\x8f\x89~\
\x22\x22q\xe7\xaa\xff\xa8h\x86h+\xd1\xba\xa2\x95D\
\xa9\x1a\xbc\xe0\x09od \x0b\x99\xc8F\x87\xc7\xd0I\
\x84n\xe8\x88\xae\xeb\xa7\x12\xee|\xec\x10\xf0\x02`\x87\
m)\xceJ\xa2\x17\x8b\xf8\xcbJ\x22-\xd62\x7f\xc9\
\x7f*f\xe7\x8a\x8e\x14\xbdSD2\xaakTC'\
tCGt\xfd)\xba\x8b\xb0\x01[\xb0\xe9\xc5\x8d\xd2\
\xd8\x95\xf1w\x01\xea\x8e\x01%\xc8\x0a\x22\x92\xe3d\xf5\
7I\x9f\xfbE\xfce%\x91\xde\xaee\xfe\xfa\xaak\
eCwl\xc0\x16l\xba\x1f\x1bE\xd8\x8a\xcd+\xb4\
\xd2\xaa\x0e)\xedg\x0058S\x09\xc0)\xfda\xea\
\xaf\x90\xf8%\x22\x92\xe3\x10\xf5\x1b\x8b\xba\xde\xb0\x11[\
\xb1y\x09\x18\x88\xc0\xc2/\x192x~\xaa\x08/\x00\
S\x111\xfa\xad \xdfDt\xac\xe8G\x12\xc1)\xfd\
\x89\xea\xb7\x13\xf5\xbd\x81\x01Xp\xc9\xf0#\xe1\x03F\
\x9b\xf4\x1d\x94\x5c\xf6{\x010DZ\xc1\xbc\x9e\xe8\x13\
\x22\x92\xfe\x87\x12u\x94hC\x91\xb7\xc1\x08\x80\x0d\x18\
\xfd\x10\xccD`\xb7\xde\xe0]}m\x0a\x04\xbc\x00\xa4\
@q\x12\x0f\x05\xed\xf3D\xfb\x8a8\xbd\xff\xb96\x1d\
'\x22\xb0\xd5y\x8b@\x00\xcc\xc0\xee\xe7`)\x02S\
\x8f\xd7\x08\x00\x8b\xec\xea\x80\x16A\xa9\xc0>\x0a\xd0\x0d\
E'k\xd7\x07D\xf3D\x9c\xda\xaa\xf3\x96\x00\x01\xb0\
\x04\xd3\x07\xc0XDqH\xc0\xb6_,\x06Y\xeb\x05\
`\x10*\x11\xeb\x14\x8c\xdc\xcd\xbeD\x87p\x9a\xcf\xcd\
\xad\x95\xb5\xec\xcd\x06\x01\xb0\x05c\xee\x15\x5c\x02\xf66\
b\xfa\xc3\xd5\x0b@I_+\xf8\xf6\x17\xf1\xd8\x8e\xbb\
\xd9;\x97d\xe3\x87\x95G\x00\xcc/\xc6\x07\xa2\xfd\xcb\
\xb3\xe9\xf7\x91^\x00\x22\xfd\xaf`\x9b#\xfa\x85\x0e;\
C\xc4#-u\xdejD\x00\x1f\x9c\x81ODsj\
\xd4\xa3\x95\xa2\xbd\x00\x14t\x1b\xc1%\xfa\x95v?E\
\xb4\xb6\xc8[\xb3\x10\xc0'\xa7\xe0#\x91\x17\x82)\xbe\
\x99\xee\xa7\x17\x80\xe9\x90\x09\xeb\x15L\x9c\xea\xdf\xa9\x9f\
$\xfe\x9a\xea\xbd5\x1b\x01|D!\xb8\x13\xdf5[\
\xd5\xfa\xb5\xf3\x020\x8d\x0f\x14<\xdc\xdc\xbb^\x9b9\
\xd5_G\xbd\xb7v!\x80\xcf\xb84\xb8\x1e_\xb6K\
\xf5|\xdaz\x01\x98\x82\xb5\x82\x85\xc7y\x17i57\
\xf76S\xef\xad\xdd\x08\xe0Cn\x16^\x84o\xdbm\
Jz\xed\xbd\x00\x04L\x15\x1c\x0c\xe09^?y\x9c\
\xf7\x1e\xf5\xde\xba\x85\x00>\xe5\xf1\xe1\xf1\xf8\xba[\xa6\
\x0d\xb7f\xd8V/\x00BG\x01\xb1\xa7:F\xed\x1d\
\xa1\xde[\xb7\x11\xc0\xc7\x8c.\xc4\xe7\xdd\xb6\xb4\x80u\
\xbd.\x00J|\xa6\xbc\x9a/\x9c\x16\x8a\xb8fT\xe7\
\xad\x07\x08\xe0\xeb\x85\xf2\xff|\xd1\x1a=\xb0wZ\x13\
{[\x00\xe4\xf8}\x85\xcam\xa2}D\xde\xfa\x89\x00\
\xbe\xbf-\xc4B/\x11\xe8]\x01\x90\xb3W\x15\xf1W\
\x9f\xb1\xe5\xab\xf6\xd2\xebn\xf4d\x04\x88\x81y\xc4\x84\
\x88\xe5\xc9\xdbZ\xbf<\xca\x80^\x15\x009\xf8]\x02\
\xe4\x16\x11\x95_]\xa7\xda#\xb2\x86\x1b\x98<\xbd8\
M\xcb\xcc\xc2\xf3~\xf5\xbb\x88\xde(b\xc2\x8d\x97\xa9\
_E\xf4\x97\xa2\xe7/\x13\xfe\xb1,b\x1d\xdb\xd8\x87\
}9\x86c\xe1\x01/x\xc2\x1b\x19\xc8\xd2!\x9dj\
\xc4\xc4-!F:e\xd80czS\x00\xe4X\xee\
\xf0\x13\xc0\x0c\x14\x19\x86I\xd3\xb7\xfdI\x0a2k\xef\
\x99\xea\x19\xf1\xc6\x9br/S.\xaf$\xdaH\xf4n\
\xd1GD'\x88\xe6\x89\x16\x89\xae\x15\xfdL\xf4\x1b\xd1\
C\xa2\xc7D\xf0\x11\x8b\xb11\x96E\xacc\x1b\xfb\xb0\
/\xc7p,<\xe0\x05Ox#\x83\xa9\xbe(\x14\xc8\
F\x07tA\xa7gx\x8e\xb5\xf3\x1f\xb1\xc1#Cb\
\xa5\x9d\x16Dj\xdd\xf9\x02\xa0\xc4_[\xc4\xbb\xf9\xdc\
\xfd\x8d\x84\xa7\x11\xbb\xdf'-.\x10\x1d*\xe2\xaf\xf2\
rJ\xd6\xcdE\x07\x88N\x15-\x16\xfdF\xdb\xb26\
d\x8a\x90\x8d\x0e\xe8\xb2\xb9\x14`zptDWt\
Fw\xadn];\x82\x98\x111\xbc\xb8u\xca\xc7(\
\xdc\xe9\x02 \x07r\xca\xcfh>\xfeR\xc5\xe0R\xf7\
\xbe\x97K\x81\xc3E\x1b+\xc9^\x22\xdaSt\x8a\x88\
\xbf\xca\x8d\xfd++\xfd\xfe$BGtE\xe7\x97`\
\x83\x08[\xb0I\x8b\xadi\xc4L\xabG\x11\x16A\xba\
\xb3\x05@\xc9\xff\x8f\x02\x80S\xfe6LE\xcd5\xf5\
9\xd2w\xa6hE%\xd1\x8e\xa2\x93D\xdc\xaf\xd0\xaa\
\xf66l\x10a\xcb\x8e\xb2bE\x116b+6\xeb\
g\xa3\x1b\xb1\xc3%\x01\xb1\xd4hE\xcb*\xd7\xc9\x02\
\xa0\xe4\xe7\x9a\xf4\x84\xb2\xa0d<n\x81d\xed\xa1\x04\
\xe1\xfa}\x96\xfa\x85\xa2G\xb5\xae\x93\x0d\xdbD\xd8\x88\
\xad\xdcG\xd8C\x86\x82\x81\xbaF\xb7\x13BL5Z\
\xc92\xcau\xaa\x00\xc8I\x0c\xecY, \xf6\x135\
\xb5]'\xc5\x0e\x12\xad\xa2dx\xaf\x88\xcfr\xe9g\
\xff\x1a\xb6\x8b\xde+\xcby\xfa\x00&`\xa3\x9f\x8dl\
\xfb)\xbe\xf8\xc8I\xa7\x06\x0eu\xa6\x00\xc89L%\
}\xb5B\x87\x0fQ\xa8k\x5c\xfb\xa24\xdaJ\x01\xbf\
\xa5\xe8\xdfE\x0f\xe9\xb77!\x00\x16\x220\xd9R?\
\xf9\xfc\x18Xi\xb1q\x8d\xd8\xba:\xc4Z\xe3\x94\x9b\
\xacP\xd1\xe5N\x14\x009\x84\xeb\xcb\xabd\xf4\xabD\
Mj|\xe5\xe7_\xa4\x107\xf2\xf6S\x90\x7fO\xcb\
\xde\x86 \x00F\x22\xce\xe0\xb8\x81\x08v`8\xe4\x88\
\xec\x9b\x88\xb1\xabB\xcce\x17\x9eZ`\xeb\x0b\x80\x1c\
\xb1\x97@\xf9\xa6\x88kJu\x8dh\xbf\x94\x16<\x0a\
#\xf1\x8fQ@\xb7\xf5q\x98\xcc\xa8\xa7\x81\x99\xe8\x18\
I\xa7\x10\x80\xe5=ZnJ#\xd6\xbe\x19b\xaf)\
:\x95\xd2\xa3\xd5\x05@\x0e8PV\xf3!Ju\x8d\
h\xf7J\x8b9\x0a\xdcW\x88x\x14\xd6\xd8Gv\xd2\
\xb3\x15M8\xf2h\x11,y&\xcf\xa0#0n\x8a\
\xee\xe7\x86\x18l\x8a>\xd1z\xb4\xb6\x00\x08x\x82\xe1\
\x0b\xd1\x16\xdb\x1c\xc0#\xad#\x15\xack\x89N\xb5\x11\
\xe1\x5c\xc1V\xb4\x96\x90`h2\x98k\xb1\xf6\xf6\x85\
\x10\x8b\xb5+2\xa1@L\xdf\xca\x02 \xc0\x0f\x93\x91\
\xcc\xd1\xa7\xae\xf66W\x1a\xac\xad\xc0l\xc3cG\xa9\
\xda\xfe\x16\xb0\xe6\x8c\x00\xec\x9b`\x10s\x10\x12\x93M\
\xd0%J\x87\xd6\x15\x80\x90\xfc|L2\xcaP\x83\x9d\
/\x15\xcfM\x15\x8c\x87\x88\xf8\x1a\x90~z\xcb\x85\x00\
\x98\x8b\xf8H\xc8\xa6\x92\x89/\xd4\xd5\xdaN\x0c\xb1Y\
\xab\x12\xb1\xc2[U\x00\x040\xa7\xfdu'?7\xf4\
\xde\xaf\xe0\xdbY\xc4\x07?c1\xf7\xfd\x13\x22\x80\x0f\
D|$\x84\xb7\x16\xf1MB\xee\xd1\xac(\x02\xc4h\
\xf4\x81u\x1d\xd0\x9a\x02\xa0\xe4\xe7\x86_\xdd\xa7\xfd\x8c\
0\x5c_\x01\xc7\x5c\x02u\xf9\xcc\xe5\x0e@ \xf8\x84\
\xd7\x98\xf1\xd1\x80=\xb2\xad\xe2r\x80X\xcd&p\xb2\
\xa0\xd8\xe5V\x14\x00%?\x8f\xfa\xea\xbc\xe1\xc7\x9dg\
\x86\xec\xf2\xd6\x9b\x0f\xe0\x89\x8d\xb2L\xfb\xab\x08\xf0:\
\xf3\x01\x12\xc7\x10c|\xa6\xc5Z\x1a7\x06\x89\xd9Z\
\x84\xc7\x08m|\x01P\xf23\xc8\xa7\xceG}\xbc\xb8\
\xb2\xa1\x82\xab\xb7Cvc\x02\xaa\x09\xfb\x06_m(\
]\xf0\x9d\xbaZ\x1a\x8f\x08\x89\xddZ\x84\x17\x15\xda\xe8\
\x02\xa0\xe4gxo\x9d/\x8b|H\xc1\xc4\x8b+\xfe\
W\xbfhD5d?\xf9\x8d\xb3\x81YR\xe7C\xa2\
\xba\xda\x82\x10\xc3u\xc9\x1f)\xb7\xb1\x05@\xc0\xf1\xd2\
\xc5y\xb2\x80QW\xea\xb26\xbe\xfa\xcb\x1d\xfe\xff\xc8\
*\xd5\x85%G@\x85\x00\x1f\xf2\xa4\x00\x9f&\xe7?\
\x82!\xb1{^\x88\xe5\x11\xbbV\xdf\x5c\x86Cc\x0b\
\x80\x8c\xf9\xb2\x88q\xd7\xea\xb2\xb6\xb3%\x8d\x19w\xfc\
\x0e\xbf\x80\xe8BS\x11\xc0\x97\xccX\x84os\x9bD\
\x0c\x13\xcb\xb9\xe5\x16\x92\xd7\xc8\x02\xa0\x8a\xc9\x9d\x5c\xde\
\xbc*dD\xc2\x9d\x18\xcd7[\x01\xe3Cx\x13\x82\
\xda\x04V\xf8T4[\xba0\x8aP]\xd6\xf6\xf6\x10\
\xd3Y\x85\x16\x11\xd6\xb8\x02 \xa0\x98}\x85\xb7\xc1\x8a\
\xe8\x9fj\x9f'\xc5h\xa6\x02\xc4G\xf3\x09\x88.\xb7\
\xe0cf%\xc2\xe79Me>\x01b;\xa7\xcc\x91\
\xb2\x1aU\x00\x94\xfc\xcc\xe1\x97;\x09ys\xef\xad\x0a\
\x0c\xbe\x0e4\x120\xdf\xa1\xfd\x08\x04_\xbfU\x96\xe4\
~\xc3\x90\x99\x85\x88q\x89N\xdb\xcarkL\x01P\
\xf23\xb6\xfb\xac\xb2\x86\x94<\x8e\xa9\xac\xdf\xa6\x80\xb8\
\xb6\xe4\xf1~XK\x11\x08>\xdfF\xea\x13\x03\xea\xb2\
\xb5\xb3B\xacg\x138LPc\x0a\x80\x94<]\xc4\
$\x8c\xea\xb2\xb4+%e;\x05B\xee\xbf\x02\x12\xeb\
\xad\x09\x08\x04\xdfo+]\x88\x05uY\x1a1N\xac\
g\x116JH#\x0a\x80*\x22\x1fb`\x1a\xe6Q\
\xfa\xa6\xda~\xb1\x9c\xbf\xbd\xe8\xe1T\x0c\x9dO;\x11\
P\x0c<\x22\xda^\xda3\x83\xb4\xba,m\xbb\x10\xf3\
Y\x84\x0d\x13R{\x01\x10\x10\x5c\x13\xe5\xfch\xc7\x05\
r\xf8\xbb\x87\x81\xe2\xdb\xfa\x87@\x88\x09>f\x92\xcb\
x>>B\xecW\x96W\x85A\xad\x05@\xc9\xbf\xaa\
\x94\xe7\x9bs\xea\xb24\x92\x7f\xcf,\x92\x5cH\xeb\x10\
P\x11 6r\x16\x81\xd3B\x0e\xd4\x86U\xad\x05@\
V3\xa1\x03\xdfc\xd3\xa2y\xe3\xb4\x1f\x07\x9b\x0br\
\x01\xedE \x14\x81\x5c\x97\x03\xc4>9P\x1b`\xb5\
\x15\x00U\xbe}e5_dUg\xde\xae\x94c\xfd\
\xb4\xdf\x1c\xe6n\x08\x08\xb1\x92\xeb\xc6\xe0>!\x17j\
\x01\xaf\x96\x02 \x83\x19\xe7\xff\x99L\x16\xf3\x98g\xb7\
L\xb2\x5cLw\x10\xd8]\xa6\x10;\xea\xcc\xdbgB\
ND\x0b\xaaz@-\x05@J\x7fZ\xc4\xf5\xbf:\
\xd3\xc6#\xbe\x19\xaa\xe8M\x99@\xd2\xd4Xg\x9e\x0e\
\x01\xc5\x0cO\x88f\x88#\x03\xc5\xd4\x996r\x81\x9c\
0\x152\x88y\xf6\x02\xa0J\xc7ux\x8eS\x7f\x86\
z\xee%GR\x04\x06\xd9\xee\xeb\x1c\x81\xa1\x08\x84\xd8\
\xe1\xd3e\xc4\xd2\xd0}\x13l\xe4R\x80\xdcH\xc0\xaa\
8\x8b\xac\x05@\xc9\x8f<\x9e\xf9\x17\xd7\xb0\xfc\x9e\xfb\
\xc8\x81>\xc2\xaf<~~\xa4\x10\x081\x94\xe3\x0f\x96\
\xa4\x8d\x1d\x1fr\x84\xe5,DBf\x11\x14\x84\xfc\xab\
\xfauD\xd6\x8d\xb7\xfa|l\xbf5\xca=\xe1\xaf\x22\
@,\xe5x\x8b\x90\xdc G\x0a!\x9bb\xa7l\x05\
@\x95\x8d)\x9ar\x0c\xf89[\x0e\xcb\xfdBQ\x0a\
_8\x8f\x06#\x10b*\xc7|\x02\x0c\x10\x22W\xb2\
\xa0\x91\xad\x00\xc8\x1a\xbe\xf3\xa6\xce\xb41\xebK\xeeW\
\x89M\x0dr\xe6\x8dB\x80\xd8\x22\xc6\xac\x95\xca\x91+\
\xe36d)\x00\xfa\xeb\xcf\x90\xc7\xf7\x8cK\xb4\xfd\xef\
@Uj\x9f\xcc\xc3\x16\xe3\xder\x0f\xb1\x95c\xca\xef\
\xf7\x84\x9c1\xc7:K\x01\x90\x15\x9f\x10Y7&\xf0\
d\xea'k9\xce\xbf\xc7\x08\xa8\x08\x10c9&\x1a\
\x1d\x9a3\xa9\x5c`^\x00T\xc9\xf6\x97\xb2\x9b\x89,\
\xdb9r\x0c\x93?Z\xcap\xde\x8e\xc08\x02!\xd6\
\xac\xa7\x1c\xdf,\xe4\xce\xb8L\xab\xff\xcc\x0b\x80\x14\xb7\
\xbe\xf1\xc7\x07 >\x229\xde\x1c\x81\x9c\x08\x10s\xc4\
\x9e\xa5L\xeb\xdc\x193-\x00\xaa`|'\x8dG\x1b\
\x96 \x1d\xaa\x8a\xec\xf3\xf6G ,\xbf\xac(z\x93\
h\xb7@,\xaf\x18\xc1\xa2\xf7\xbb\x86\x98;\xd4\x18\x88\
u\xe4\x1fr\xc8L\x8ci\x01\x90\xd6\xd6\x9fL>S\
\x8e\xf0/\xf6\x08\xe8\x22M\xc1\xb4\xb7\xe8\xbf\xb4/C\
\xa3\xbf\xa7\x1e\xec \x96\x1fa\x9bho\xad\xf7V\x00\
\x81\x10{\xcc`]`\xef\xd2\xbb<'\x87Js\x1a\
p\xa0Y\x01P Q\xb9x\xddq\x80\xd8$\xab\xee\
\x13\x97\x8f\x89\xbc\x8d@@\xbe\xd8D\xf4]\xed\xc6\xfc\
\xf4\xcc~\xa3\xc5\x81\x8dm_f_\x11_e\x1a\xb8\
\x93\xaf|\x16\x02\xc4 \xb1\xf8\xac\x95\x09\x7f\xac)_\
\x90K\x09Y\xfe\x99\x95Y\x01\x90\x083\xa5\xc5\x9b\xc6\
h??\xf5\x07\x89!\xa4\xe0\xe1MH\xee\x5co5\
d\xb7\xa9\x9b\xd8\xf7\x87\xe1\xd8\xa9\xdb\xfc\xf7$\x04t\
\x16@\x0cZ\x8f\x124\xcb%\x93\x02\xa0\xc0\xe1\xce?\
\xb3\xfcN\x82*\xe9\xe2\xa5\x02~^R\x8e\x1dd&\
?\xf0q\x15N\xf1\xcbZwa\xe0Q\xf6\xf8^\x1c\
\x17b\xf1RCc\xd7\x96\x1f\xc8\xa9\xe4\x22L\x0a\x80\
\xb4\xfc\xb0\xc8\xb2\x1dm\xc9\xbc\x0b\xbc\x150\xcb\xca\x8e\
\x14\xb3\xcf\x9e\x1ex\x89\x9d\xb7!\x08X\xc7\xe4xN\
\x0d\x91_jS\xf2\x02\xa0`a\xd4\xdf\xc6\xa5\xb4)\
v\xd0\x5cU\x5cNi\x8b\xed\xdd\xdf\xbd\x8e\x92\xe9)\
\x9e\xc0\xc0\x03^b\xe7m:\x04BLZN\xef\xb5\
q\xc8\xad\xe9T(\xb5>y\x01\x90\x16\x96C%\xb9\
{}\x9cdx\x1b\x82\x80\x02e\x19m>H\x94\xaa\
\x1d\x14x\xa6\xe2\xd7U>\xc4&1je_\xf2\xdc\
JZ\x00\x14$\xbc\xc5\xb4\xb3\x95\xf5\xe2\xfb)U\xda\
\x07\xd4{\x1b\x8e\xc0N\xda\xbc\x8a(U\x83\x17<S\
\xf1\xeb$\x9f\x10\x9b\x9f24n\xe7\x90c\xc9D$\
-\x00\xd2\xea\xfd\x22\xabv\xaf\x00\xf6\xd7|\x8b\xa1\xbb\
E\xb1\xdd\xa2\xf6\xb2\xe0\x19\xa5@\x1bv\x0e1j2\
B0\xd8\x9f4\xc7\x92\x15\x00U&x\xcd\x0eJZ\
t'Z0\xed(\xcfW\x18\xd8e\xc1\xd3@\xcdF\
\xb0\xb4\x8c\xd5\xd9!\xd7\x92\x18J\xd2&a$&\xb3\
D+\x8b,\xda=\xaa\xac\xa7Z0\xee(\xcf\xe5\x0d\
\xec\xb2\xe0i\xa0f\xfd,C\xacZM&J\x8e\x91\
kI\x0cMY\x00,\xe7M\xb3\xbc\xbb\x9a\x04Hg\
\xe2\x08LA\xe0\x94)\xbfS\xfeL\x96kI\x0a\x80\
NI\xd6\x93uV\x1f\xf7\xbc_\xbc?+\xf2\xe6\x08\
\xb4\x09\x01b\x96\xd8M\xa2\xf3\x14&\xdb\x85\x9c\x9b\xb2\
:\xfeg\x92\x02 \xb13EV\xeds:\xa5\xf2Y\
~\xac\xd0u\xbe&\x08\x84\x98\xfd\x9c\x09\xf3\xa7\x99&\
\xc9\xb9T\x05\xc0r>s\x9f\xe8\xe3i\x87\xfb\xff\xed\
C\xc02v\x93\xe4\x5c\xe5\x02\xa0S\x11\xde\x1a\xe3\xf9\
\xbf\x85{\xbe\xa8Jj\xf9\xa6\x95\x85\xce\xce\xd3\x11\x18\
G \xc4\xee\x17\xc7\x7f\xa4\xffo\xc3\x90{\x958W\
.\x00\x92n\xf9\xd1M+\xf0\xa4\xb67G \x0b\x02\
\x95cx\x88\x96\x95s/E\x01\xd8u\x88\x82U6\
]\xa7\x0a\xcaD\x15Ux\xf8\xb1\x8e@\xad\x08\x84\x18\
\xbe\xceH\x89\xca\xb9W\xa9\x00\xe8\x14d}\x19fu\
\xfa?_\xbc\xbd9\x02]@\xc0*\x96\xb9\x0c \x07\
KcT\xa9\x00H\xaa\xe5\xf8pf\xaf\x91\x08o\x8e\
@\xeb\x11\xb0\x8c\xe5J9X\xb5\x00\xech\xe4\x9a\x05\
:ub\xa6\x15#\xf6\xce\xd6\x11\xc8\x87@\x88\xe5\x05\
e$\x168\xa6R\x0e\x96.\x00:\xfd_A\xcaY\
\x0d\xfe9_\xbc\xbd9\x02]B\xc0*\xa6\x19\x14D\
.\x96\xc2\xaat\x01\x90\xb4mE\x16\xed\x11U\xcc*\
\xd3XY\xe8\xe4<\x1d\x81J\x08\x84\x98\xb6\x9a+\xa0\
t.V)\x00\xdbTBd\xfa\x83/\x9e~\x93o\
q\x04Z\x8d\x80Ul\x97\xce\xc5*\x05`k#W\
|\xc3\x88\xaf\xb3u\x04\xeaF *\xb6#\x94-\x9d\
\x8b\xa5\x0a\x80\xae\xff_,\xe5\xac\xe6\xfd[$\xde\xde\
\x1c\x81.\x22`\x15\xdb\xcc\x17HNFcV\xaa\x00\
H\xca\x9bD\x16\xedr]\x9c\xcd\xb6\xa0\x00\x00\x10\x00\
IDAT+=j\xc1\xd8y:\x02u#\x10b\
\xfbr#=J\xe5d\xd9\x02\xb0\xa5\x91\x11W\x18\xf1\
u\xb6\x8e@S\x10\xb0\x8a\xf1R9Y\xb6\x00X\xcd\
\x0f\xb7\xb8)^r=\x1c\x01#\x04\x0a\xc5x\x09\xd9\
\xa5r\xb2l\x01\xd8\xb4\x84\x82\xa3\x0e\xb9O\xa7H\xb7\
\x8c\xda\xc9\xb7;\x02mF \xc4\xb8\xc5\x1b\xae\xa5r\
2\xba\x00\xe8\x06 c\x8fW2p\xc25\x06<\x9d\
\xa5#\xd0D\x04,b}\xa5\x90\x9bQ\xf6F\x17\x00\
q\xdfHd\xd1\xfc\xcd?\x0bT\x9dg\x13\x11\xb0\x8a\
\xf5\xe8\xdc,S\x00^g\x84\xe8\xb5F|\x9d\xad#\
\xd04\x04\x86\xc6z\x05e\xa3s\xb3L\x01xm\x05\
\x05\xa7;\x949\xffn\x98n\xa3\xafw\x04:\x86\x00\
\xb1N\xcc\xa76+:7\xcb\x14\x00\xee\x01\xa4V\xfc\
&\xdd\x1c\xb1\x00$\xb5\x9e\xce\xcf\x11\xa8\x8c@\x88\xf5\
\x9b*3z.\x83\xe8\xdc\x8c*\x00\xba\xc9\xb0\x9cd\
\xae+J\xdd~\x94\x9a\xa1\xf3s\x04\x1a\x8e\x80E\xcc\
\xaf\x1br\xb4\xb0\xe9Q\x05@\x5c-\x92_l\xc7~\
\xcc\x7fN\x8e@\x8f\x10\x18\x18\xf3\x09\xec\x8f\xca\xd1\xd8\
\x02\xb0N\x02\x05\x07\xb1\xb8m\xd0J_\xe7\x08t\x18\
\x01\xab\x98\x8f\xca\xd1\xd8\x02`\xf5\x81\xc8\x9fu\xd8\xd1\
n\x9a#0\x08\x01\xab\x98\x8f\xca\xd1\xd8\x02\xf0\xf2A\
\x96T\x5c\xc7\x04 \xbf\xa9\xc8\xc3\x0fw\x04Z\x85\x80\
n\x04\x12\xf3\x16\x13\x84D\xe5hl\x01x\x99\x01\xca\
\xbf0\xe0\xe9,\x1d\x816 \xf0\xac\xd8O\xa4pT\
\x8e\xc6\x16\x80\xbfN\xa4\xe4d6\xf7L\xfe\xe1\xcb\x8e\
@\x8f\x10\xb0\x88\xfd\xa8\x1c\x8d-\x00k\x188\xe7^\
\x03\x9eYY\xea\xd1\xcb2\xa2\x9dE\xc7\x8a\xfeS\xb4\
\xb0N\x92\xf1o\x14\xa5no\xac\xd3\xa6 \x1bl\xc1\
\x18\xac\x97Im`\x0d\xfc,b?*Gc\x0b\xc0\
_\x19\x80\xc4\xb5\x90\x01[{\x96\x0a\xcaeE\xc7J\
\xd2\x03\xa2KDG\x89f\x89\xf8pc\x9d\x14u\x1a\
(}\x8b4x\xd6i\x13\xb2\xc1\x16\x8c\xc1\xfa\x01\xb0\
\x17-[D\xf9\x86\xeec\x11\xfbQ9Z\xb8\x00\x08\
\xe8\x17\x08D\x8b\xb7\x00-^\x8d\x94\xaa\xb6Mx\xbc\
]\x12n\x17\x11\x90\xab\xa8\xf7\x96\x17\x010\x07\xfb\xdb\
\x83/\xf2JO#\xed\x99\xd8O\xc3n\x9c\x0bo\x05\
\x92\xab\xe3?F\xfdW\xb8\x00\x88\xd1\xaa\x22\x8bv\xbf\
\x05SK\x9e\x0a\xb8\xdd\xc4\x9f\x89\x1d\xa2\x9e\xb9\xea\x18\
o\xe9\x11\xc0\x07\x8b\x83O\xd2s\xb7\xe5h\x15\xfb\x85\
s5\xa6\x00\xbc\xc8\x08\x0bN\x9f\x8dX\xa7g\xab@\
\xdbD\x5c\xfd\xbb\x05\x02\xa1a\xed\xc2\xe0\x9b\x86\xa95\
T\x1d\xab\xd8/\x9c\xab1\x05\xe0\x85CM)\xbf\xb1\
m\x9f\x00\x9b[\xdeT?\xd2\x18\x81\xb6\xf9\xc6*\xf6\
\x0b\xe7jL\x01(\xfd\xf9\xa1\x11N\xb7\x18\x0c1B\
d\xb9\xcd\xfa\x0b\xb3\xb7\x8e\xdcJ\xe4\xad\x99\x08l\x15\
|\xd4L\xed\x9e\xab\xd5x\xec?wu\xe55\x85s\
5\xa6\x00,_Y\xad\xc1\x0c\xda4\x0d\xf8\xec\xc1&\
\xf8\xda\x06!\xd0&\x1fY\xc5~\xe1\x5c\x8d)\x00\xbc\
\x0al\xe1\xe7\xc7,\x98\xa6\xe6\xa9\xbf,+\x8a\xe7\xf6\
\x22o\xcdF`\xfb\xe0\xabfk\xf9\xb4vV\xb1_\
8Wc\x0a\xc0\xf3\x9f\xd69\xf9\xffO&\xe7h\xc3\
pC\x1b\xb6\xce\xd5\x00\x81\xb6\xf8\xca*\xf6\x0b\xe7j\
L\x01\x88\xd9\xb7\xb0O\x97Yf\x99\xb6\xcc\x04\x145\
\xc2\xaa0\x00\xbe\xa3\x05\x02\xad\xf0\x15\xb1oa\xbcx\
\x16\xce\xd5\xc2;\x8a\xa97G\xc0\x11\xe8\x18\x021\x05\
\xe0)\x0b\xdbu\xbd\xf6\x17\x16|\x0dxZ\x8c\xda2\
P\xd3Y\x0a\x81V\xf8\xca0\xf6\x0b\xe7jL\x01\xf8\
\xa3\x80\xb5hm\x19\xcb}\xab\x85\xf1\xce\xd3\x04\x81\xb6\
\xf8\xca*\xf6\x0b\xe7jL\x01x\xdc\xc4Ucc\x85\
\x1fY\x18\xc9/\xc4V\xd7kK\xb4\xa3\xd5\x87\x1d\xc5\
\xda[\x22\x04\xae\x08\xbeJ\xc4\xce\x8e\x8d8[\xc5~\
\xe1\x5c\x8d)\x00V\x8f,\x0a\x0fZ\x10`u\xb7y\
u+\xe0\xf2G\x22\xd0&\x1fY\xc5~\xe1\x5c\x8d)\
\x00V\x83\x16\x0a\x0f[\x1c\xe9z\xe3\x1d\xf4\x97\xe5\x5c\
\x89\xb0\xf8\xae\x9b\xd8zK\x80\xc05\xc1G\x09Xe\
aa\x15\xfb\x85s5\xa6\x00X\x0d[\x5c9\x0b\xd4\
\xe9\x84\xccI\xc7\xca9%F\xa0m\xbe\xb1\x8a\xfd\xc2\
\xb9\x1aS\x00\xfe\x90\xd8Y\x13\xecV\x9bXhC\xaf\
\xbf0|\xd1e\xf76\xe8\xda3\x1dw\x0f\xbei\x85\
\xd9AI\xab\xd8/\x9c\xab1\x05\xe0\xf7A\xe9\xd4\xdd\
\xea\xa9\x19Z\xf3S\xa0]$\x19\xdb\x8a\xee\x12y\xab\
\x17\x01|\xb0m\xf0I\xbd\x9a\xc4K\xb7\x8a\xfd\xc2\xb9\
Z\xb8\x00\x08\xe0'd\xdf\xc3\xa2\xd4\xad\x15\xa3\xb6\xa6\
\x1a-<\xbe\xa5u|\x8b\xed8\xf5\x0f\x8a\xbc\xe5E\
\x00\xcc\xc1~\xfd\xe0\x8b\xbc\xd2\xd3H\xb3\x88\xfd\x87\x85\
\x07\xb9ZH\xc3\xc2\x05 p\xfb\xdf\xd0\xa7\xec^\x9a\
\x92YN^\x02\xfaI\xd1\xd1\x92\xc9\xa9\xdc.\xea\x09\
\xc8\xf9\xea\xcf\xaf\x99~-\xf9\xa9\x1b<\xeb\xb6\x0bl\
\xc1\x18\xacW\x03{\x91\xd5x\xfa\xd4\xf8\x0d\xe2g\x11\
\xfbQ9\x1a[\x00,FX\xad9\x08\x996\xadS\
\x10.\x15-\x12\x1d-\xfa;\xd1\x8c:I\xd8\xfd@\
\x94\xba\xfd\xa0N\x9b\x82l\xb0\x05c\xb0^\x9a\xda\xc0\
\x5c\xfc&\xc9\xb1\x88\xfd\xa8\x1c\x8d-\x00\xff3I\xf9\
T\x8bQ\x9f2J%\xd4\xf98\x02\x0d@\xc0\x22\xf6\
\xa3r4\xb6\x00p\x1a\x98\x1a\xb7W\xa6f\xe8\xfc\x1c\
\x81\x96 `\x11\xfbQ9\x1a[\x00~i\x00\xec\x0b\
\x97.]jq-d\xa0\xaa\xb3t\x04\xd2 \x10b\
\xdeb PT\x8e\xc6\x16\x00\x8bO\x19\x81\xe8\xab\xf9\
\xcf\xc9\x11\xe8:\x02\x93\xec\xb3\x8a\xf9\xa8\x1c\x8d-\x00\
<s\x9ddC\xb2\xc5\x0d\x92qrF\x8e@;\x10\
\xb0\x8a\xf9\xa8\x1c\x8d-\x00w\x1aa\xfb:#\xbe\xce\
\xd6\x11h*\x02V1\x1f\x95\xa3Q\x05@\x8fbx\
\xcd0J@A\xf4__p?\xdf\xcd\x11\xe8\x0a\x02\
\x161\x7fg\xc8\xd1\xc2\x18E\x15\x80\xc0\x95\xef\xe1\x85\
\xc5d\xdd&\xba)\xd2\x96\x99\x81\x92\x19\xed\x8c\xfa\x85\
\xc0\x84\xb5!\xd6\xf9\xc2\xd4\xc4\xaaT}tn\x96)\
\x00?I\xa5\xed$>$\xfff\x93~\xfb\xa2#\xd0\
e\x04\x88ub>\xb5\x8d\xd1\xb9Y\xa6\x00\xfc8\xb5\
\xd6\x81\xdf\x96\xa1\xf7\xce\x11\xe8:\x02V\xb1\x1e\x9d\x9b\
e\x0a\xc0-F\xdey\xb3\x11_g\xeb\x084\x0d\x01\
\xabX\x8f\xce\xcd\xe8\x02\xa0\x9b\x0c\x5cgX\xbc\x15\xe8\
\xdf\xdckZ\x98\xba>\xc9\x10\x98\xc2\xc8\x22\xd6y\x0b\
\x90\xdc\x9c\x22j\xf8\xcf\xe8\x02\x10\xd8\xdd\x18\xfa\x94\xdd\
\x1a\xba9\xb2QJ\x86\xce\xcb\x11h\x1a\x02!\xc6-\
^\x03.\x95\x93e\x0b\xc0uF\xc02\xc9\x86\x11k\
g\xeb\x084\x02\x01\xab\x18/\x95\x93e\x0b\xc0\xb5F\
P\xfa\xc77\x8d\x80u\xb6\x8dA\xc0*\xc6K\xe5d\
\xd9\x02\xf0}#8w\xd0)\x92\xd5T\xc9F*;\
[G`8\x02\x13[Cl\xef0\xf1;q_*\
'K\x15\x00\xdd\x08\xfc\x9d\x94\xbfYd\xd1v\xb6`\
\xea<\x1d\x81\x06 `\x15\xdb7\x87\x9c\x8c6\xb1T\
\x01\x08R\xae\x0e}\xea\xee\x9d\xa9\x19:?G\xa0!\
\x08X\xc5v\xe9\x5c\xacR\x00\xae2\x02uW#\xbe\
\xce\xd6\x11\xa8\x1b\x01\xab\xd8.\x9d\x8bU\x0a\xc0b#\
4\x99 \xc4\xe7\xdd7\x02\xd7\xd9\xe6E`B\x9a\xae\
\xff\x89i\x8b\x09@\x10Q:\x17K\x17\x00]s\xf0\
\xf9\xa1+\x91n@{\x1a\xf0t\x96\x8e@\x9d\x08X\
\xc5\xf4\x95!\x17K\xd9V\xba\x00\x04i\x97\x85>u\
7S\x15\xd3\xea\xb3I\xa9uu~\x8e\xc0P\x04B\
,\xcf\x1c\xbaS\xf9\x8d\x95r\xb0j\x01\xb8\xb4\xbc\xde\
#\x8f|\xdf\xc8=|\x07G\xa0\x1d\x08X\xc6r\xa5\
\x1c\xacT\x00t\xea\xc1\xd8\xe3[\x8d|0\xcb\x88\xaf\
\xb3u\x04\xb2 0I\x88U,\xdf\x1arp\x92\xa8\
\xb8\xc5J\x05 \x88\xba8\xf4\xa9\xbb-t\xead\xf5\
\xd6Tj]\x9d\x9f#0\x10\x81\x10\xc3[\x0c\xdcX\
}e\xe5\xdcKQ\x00\xbeV\xdd\x8ei9|`\xda\
-\xbe\xc1\x11h\x07\x02\x961\x5c9\xf7*\x17\x00\x9d\
\x82\xdc$?X]\x06|@\x15\xd4\xe2\xcd)\xa9\xec\
\xcd\x11\xb0E \xc4\xaeU\x01\xe0\xf4\x9f\xdc\xabdD\
\xe5\x02\x10\xa4\xf3\xd1\xc8\xb0\x98\xbc\xfb\xfb\xe4\x1c\x9d\xa1\
#`\x8c@`o\x19\xbbIr.U\x01X\x10\x0c\
\xb6\xe8>\xacJj1\x7f\x9a\x85\xae\xce\xd3\x11\x18G\
 \xc4\xec\x87\xc7\x7f\xd8\xfc\x97$\xe7\x92\x14\x00]\x06\
\xdc!\x1b\xad\x06\x05\xad.\xde\x1f\x11ys\x04\xda\x84\
\x001K\xecZ\xe8\xcc\xe0\x1fr\xae2\xef$\x05 \
hqN\xe8-\xbaC,\x98:OG\xc0\x10\x819\
\x86\xbc\x93\xe5Z\xca\x020_\x06?$\xb2h/\xd7\
)\xd5\xc1\x16\x8c;\xca\xf31\x03\xbb,x\x1a\xa8Y\
?\xcb\x10\xab\xaf0\xd2\x84\x1c#\xd7\x92\xb0OV\x00\
t\x19\xf0\x944\x9a'\xb2j\x87[1\xee \xdf\xa8\
\x0fD\x16\xb4\xdf\x82gA\xd1\xad\xdb\xcd2V\xe7\x85\
\x5cK\x02J\xb2\x02\x10\xb4\xf9R\xe8-\xba5UY\
\x8f\xb0`\xdcA\x9e\xa5\xe6\x87\x1b\x81\x83\x05\xcf\x11\x22\
\xdb\xb79\xc4\xe8\x9a\x86\x9a'\xcd\xb1\xa4\x05@\x95\x89\
\xf1\x00\x8b\x0c\x8d\xff\xb8\x00^\xcd\x90\x7fWX3>\
\xfc\xc1\x84\xc6\xc0\x0b\x9e\x09Yv\x8fU\x88\xcd\x8f\x1b\
Z\xb6(\xe4X2\x11I\x0b@\xd0\xea\xf4\xd0[t\
\xbcO}\x94\x05\xe3.\xf1T\x90,\x95=\xa7\x89R\
\xb5\xd3\x02\xcfT\xfc\xba\xca\xe7(\x19F\x8c\xaa3i\
\xc9s+y\x01P\xa0|]\xa6[\xcd\x17(\xd6c\
sTi\xdf\xc0\x82\xd3P\x04\x8e\xd3\xd6\xbbDU\x1b\
<\xe0U\x95O\xa7\x8f\x0f1iy\xe7\x9fy\xff\xc8\
\xad\xa48&/\x00A\xbb\xcf\x85\xde\xaa;\xd6\x8aq\
W\xf8\xaa\x10?)[\x0e\x14Um\x07\x06^U\xf9\
t\xfdx\xeb\x984\xc9)\x93\x02\xa0\x809S\xde\xbe\
[d\xd5vR\xc5\x9dm\xc5\xbc+|\xe5\x87o\xc9\
\x16\xa6\xa2RW\xaa\xed\x1ex\x94:\xb8/\x07\x85X\
\xdc\xc9\xd0\xde\xbb\xe5\x07r*\xb9\x08\x93\x02\x10\xb4\x9c\
\x1bz\xab\xeex\x01\xef\xb3\x06\x8d@W\x81s\x91v\
\xe1\x92\xe9\x1a\xf5E\x1b\xfb\xbe!\x1c[\xf4\x98^\xee\
\x17b\xf0x\x8c7$\xb3\x5c2+\x00\x0a\x1e\x94\xbe\
\xd7\x10\x14\xde\x12\xfc\xb4!\xff\xce\xb0\x96/n\x12\xbd\
E\x0613\xcd\x15\xea\xa7kl{\x1f\xfb\x8a*\xbf\
i6\x9d\x90\x8e\xad'\x06\x89E+\xb3\xee\x95/\xc8\
%\x13\xfef\x05 h{R\xe8\xad\xba\xfdU\x81\xab\
\x9c\xe2Z\xe9\xd5H\xbe\x0a\xa4sE\x7f+\xe5\xb8S\
\xcdd+`\x07\xb1\xfcB\xb6\x89\xce\xd5vo\x05\x10\
\x08\xb1\xb7\x7f\x81]\xab\xecb\x9aC\xa6\x05@\xc1D\
\xe5\xe2.r\x15\x00F\x1d{\xb2\x1c\xe1\x97\x02\xa3P\
\x9a\xb4]~Y\x22\xfa\xbe\xe8\xa2@,/\x99\xb4\x8b\
/\x8e@ \xc4\xdc\xc9#v\xab\xba\xf9.\xf9\x87\x1c\
\xaa\xcag\xda\xe3M\x0b@\x90zB\xe8\xad:F]\
}\xd6\x8a\xb9\xf3u\x04\xa6A\x80\x98#\xf6\xc67\x1b\
\xfdg\x9d;c\xe6\x05@\x15\x8c\xbb\x977\x18\x014\
\xc1v\x1fUd\xcb\xc9\x17&\xe4x\xef\x08\x8c\x85X\
\xdb\xc7\x18\x8a\x1bB\xee\x98\x8a1/\x00A\xfbO\x86\
\xde\xb2\xfb\xbc\x1c\xc3\xddnK\x19\xce\xbb\xe7\x08\x84\x18\
\xfb|\x06\x18r\xe4\x8c\xfd\x19\x00@\xa9\x921\x82\xe9\
\xab,\x1b\xd3\xe9r\x90\xcf\x1ed\x0cr_\xd9\x87\xd8\
J>\x1cw\x00\x9e_\x0d93`S\xdaU\xb9\xce\
\x00\xd0\xfa\x18\xfe3\xa6M\xc4\xff,\x917G\xc0\x02\
\x01b\x8b\x18{\x16o\x83\x1f9re\x5c\xedl\x05\
@\x15\x8d7\x05\xcdoj\xc8\xaa}U\xa9\xfd\xb5a\
\x01\xe1-\x1d\x02!\xa6\xf6M\xc7qZN'\x84\x5c\
\x99v\x87\x94\x1b\xb2\x15\x80\xa0\xf4?\xa9\xb7~,(\
\x11c\x8c\x12\x9c\xc1\x82\x93#P\x15\x01%?\xb1d\
=\xda\x0f5\xc9\x0dr\x84\xe5,\x94\xb5\x00\xa8\xb21\
k\xd0\x91Y,\x1b\x1b;G\x8e\xdb2\x93,\x17\xd3\
Q\x04B\x0c%\x9b\x83o\x04LG\x86\x1c\x19\xb1[\
\xba\xcdY\x0b\x00j\xcb@\xe63\xcf\x01\xe8\xb2\x92\xf7\
\x159\xd0jn6\xb1\xf7\xd6e\x04B\xec\x9c'\x1b\
\x89%u\xcfm\x09\xd7\x9c\x13r#!\xcb\xd1\xac\xb2\
\x17\x80\xa0\xd2\xc7\xd4\xff^d\xdd^.\x01\x0b\xe5\xc8\
\x95\xd4{s\x04\x0a#\xa0\x98a\xb8\xf4B\x1d\x90\xe3\
\x0f\x08\xb9@NH\x5c\xdeVK\x01P\xa5\xbbOf\
~T\x94\xa3m&!\x17\x8a\xbc9\x021\x08\xf0\x16\
%\xb1\x13sL\xd9}?\x1ar\xa2\xec\xf1\xa5\x8f\xab\
\xa5\x00\xa0\xad\x0c>[}\x8eK\x01\x89\x19\xdbN\x15\
\xbd\xf2\x87\x14a\xe4\xd4}\x04B\xacl\x97\xc9RN\
\xfd\xc9\x85L\xe2\x9e-\xa6\xb6\x02\x10\xd4`\x0a%\xcb\
W\x86\x83\x98\xf1nW9\x96\xfb\x0f\xe3?\xfc?G\
`\x10\x02!Fv\x1d\xb4m\xea\xba\x04\xbf\x89}r\
 \x01\xabr,j-\x00:\x0b\xe0\xda\xe7\xa0r\xaa\
\x97:j\x8f\xe0\xe0R\x07\xfbA\xddF \xc4\xc6\x1e\
\x19\xad<(\xe4@F\x91\xcf\x16Uk\x01@\x15\x01\
\xc00\xe1\x1c\x03\x84\x10\x07Q\x04\xfcr\x00$\x9c\x9e\
A@\xc9OL\xe4L~\x06\xfc\x10\xfb\xcf\xe8P\xc7\
B\xed\x05\x00\xa3U\x04\x18\x1b`\xf5qQDL%\
.\x07\xae\x90\xd3\xb9\xd3;u\x9b\xff\xee\x11\x02\x8a\x81\
\x95D\xcc\x84\x94\xeb\xb4\x1ft\xf9\xb8'1\xcfr\xad\
\xd4\x88\x02\x10\x10`\x06\xdb\xdf\x85\xe5\x1c\x1d7y\x16\
\xcb\xf99\x1e\xf3\xe4\xb0\xc7eD\x22\x10|\xcf\x1f\x1e\
b!\xea\xe8\x0a;\x13\xe3\xc4z\x05\x16\xe9\x0emL\
\x01\xd0Y\x00\xb3\x08\xef\x97\xce\xb4B\x9cx\xccs\x95\
\x02\xc1G\x0c\x16\x82\xab;;\x05\x9f\x7f[\x16\x11\x03\
\xea\xb2\xb5\xfdB\xacg\x138LPc\x0a\x00J\x0a\
\x18\xae\x89r\xbf\xc8\xc3\x19\xc0w\x14\x10\x8c\xf7F\x0d\
\xa7\x8e#\x10|\xfd\x1d\x99\xc9@1u\xd9\xda\x11!\
\xc6\xb3\x09\x1c%\xa8Q\x05\x00e\x05\xd0\xbf\xa9\xe7\xb5\
Ku\xd9\x1aC=\x17(0r\x17\x9fl\x06\xba\xa0\
\xa7\x11\x08>^\xa0_\xf8\x5c]\xb6vV\x88\xedl\
\x02\x8b\x08j\x5c\x01@i\x01\xc5L\xab|\xd4\x82\x9f\
9\x89\xb7\x08\xe7)H|R\x91\x9c\xa8g\x90\x85O\
E|\xbe\xbe\xf2[}%\xd4\xfdV\x88\xe9\x12\x87\xda\
\x1e\xd2\xc8\x02\x10Lf\x0e\xfb\x9f\x87\xe5\x9c\x1d\xef|\
_\xaf`\xf1\xe9\xc5r\xa2n(+\xf8\xf2z\x89\xc0\
\xb7\xea\xb26b\x98X\xce*\xb4\xa8\xb0\xc6\x16\x00U\
L\xde\x17\xd8K\x86<,\xca\xdd\x98\xf5\xe5F\x05\x8e\
O4\x9a\x1b\xf9\xc4\xf2\x82\x0fo\x14[|\xaa.k\
#v\xf7\x0a\xb1\x9cUpQa\x8d-\x00\x18 \xe0\
\xf8:\xcdL\x96k\x22&\x1a\x9d\xaf \xf2\xef\x0e\xd4\
\xe4\x80\xb2b\xf1\x99h\xbe\x8e\xcf1\x81\xa7\xc4\x0cl\
3C\x0c\x0f\xdc\xd8\x84\x95\x8d.\x00\x00$\x00/S\
\xbf\xb7\xa8\xae\xc6\xf4\xcf\xb7*\x98\xf8\x82N]:\xb8\
\xdc\x08\x04\x82\xaf\x98\x82\x0e\xdfE\x1c9z\xd7\x88=\
\xf6\x0e\xb1\x1bqH\xfe]\x1b_\x00\x80D@2)\
\xc3\x07Y\xae\x89\xf8\x00\xc4\x05\x0a\xac3D~6P\
\x93\x13F\x89\xc57\xa23\xb4\xdf\x05\x22|\xa6\xae\x96\
\xf6\xc1\x10\xb3\xb5\x08\x8f\x11\xda\x8a\x02\x80A\x02\x94\xe9\
\x98\x0fa\xb9F\xe2\xe9\xc4\xed\x0a\xb2\xd95\xea\xe0\xa2\
\x07 \x10|r\xbb6\xe1#u\xb5\xb5CB\xac\xd6\
\xa6@\x8c\xe0\xd6\x14\x00\x8c\x12\xb0|'\xedp\x96k\
$\xbe\x04\xfb%\x05\xdc\x22\x91?)\xa8\xd1\x11\x88\xc6\
\x07\xa2EZ\xfe\x92\x08\xdf\xa8\xab\xad\x1d\x1eb\xb46\
\x05b\x05\xb7\xaa\x00`\x9c\x00\xe6k\xa9u\x17\x01T\
\xd9I\xff\xf1\xa4\xe0\x14\x05\xe0jZ\xf6\x96\x11\x010\
\x17\x9d\x22\x91\xdc\xe1\xc7\x17Z\xb4m#\xb8\x93\xfc\xc4\
\xe6\x88\xdd\x9a\xb5\xb9u\x05\x00\xf8B\x11\xa8\xfbr\x00\
U &t\xb8[\xc1\xe8\xa3\x08A#\x03\x05\xacy\
w\x04\xec3H\x1c)\x82\xd3\xfe\xd6%?V\xb5\xb2\
\x00\xa0\xb8\x8a\x00\x97\x03u\xde\x18D\x8d\x09\xe2\xb5b\
F\x11\xfeJ\xc1y\xf0\xc4J\xef\xd3\x22\x00\xb6\xa2_\
\x89+\xa3\xf9\xc0\x5c\x8b\xb57n\xf8\x11\x8b\xb5+R\
F\x81\xd6\x16\x00\x8cU\x11\xe0\xc6`\x9d\x8f\x08Qc\
2q\xe7y\xae\x82\x943\x82C\xd4\xfb\x90\xe2\xc9\xe8\
\x94X\x06C\x11X\xde\xa3\xc3I40\xd6b#\x1a\
\x8f\xfa\x88\xc1^\x01\xed\x0a\x00\x00\x06\xa9IDAT\
F(SF\x89V\x17\x00\x0cV\x11\xe0\x11\xe1;\xb4\
\xcc\xa8+u\x8dh\xbcax\xb24\xf9\xad\x82\xf7\x18\
Q\xdd7\xa7\xa4J\xbb\x1a\x98\x89\xf8F\xdeo\xa59\
X\xe6~sOb\xff\xdc\xa6,\x11k\xef\x08\xb17\
eS\xbb~\xb6\xbe\x00\x00\xb7\x1c\xc1`\xa1m\xb4\xcc\
\xb8ku\x8di\xabK\x93\x7f\x16Q\x08\xceR@\xbf\
Y\xcb\xde\x86 \x00F\x22\xde\x06%\xf1\xc1\x0e\x0c\x87\
\x1c\x91}\x131\xb6M\x88\xb9\xec\xc2S\x0b\xecD\x01\
\x00\x149\x84a\xc3[k\xb9\x8e\xb7\x08%vd\xfb\
\x80\xf6\xb8F\xc1}\xad\xe8\x1fD>\xa0H\x80\xd0\xc0\
B\x04&\xd7\xea\xf75\x22\xb0R\xd7\xb8Flm\x1d\
b\xadq\xca\x95Q\xa83\x05\x00\xe3\xe5\x98\xfbD\xdb\
j\x99\xbf \xea\x1a\xd9\xb6\x90V\xa7\x89\x1eT\xd0\xf3\
\xe9\xb2\xde\x0e1\x96\xfd\xbb\x8b\xbe\x02\x16\x220\x01\x1b\
-6\xb2\xf1>\xff\xb6\x8a/^Rk\xa4\x82e\x94\
\xeaT\x01\x98\x00@Nb4X\x1b\x1e\xcb\xf1\xa2\x13\
C\x8c\x1fV\x22\xf0\xd2\xd1\x0c\xf5+L\xd8\xd1\xb5\x1e\
\xdbD\xd8\x88\xad\x5cG3d\x17\x0c\x1am\xaa\x94c\
&\x1fbJ\x8b\xddj\x9d,\x00\xb8HE\x80\x99\x85\
\x98\xe9\x95I\x18Y\xd5d\xe2\x91\x16/\xae0S\xcd\
\x12%\xc9e\xa2\xc3D\x1b5Y\xe9\x22\xbaa\x83\x08\
[\xb8O\xb3D\xc7`#\xb6b\xb3~6\xba\x11;\
\xbb\x86Xj\xb4\xa2e\x95\xebl\x01\x00\x109\x8e9\
\x067\xd723\xbf\xaakM\xdbA\x9a\x9e(\xbaY\
\xc9\xc3\x0d\xc4\xf3\xd5\xf3(lK\xf5\x8d}\xb4\x88n\
\x22tDWt\xe6F\xde\xcd\xb2\x03[\xb0I\x8b\xad\
i\xc4\xcc\xe6!\x86Z\xa3t\xac\xa2\x9d.\x00\x80!\
\x07\xde-\xda^\xcb9?>\x22q\xc9\x1a\x8f\x10\xf9\
`\x05\x8f\xc2~ \xae\x8f+\xc9\x98\xb1\x887\x13\x0f\
\xd6\xf2\xb6\xa2\x97j}\xd6\x86L\x11\xb2\xd1\x01]\x98\
q\xe7q)\x81\x8e\xe8\x8a\xce\xe8\xaeU\xadk|\xb4\
c{\xc5\x0d\xa3\x0d[\xa7|\x8c\xc2\x9d/\x00\x13`\
\xc8\x99|\x88\x81K\x02\xbe\xc76\xb1\xba\x8d=g\x00\
Le\xcd5)\x03c\xf8K\xf5k%#\xf7\x11n\
Q\xff5\xd1gEG\x88f\x8bv\x16\xf1W\xf9\xd5\
\xea_*ZY\xb4\xbc\x08>\xe3\xf6\xb3,b\x1d\xdb\
\xd8\x87}9\x86c\xe1\x01/x\xc2\x1b\x19\x5c\xbf\xff\
Z\x07#\x1b\x1d\xd0\x05\x9d\x9e\xe1\xa9mml\xc4\x06\
\xa7\xfc\xc4\xca\xb8\xfe]\xff\xaf7\x05\x00G\xaa\x08p\
I\xc0u\xf59\xfc\xee\x18qM\xfdz\xd9D\x91\xe3\
{\x8b\x0c\x97\xe5\x0d\xb9K\xb4\x8e\xbf\xca\xbc*K\xd2\
>\xa8\xdf\xff'\xfa\xa3\x92~\xbc\xb1,b\x1d\xdb\xd8\
\x87}9\x86c\xe1\x01/x\xc2\x1b\x19\xc8\xd2!\x9d\
j\xc4\xc4F!F:e\xd80czU\x00\x00B\
\x0e\xfe\xbdh\x96\x96y\xa7\x9f\x8f\x93j\xd1[\x8f\x11\
 \x06f\x13\x13\x22\x96{\x05E\xef\x0a\xc0\x84w\xe5\
\xec\xb3\xb5\xbc\x81\x88\xca\xaf\xce[\x0f\x11\xc0\xf7\x1b\x84\
X\xe8\xa1\xf9cc\xbd-\x00x[\x8eg\xe0\x10g\
\x03|\x15\xe8.\xd69\xf5\x02\x01|=C\xfe\x9f%\
\x9av`O\x1f\x90\xe8u\x01\x98p\xb0\x82\xe0|-\
\xbfJ\xd4\xd6'\x05R\xdd[A\x04\xf0\xf1\xab\x82\xcf\
\x0b\x1e\xd2\xdd\xdd\xbc\x00\x04\xdf* \x9e\x12q\xf7\x97\
\x9b\x5c_\x0d\xab\xbd\xeb\x0e\x02\xf8\xf4\xf5\xf8X\xf4T\
w\xcc\xaaf\x89\x17\x80)\xf8)8n\x15\xed\xa6\xd5\
\xdc\xf1\xbeA\xbd\xb7v#\x80\x0fy\xb4\xb7\x9b\xfc\xca\
T\xe1\xed\xb6&\xb1\xf6^\x00\xa6\x01T\xc1\xf2u\x11\
\xa3\x08\x0f\xd0.\x5c3\xaa\xf3\xd6\x22\x04\xf0\xd9\x01\xf8\
P\xc4\xe3\xdf(\xd5\xfb\xb2\xb3\x17\x80\x11\x9eV\xf0\x9c\
)ZW\xbb1\x07!\x03E\xb4\xe8\xad\xc1\x08\xe0#\
\xe6\xe8[W~;\xb3\xc1z6B5/\x00\x05\xdd\
\xa0`\x9a+ZK\xbbS\x08:?DTv\xb6\xad\
\xe1\x13\x12\x7f-\xf9\x89\xd1\x89m\xd3\xbf\x16}\xbd\x00\
D\xc2Np\x89^\xa9\xc3\xb84\xe0E\x17-z\xab\
\x11\x01|\xc0\xa9\xfe+\xe5\x17O\xfcHGx\x01\x88\
\x04lbw\x05\x1b\x97\x06|q\x96\x9b\x85|\x98b\
b\x93\xf7y\x10\x00sn\xeem\x82/R\x8a\xec\x13\
//\x00\x15\xbd\xad\xe0\xe3f\xe1.b\xc3\xe3C>\
T\xf1\x90\x96\xbd\xd9 \x00\xb6`\xcc\xe3\xbc]\xc0\xde\
FL\x7f\xb8z\x01H\xe4k\x05#\x8f\x0f\x0f\x15;\
\xbe\x12\xc4{\x06\xbc)\xa7\x9f\xde\x12 \x00\x96`\xba\
\x9ap>T\xe4\x8f\xf3\x12\x80\x0a\x0b/\x00\xa0\x90\x90\
\x14\x9c\x0c(:[=s\x100\xba\xf0(\xb1\xf7\x80\
\x15\x08\x91\x0d\xcc\xc0\x8eQ{\xbc\x9b\x0f\xa6>\x80'\
\x12\xc4Q\xbb{\x01\x18\x85P\x85\xed*\x02w\x88>\
)\xe2\xf2\x80\x0f\x89\x1e'v\x04\xb6:o\x03\x10\x00\
\x1b0z\x03\x98\x89\xc0\xee\x8e\x01\xfb\x99\xad\xea\x1bc\
/\x00\x99<\xae`\xbeIt\xb4\x88b\xf0\x1a\x89=\
\x5c\xc4\xa9\xad\xba^70\x00\x8b\xd7\x80\x8d\x08\x8c\x98\
\xe2\xbd\xd7\xa0\xe42\xde\x0b@.\xa4'\xc9Q\x90\xdf\
.:I\xc4e\xc2\x8a\xda\xc4\x93\x04nn\xf1HK\
?;\xdd\xb0\x11[\xb1yE0\x10\x81\x05\x93\x90t\
\xda\xf0&\x1a\xe7\x05\xa0f\xaf(\xf8\x1f\x15\xf1$\x81\
\x9b[<V\xe4K8$\x07\xb3\xf0\xf0!\x0a\xa6\xdf\
\xaaY\xcb\xd2\xe2\xd1\x1d\x1b\xb0\x05\x9bV\x97\xad<\xb6\
\xc3Vl~\xb44g?0\x09\x02^\x00\x92\xc0\x98\
\x8e\x89\x12\xe4w\x22\x92\xe3\xe3\xea\xf9\x10\xc5\x8b\xc4\x9d\
K\x06>\x82J\x22}C\xbf\xef\x145\xad\xa1\x13\xba\
\xa1#\xbarJ\xff\xa2`\x03\xb6`\x13\xd3l7M\
\xefg\xf4\xe9\xe3\x82\x17\x80\x16x]I\xc4%\xc3y\
\xeaI\xa4w\xa9_Oj//z\xad\x88\xbf\xacs\
\xd4\x7fF\xb4P\xc4\xa7\xb5HF\xfe\xfa\xeag\x92\x06\
/x\xc2\x1b\x19\xc8B&\xb2\xd1ayt\x12\xa1\x1b\
:\xa2\xab\x9f\xd2'\x81\xde\x96\x89\x17\x00[|\xcd\xb8\
+\xd9\x1e\x17\xdd&\xe2/\xeb\xa9\xea\x0f\x13\xcd\x14\xbd\
E\xb4\x9e\x883\x87\xe5\xa4\xc0KD\xaf\x161k\xef\
\xdb\xd4\xef(\x22q\xf9$\xd9\x9eZ\x86Xf\x1d\xdb\
\xd8\x87}9\x86c\x97\x83\x97\x08\x9e\xf0F\x06\xb2\x90\
\x89lt`:p\xb1\xf2\xd66\x04\xbc\x00\xb4\xcdc\
\x11\xfa*i\x9f\x101\xed\xd9\x7f\xab\xbfQt\xb5\xe8\
r\x11\x89{\x91\xfa\x0b\x02\xb1\xcc:\xb6\xb1\x0f\xfbr\
\x0c\xc7>\x11!\xd2wm\x19\x02^\x00Z\xe60W\
\xd7\x06\x81\xber\xf5\x02\xd0W\xcf\xbb\xdd\x8e\x80\x10\xf0\
\x02 \x10\xbc9\x02}E\xc0\x0b@_=\xefv;\
\x02B\xc0\x0b\x80@\xf0\xd6o\x04\xfal\xbd\x17\x80>\
{\xdfm\xef=\x02^\x00z\x1f\x02\x0e@\x9f\x11\xf0\
\x02\xd0g\xef\xbb\xed\xbdG\xc0\x0b@\xefC\xa0\xdf\x00\
\xf4\xdd\xfa\xff\x07\x00\x00\xff\xff\x04[\x9c\x83\x00\x00\x00\
\x06IDAT\x03\x00>\xba~\xa6\xe0V\xcd\x9f\x00\
\x00\x00\x00IEND\xaeB`\x82\
\x00\x00%\x9f\
\x89\
PNG\x0d\x0a\x1a\x0a\x00\x00\x00\x0dIHDR\x00\
\x00\x01\x00\x00\x00\x01\x00\x08\x06\x00\x00\x00\x5cr\xa8f\
\x00\x00\x10\x00IDATx\x01\xec\x9d\x0f\xf4\xa6c\
\x99\xc7\xdfi+\xf6\x90D\xf6h\x8b\x12\xda\xa4\xc4\xe4\
\xdfn6i8d\x94\xf2g&e\xd6\x14jk\xcb\
\x10\x9d\xa5\x8d\xb5\xb4\xb1'b\xd4\xd6\x16j\xec(\xcd\
\x90RF\x1c&i\xb5\xeb_HI\x1b\xa2\xd4\xe6\xac\
\x94\xc4YRf\xbf\x9f\x9f\xfb\xd5\xeb7\xef\xef}\x9f\
\xfby\xef\xeb~\xfe]s\xaek\xee\xe7}\xfe\x5c\xd7\
u\x7f\xaf?\xbf\xe7\xcf\xfd\xdc\xcf\xd3z\xfe\xcf\x11p\
\x04:\x8b\x80\x17\x80\xce\xba\xde;\xee\x08\xf4z^\x00\
<\x0a\x1c\x81\x0e#\xe0\x05\xa0\xc3\xce\xf7\xaew\x1b\x01\
z\xef\x05\x00\x14\x9c\x1d\x81\x8e\x22\xe0\x05\xa0\xa3\x8e\xf7\
n;\x02 \xe0\x05\x00\x14\x9c\x1d\x81\x8e\x22\xe0\x05\xa0\
\xa3\x8e\xf7nw\x1b\x81~\xef\xbd\x00\xf4\x91\xf0\xd6\x11\
\xe8 \x02^\x00:\xe8t\xef\xb2#\xd0G\xc0\x0b@\
\x1f\x89\x16\xb6\xabV\xadz\xa6xC\xf1_\x88\xb7\x15\
\xef,\xde]\xfcF\xf1>\xe2\xfd\x02\xb3\xcc:\xb6\xb1\
\x0f\xfbr\x0c\xc7>\xb3\x85\xd0x\x97\x02\x02^\x00\x02\
\x10Mk\x94\xb8k\x88\xb7\x14\x93\xb8\x87\xa9=U\xbc\
L\xfc\x1f\xe2\xdb\xc5\xbfQ\x9f\x1e\x15\xffB\xfcC\xf1\
\xf5\xe2o\x8a/\x15_$\xfe\x92\xf8\xfc\xc0,\xb3\x8e\
m\xec\xc3\xbe\x1c\xc3\xb1\x8f\x22K\x8cLd\xa3\x03]\
\xe8D76\xac!9N\x0dA`\xd0L/\x00\x83\
h\xd4tY\xc9\xb7\x85\xf8\x00\xf1G\xc4_\x15\xdf.\
S\x1f\x11\x7f_L\xe2.V\xfb~\xf1<\xf1N\xe2\
\xcd\xc4\xeb\x88S\x11\xb2\x90\x89lt\xa0\x0b\x9d\xe8\xc6\
\x86G\xb0I\x8cm\xd8\x88\xad[\xa4R\xeer\xec\x10\
\xf0\x02`\x87m)\xc9J\xa2\xe7\x8a\xf9\xcbJ\x22\xad\
\xd42\x7f\xc9\x7f a_\x10\x1f#~\x83\x98dT\
S+\xc2&l\xc3Fl\xfd\x01\xb6\x8b\xe9\x03}\xa1\
O\xcf\xad\x95\xc5n\x8c\xbf\x0bPu\x0c(A\xd6\x12\
\x93\x1c\xa7\xa9\xbdQ\xf6\xdc'\xe6/+\x89\xf4:-\
\xf3\xd7WM#\x09\xdb\xe9\x03}\xa1O\xf7\xd1G1\
}\xa5\xcfk5\xb2W-2\xda\xcf\x00*p\xa6\x12\
\x80S\xfa#\xd5^.\xf5\x0f\x89I\x8e\xc3\xd5n#\
n;\xd1G\xfaJ\x9f\x1f\x02\x031X\xf8%C\x06\
\xcfOW\xe1\x05`:\x22F\xbf\x15\xe4\xb3\xc5'\x88\
\xbf+\x15\x9c\xd2\x9f\xa2vWq\xd7\x09\x0c\xc0\x82K\
\x86\xef\x0a\x1f0\x9a\xdduPr\xf5\xdf\x0b\x80!\xd2\
\x0a\xe6\xcd\xc5\x1f\x12\x93\xf4\xdf\x91\xaac\xc5[\x89\x9d\
\x86#\x006`\xf4\x1d0\x13\x83\xdd\xe6\xc3w\xf5\xb5\
)\x10\xf0\x02\x90\x02\xc5\x01\x19\x0a\xda\xa7\x89\x0f\x12s\
z\xff#m:QL`\xabq\x8a@\x00\xcc\xc0\xee\
G`)\x06S\x8f\xd7\x08\x00\x8b\xec\xea\x80\x16A\xa9\
\xc0>\x0a\xd0\xad\xc4\xa7i\xd7\xfb\xc5K\xc4\x9c\xda\xaa\
qJ\x80\x00X\x82\xe9\xfd`,\xa68$\x10\xdb-\
\x11\xc3z\xeb\x05`\x18*\x11\xeb\x14\x8c\xdc\xcd\xbeX\
\x87p\x9a\xcf\xcd\xadu\xb5\xecd\x83\x00\xd8\x821\xf7\
\x0a.\x06{\x1b5\xdd\x91\xea\x05\xa0\xa4\xaf\x15|\x87\
\x88yl\xc7\xdd\xec\xb9%\xc5\xf8a\xe5\x11\x00\xf3\x8b\
\xf0\x81\xf8\x90\xf2b\xba}\xa4\x17\x80H\xff+\xd8\x16\
\x89\x7f\xac\xc3\xce\x14\xf3HK\x8dS\x85\x08\xe0\x833\
\xf1\x89xQ\x85v4R\xb5\x17\x80\x82n#\xb8\xc4\
?\xd5\xee\xa7\x8b7\x11;\xd5\x0b\x01|r:>\x12\
{!\x98\xe6\x9b\x99~z\x01\x98\x09\x99\xb0^\xc1\xc4\
\xa9\xfe\x1d\xfaI\xe2o\xa4\xd6\xa9\xde\x08\xe0#\x0a\xc1\
\x1d\xf8\xae\xde\xa6Vo\x9d\x17\x80\x19|\xa0\xe0\xe1\xe6\
\xdeu\xda\xcc\xa9\xfe\xa6j\x9d\x9a\x85\x00>\xe3\xd2\xe0\
:|\xd9,\xd3\xf3Y\xeb\x05`\x1a\xd6\x0a\x16\x1e\xe7\
]\xa8\xd5\xdc\xdc\xdbN\xadS\xb3\x11\xc0\x87\xdc,\xbc\
\x10\xdf6\xbb+\xe9\xad\xf7\x02\x100Up0\x80\xe7\
$\xfd\xe4q\xde\x9b\xd5:\xb5\x0b\x01|\xca\xe3\xc3\x93\
\xf0u\xbb\xba6\xba7\xa3\xb6z\x01\x10:\x0a\x88\xfd\
\xd50j\xefh\xb5N\xedF\x00\x1f3\xba\x10\x9f\xb7\
\xbb\xa7\x05z\xd7\xe9\x02\xa0\xc4g\xca\xab\xa5\xc2i\xb9\
\x98kF5N\x1d@\x00_/\x97\xff\x97\x8a7\xec\
@\x7fg\xecbg\x0b\x80\x1c\x7f\x90P\xb9U|\xa0\
\xd8\xa9\x9b\x08\xe0\xfb[C,t\x12\x81\xce\x15\x009\
{=1\x7f\xf5\x19[\xbe^'\xbd\xee\x9d\x1eD\x80\
\x18XBL\x88Y\x1e\xdc\xd6\xf8\xe5q\x1d\xe8T\x01\
\x90\x83\xdf(@n\x16S\xf9\xd5\xb4\x8a~\xab\xdep\
\x03\x93\xa7\x17\x9f\xd02\xb3\xf0\xbc]\xed^\xe2\xbf\x14\
3\xe1\xc6\x0b\xd4>G\xfc\xa7\xe2\xa7\xcf\x0a\xffX\x16\
\xb3\x8em\xec\xc3\xbe\x1c\xc3\xb1\xc8@\x162\x91\x8d\x0e\
t\xe9\x90V\x111qs\x88\x91VulTg:\
S\x00\xe4X\xee\xf0\x13\xc0\x0c\x14\x19\x85I\xdd\xb7\xfd\
A\x062k\xefYj\x19\xf1\xc6\x9br/P.\xaf\
#\xdeZ\xfc&\xf1\xfb\xc4'\x8b\x97\x88W\x88\xaf\x11\
\xffP\xfcs\xf1\x03\xe2G\xc4\xc8\x91\x88^\x8fe1\
\xeb\xd8\xc6>\xec\xcb1\x1c\x8b\x0cd!\x13\xd9\xe8`\
\xaa/\x0a\x05\xba\xb1\x01[\xb0\xe9I\x99\xbdf\xfe#\
6xdH\xac4\xb3\x07\x91V\xb7\xbe\x00(\xf17\
\x11\xf3n>w\x7f#\xe1\xa9\xc5\xee\xf7\xca\x8a\x0b\xc4\
G\x88\xf9\xab\xbc\x86\x92u{\xf1\xa1\xe23\xc4+\xc5\
?\xd7\xb6\xac\x84N1\xba\xb1\x01[\xb6\x97\x01L\x0f\
\x8e\x8d\xd8\x8a\xcd\xd8\xae\xd5\x8d\xa3\xa3\x89\x191\xc3\x8b\
\x1bg|\x8c\xc1\xad.\x00r \xa7\xfc\x8c\xe6\xe3/\
U\x0c.U\xef{\x99\x0c8J\xbc\x8d\x92\xecy\xe2\
\xfd\xc5\xa7\x8b\xf9\xab\x5c\xdb\xbf\xb2\xb2\xef\x0fbl\xc4\
Vl~\x1e}\x10\xd3\x17\xfa\xa4\xc5\xc6\x101\xd3\xe8\
Q\x84E\x90nm\x01P\xf2\xff\xbd\x00\xe0\x94\xbf\x09\
SQsM}\xae\xec\x9d/^[I\xb4\x87\xf8T\
1\xf7+\xb4\xaa\xb9D\x1f\xc4\xf4e\x0f\xf5bm1\
}\xa4\xaf\xf4Y?kM\xc4\x0e\x97\x04\xc4R\xad\x0d\
-k\x5c+\x0b\x80\x92\x9fk\xd2\x93\xcb\x82\x92\xf1\xb8\
e\xd2\xb5\x9f\x12\x84\xeb\xf7\x05j\x97\x8b\x1f\xd6\xbaV\
\x12}\x13\xd3G\xfa\xca}\x84\xfd\xd4Q0PSk\
:9\xc4T\xad\x8d,c\x5c\xab\x0a\x80\x9c\xc4\xc0\x9e\
\x95\x02\xe2`q]\xe9Z\x19\xf6^\xf1s\x94\x0co\
\x11\xf3Y.\xfd\xec\x1e\xd1w\xf1[\xd4s\x9e>\x80\
\x09\xd8\xe8g-\xe9`\xc5\x17\x1f9i\xd5\xc0\xa1\xd6\
\x14\x009\x87\xa9\xa4\xafR\xe8\xf0!\x0a5\xb5\xa3\xcf\
\xca\xa2\x9d\x14\xf0;\x8a\xffU\xfc\x80~;\x09\x01\xb0\
\x10\x83\xc9\x8e\xfa\xc9\xe7\xc7\xc0J\x8b\xb5#b\xeb\xaa\
\x10k\xb53n\xd0\xa0\xa2\xcb\xad(\x00r\x08\xd7\x97\
W\xaa\xd3/\x11\xd7\x89\xf8\xca\xcf?\xc9 n\xe4\x1d\
\xac \xff\xb6\x96\x9dF \x00Fb\xce\xe0\xb8\x81\x08\
v`8\xe2\x88\xec\x9b\x88\xb1+C\xcceW\x9eZ\
a\xe3\x0b\x80\x1cq\x80@\xf9\xba\x98kJ5\xb5\xa0\
\x9f\xc8\x0a\x1e\x85\x91\xf8\xc7+\xa0\x9b\xfa8L\xdd\xa8\
\x86\xc0L|\xbc\xb4S\x08\xc0\xf2n-\xd7\x85\x88\xb5\
\xaf\x87\xd8\xab\x8bM\xa5\xecht\x01\x90\x03\xde\xa9^\
\xf3!J5\xb5\xa0{d\xc5\x22\x05\xee\x8b\xc4<\x0a\
\xab\xed#;\xd9\xd9\x08\x12\x8e<Z\x04K\x9e\xc93\
\xe8\x08\x8c\xebb\xfb\x17B\x0c\xd6\xc5\x9eh;\x1a[\
\x00\x04<\xc1\xf0\xe9\xe8\x1e\xdb\x1c\xc0#\xadc\x14\xac\
\x1b\x8b\xcf\xb0Q\xe1R\xc1V\xbc\xb1\x90`h2\x98\
k\xb1r\xfat\x88\xc5\xca\x0d\xe9\x1b\x10\xd36\xb2\x00\
\x08\xf0#\xd5I\xe6\xe8SS9-\x96\x05\x9b(0\
\x9b\xf0\xd8Q\xa66\x9f\x02\xd6\x9c\x11\x80}\x1d:\xc4\
\x1c\x84\xc4d\x1dl\x89\xb2\xa1q\x05 $?\x1f\x93\
\x8c\xea\xa8\xc1\xce\x97H\xe6\xb6\x0a\xc6\xc3\xc5|\x0dH\
?\x9dr!\x00\xe6b>\x12\xb2\xadt\xe2\x0b5\x95\
\xd2)!6+5\x22Vy\xa3\x0a\x80\x00\xe6\xb4\xbf\
\xea\xe4\xe7\x86\xde\xdb\x15|s\xc5|\xf03\x16s\xdf\
?!\x02\xf8@\xccGBxk\x11\xdf$\x94\x1e-\
\x8a\x22@\x8cF\x1fX\xd5\x01\x8d)\x00J~n\xf8\
U}\xda\xcf\x08\xc3-\x14p\xcc%P\x95\xcf\x5c\xef\
\x10\x04\x82Ox\x8d\x19\x1f\x0d\xd9#\xdb*.\x07\x88\
\xd5l\x0a\x07\x15\xc5.7\xa2\x00(\xf9y\xd4W\xe5\
\x0d?\xee<3d\x97\xb7\xde|\x00Ol\x94e\xda\
_E\x80\xd7\x99\x0f\x95:\x86\x18\xe33-VB\xdc\
\x18$f+Q\x1e\xa3\xb4\xf6\x05@\xc9\xcf \x9f*\
\x1f\xf5\xf1\xe2\xcaV\x0a\xae\xce\x0e\xd9\x8d\x09\xa8:\xec\
\x1b|\xb5\x95l\xc1wj*!\x1e\x11\x12\xbb\x95(\
/\xaa\xb4\xd6\x05@\xc9\xcf\xf0\xde*_\x16y\xb7\x82\
\x89\x17W\xfc\xaf~\xd1\x88\xaa\xc9~\xf2\x1bg\x03\x0b\
d\xce\xbb\xc5U\xd1\xb2\x10\xc3U\xe9\x1f\xab\xb7\xb6\x05\
@\xc0\xf1\xd2\xc5y\xea\x01\xa3\xae\xd4d%\xbe\xfa\xcb\
\x1d\xfe\x7f\xcb\xaa\xd5\x95%G@\x85\x00\x1f\xf2\xa4\x00\
\x9f&\x97?F \xb1{^\x88\xe51\xbbN\xbe\xb9\
\x8c\x84\xda\x16\x00u\xe6\xf3b\xc6]\xab\xc9J\xe7H\
\x1b3\xee\xf8\x1d~\x01\xd1\x06R\x11\xc0\x97\xccX\x84\
osw\x89\x18&\x96s\xeb-\xa4\xaf\x96\x05@\x15\
\x93;\xb9\xbcyU\xa8\x13\x09wb4\xdfB\x05\x8c\
\x0f\xe1M\x08j\x1dD\xe1S\xf1B\xd9\xc2(B5\
Y\xe9u!\xa6\xb3*-\xa2\xacv\x05@@1\xfb\
\x0ao\x83\x15\xb1?\xd5>\x8fI\xd0|\x05\x88\x8f\xe6\
\x13\x10m\xa6\xe0cf%\xc2\xe79\xbb\xca|\x02\xc4\
vN\x9dcu\xd5\xaa\x00(\xf9\x99\xc3/w\x12\xf2\
\xe6\xdek\x14\x18|\x1dh,`\xbeC\xf3\x11\x08\xbe\
~\x8dz\x92\xfb\x0dCf\x16\x22\xc6\xa5:-\x95\x95\
V\x9b\x02\xa0\xe4gl\xf7\xd9e;R\xf28\xa6\xb2\
~\xad\x02\xe2\x9a\x92\xc7\xfba\x0dE \xf8|\x17\x99\
O\x0c\xa8\xc9Fg\x87X\xcf\xa6p\x94\xa2\xda\x14\x00\
\x19\xf9\x191\x930\xaa\xc9BWH\xcb\xae\x0a\x84\xdc\
\x7f\x05\xa4\xd6\xa9\x0e\x08\x04\xdf\xcf\x91-\xc4\x82\x9a,\
D\x8c\x13\xebY\x94\x8dSR\x8b\x02\xa0\x8a\xc8\x87\x18\
\x98\x86y\x9c\xbd\xa9\xb6_$\xe7\xef&~0\x95@\
\x97\xd3L\x04\x14\x03\xbf\x15\xef&\xeb\x99AZM\x16\
\xda5\xc4|\x16e\xa3\x94T^\x00\x04\x04\xd7D9\
?\xdaq\x81\x1c\xfe\xa6Q\xa0\xf8\xb6\xee!\x10b\x82\
\x8f\x99\xe4\xea<\x1f\x1f!\xf6'\xd67\x89\x80J\x0b\
\x80\x92\x7f=\x19\xcf7\xe7\xd4d!\x92\x7f\xff,\x9a\
\x5cI\xe3\x10P\x11 6r\x16\x81O\x84\x1c\xa8\x0c\
\xabJ\x0b\x80z\xcd\x84\x0e|\x8fM\x8b\xe6\xc4i?\
\x0e6W\xe4\x0a\x9a\x8b@(\x02\xb9.\x07\x88}r\
\xa02\xc0*+\x00\xaa|\x07\xa9\xd7|\x91U\x8d9\
]!\xc7\xfai\xbf9\xcc\xedP\x10b%\xd7\x8d\xc1\
\x03C.T\x02^%\x05@\x1df\x9c\xff\xc72\xf5\
\x98\xc7<\xfbd\xd2\xe5j\xda\x83\xc0\xbe\xea\x0a\xb1\xa3\
\xc6\x9c>\x16r\x22Z\xd1\xa4\x07TR\x00d\xf4G\
\xc5\x5c\xff\xab1%\x1e\xf1\xcdSE\xaf\xcb\x04\x92\xa6\
\x9du\xe1\xe9\x10P\xcc\xf0\x84h\x9e$2PL\x8d\
)\x91\x0b\xe4\x84\xa9\x92a\xc2\xb3\x17\x00U:\xae\xc3\
s\x9c\xfa3\xd4\xf3\x009\x92\x220\xac\xef\xbe\xce\x11\
\x18\x89@\x88\x1d>]F,\x8d\xdc7\xc1F.\x05\
\xc8\x8d\x04\xa2\x8a\x8b\xc8Z\x00\x94\xfc\xe8\xe3\x99\x7fq\
\x0b\xcb\xefy\xa0\x1c\xe8#\xfc\xca\xe3\xe7G\x0a\x81\x10\
C9\xfe`I[\xef\xa4\x90#,ga\x122\x8b\
\xa2\xa0\xe4\x9f\xd5n*\xb6&\xde\xea\xf3\xb1\xfd\xd6(\
wD\xbe\x8a\x00\xb1\x94\xe3-Br\x83\x1c)\x84l\
\x8a\x9d\xb2\x15\x00U6\xa6h\xca1\xe0\xe7\x1c9,\
\xf7\x0bE)|\xe12j\x8c@\x88\xa9\x1c\xf3\x090\
@\x88\x5c\xc9\x82F\xb6\x02\xa0\xde\xf0\x9d75\xa6\xc4\
\xac/\xb9_%6\xed\x90\x0b\xaf\x15\x02\xc4\x161f\
mT\x8e\x5c\x99\xeaC\x96\x02\xa0\xbf\xfe\x0cy|\xf3\
\x94F\xdb\xff\xde\xa9J\xed\x93y\xd8b\xdcY\xe9!\
\xb6rL\xf9\xfd\xe6\x903\xe6Xg)\x00\xea\xc5\x87\
\xc4\xd6\xc4\x04\x9eL\xfdd\xad\xc7\xe5w\x18\x01\x15\x01\
b,\xc7D\xa3#s&\x95\x0b\xcc\x0b\x80*\xd9!\
2v;\xb1%\x9d+\xc70\xf9\xa3\xa5\x0e\x97\xed\x08\
L!\x10b\xcdz\xca\xf1\xedB\xeeL\xe9\xb4\xfa\xcf\
\xbc\x00\xc8p\xeb\x1b\x7f|\x00\xe2}\xd2\xe3\xe4\x08\xe4\
D\x80\x98#\xf6,uZ\xe7N\xcf\xb4\x00\xa8\x82\xf1\
\x9d4\x1emX\x82t\x84*\xb2\xcf\xdbo\x89\xb0\xcb\
^\x0d\x81\x10sG\xac\xb6!\xed\x8aMC\x0e\xa5\x95\
: \xcd\xb4\x00H\x8f\xf5'\x93\xcf\x92#\xfc\x8b=\
\x02\xda)?\x02!\xf6\x98\xc1\xdaR\xf9j9\x94R\
\x99Y\x01\x08\x95\x8b\xd7\x1dS\xda;(\xeb^\xfd\xf8\
\x80\xd8\xc9\x11\xa8\x12\x01b\x90X\xb4\xb2a\xa3\x90K\
&\xf2\xcd\x0a\x80\xac\xe5\xf4_\x8d\x191\xda\xcfO\xfd\
\xcd\xe0u\xc1E\x10\xd0Y\x001h=J\xd0,\x97\
L\x0a\x80*\x16w\xfe\x99\xe5\xb7\x08\x86e\xf6\xb9D\
\xc0/)s\xa0\x1f\xe3\x08\xa4F \xc4\xe2%\xa9\xe5\
\x0e\xc8\xdb$\xe4\xd4\xc0\xaa4\x8b&\x05@\xa6\xbdG\
lI\xc7Y\x0aw\xd9\x8e@\x09\x04\xaccr*\xa7\
J\xd85\xf2\x90\xe4\x05@\x95\x8aQ\x7f\xdb\x8c\xd4:\
\xd9\xc6\xc5\xaa\xb8\x0c\xc6\x98L\x8a\x1f\xed\x08$D \
\xc4\xa4\xe5\xf4^\xdb\x84\xdcJhu\xcf\xe41\xa0\xe5\
PI&\xf681)\x02.\xcc\x11H\x87\x00\xb1I\
\x8c\xa6\x93\xf8TI\xc9s+\xe9\x19\x80*\x14o1\
\xcd}\xaa\xcdI\x7f}D\x95\xf6\xfe\xa4\x12]\x98#\
\x90\x08\x81\x10\x9b\x1fI$n\x98\x98\xb9!\xc7\x86m\
+\xb5.i\x01\x90\x05o\x17[\xd1=\x02\xd8_\xf3\
\xb5B\xd7\xe5&A \xc4\xa8\xc9\x08\xc1``\xd2\x1c\
KV\x00T\x99\x90\xb50\x18i\xd1\x9cb!\xd4e\
:\x02\x06\x08X\xc6\xea\xc2\x90kI\xcc&i\x93\x08\
\x92\x90\x05\xe2u\xc5\x16t\xb7*\xeb\x19\x16\x82]\xa6\
#\x90\x1a\x81\x10\xabV\x93\x89\x92c\xe4Z\x12\xb3S\
\x16\x00\xcby\xd3,\xef\xae&\x01\xd2\x858\x02\xd3\x10\
8}\xda\xef\x94?\x93\xe5Z\x92\x02\xa0S\x92\xcd\xd5\
;\xab\x8f{\xde'\xd9\x1f\x17;9\x02MB\x80\x98\
%v\x93\xd8<M\xc8\xae!\xe7\xa6\xad\x8e\xff\x99\xa4\
\x00H\xed|\xb1\x15}R\xa7T>\xcb\x8f\x15\xba.\
\xd7\x04\x81\x10\xb3\x9f4\x11\xfe\x84\xd0$9\x97\xaa\x00\
X\xceg\xee\x13}<\xe1p\xff\xbfy\x08X\xc6n\
\x92\x9c\x9b\xb8\x00\xe8Td\xb6\xfc\xc2\xf3\x7f5\xc9\xe9\
\xb3\xaa\xa4\x96oZ%7\xd8\x05:\x02}\x04B\xec\
~\xb6\xff;q\xbbU\xc8\xbd\x89\xc4N\x5c\x00\xa4\xdd\
\xf2\xa3\x9bV\xe0\xc9l'G \x0b\x02\x13\xc7\xf0\x08\
+'\xce\xbd\x14\x05`\xef\x11\x06N\xb2\xe9ZU\xd0\
oO\x22\xc0\x8fu\x04\xaaF \xc4\xf0\xb5FvL\
\x9c{\x13\x15\x00\x9d\x82l\xa1\x8eY\x9d\xfe/\x95l\
'G\xa0\x0d\x08X\xc52\x97\x01\xe4`i\x8c&*\
\x00\xd2\xba\xa7\xd8\x8a>o%\xd8\xe5:\x02\x99\x11\xb0\
\x8c\xe5\x89rp\xd2\x02\xb0\x87\x11\x90\xcbt\xea\xc4L\
+F\xe2]\xac#\x90\x0f\x81\x10\xcb\xcb\xcah,p\
\xccD9X\xba\x00\xe8\xf4\x7f-\x19g5\xf8\xe7|\
\xc9vr\x04\xda\x84\x80UL3(\x88\x5c,\x85U\
\xe9\x02 ms\xc4\x16\xf4[UL\x9f\xe9\xd7\x02Y\
\x97Y\x19\x02!\xa6\xad\xe6\x0a(\x9d\x8b\x93\x14\x80]\
\x8c\xd0\xbc\xc8H\xae\x8bu\x04\xaaF\xc0*\xb6K\xe7\
\xe2$\x05`g#4\xbff$\xd7\xc5:\x02U#\
\x10\x15\xdb\x11\xc6\x96\xce\xc5R\x05@\xd7\xff\xcf\x95q\
V\xf3\xfe\xad\x90l'G\xa0\x8d\x08X\xc56\xf3\x05\
\x92\x93\xd1\x98\x95*\x00\xd2\xf2Wb\x0b\xbaL\xd7J\
\x0f[\x08v\x99\x8e@\xd5\x08\x84\xd8\xbe\xcc\xc8\x8eR\
9Y\xb6\x00\xech\xd4\x89\xcb\x8d\xe4\xbaXG\xa0.\
\x08X\xc5x\xa9\x9c,[\x00v0Bs\xa5\x91\x5c\
\x17\xeb\x08\xd4\x05\x81B1^\xc2\xd8R9Y\xb6\x00\
l[\xc2\xc0q\x87\xdc\xabS\xa4\x9b\xc7\xed\xe4\xdb\x1d\
\x81&#\x10b\xdc\xe2\x0d\xd7R9\x19]\x00t\x03\
\x90\xb1\xc7\xeb\x188\xe1j\x03\x99.\xd2\x11\xa8#\x02\
\x16\xb1\xbeN\xc8\xcd\xa8\xfeF\x17\x00I\xdfZlA\
\xfe\xe6\x9f\x05\xaa.\xb3\x8e\x08X\xc5ztn\x96)\
\x00\xaf0B\xf4\x1a#\xb9.\xd6\x11\xa8\x1b\x02#c\
}\x02c\xa3s\xb3L\x016\xf1(z\x00\x00\x10\x00\
IDATx\xf9\x04\x06\xcet(s\xfe]?\xd3\
F_\xef\x08\xb4\x0c\x01b\x9d\x98O\xdd\xad\xe8\xdc,\
S\x00\xb8\x07\x90\xda\xf0\x1bus\xc4\x02\x90\xd4v\xba\
<G`b\x04B\xac\xdf8\xb1\xa0\xd5\x05D\xe7f\
T\x01\xd0M\x865\xa4s3qj\xfanj\x81.\
\xcf\x11\xa89\x02\x161\xbfY\xc8\xd1\xc2]\x8f*\x00\
\x92j\x91\xfc\x12\xdb\xfb\x1e\xff9;\x02\x1dB`h\
\xcc'\xe8\x7fT\x8e\xc6\x16\x80M\x13\x188L\xc4\xad\
\xc3V\xfa:G\xa0\xc5\x08X\xc5|T\x8e\xc6\x16\x80\
\x17\x199\xe4\x87Fr]\xac#PW\x04\xacb>\
*Gc\x0b\xc0\x0b\x0d\xd0d\x02\x90\x9f\x1b\xc8u\x91\
\x8e@m\x11\xd0\x8d@b\xdeb\x82\x90\xa8\x1c\x8d-\
\x00/0@\xf4\xc7\x062]\xa4#\xd0\x04\x04\x9e\x12\
\xfb\x89\x0c\x8e\xca\xd1\xd8\x02\xf0\xe7\x89\x8c\x1c\x14s\xf7\
\xe0\x0f_v\x04:\x84\x80E\xecG\xe5hl\x01\xd8\
\xd0\xc09\xf7\x18\xc8\xcc*R\x8f^f\x89\xe7\x8aO\
\x10\xff\xbbx\xb9\xf3*\x0b\x0c\xc0\x16\x8c\xc1zVV\
'\xdb(\xb3\x88\xfd\xa8\x1c\x8d-\x00\x7ff\x80\x03\xd7\
B\x06b\xedE*\xc9\x9f!>A\x9a\xee\x17_,\
>V\xbc@\xcc\x87\x1b\x9d{\xbd\xd4\x18\x80-\x18\x83\
\xf5\xfd`/~\x86\xf0n*Y\xc4~T\x8e\x16.\
\x00\x02\xfa\x99B\xd9\xe2-@\x8bW#e\xaa-\x09\
\x8f\xd7I\xc3mb\x02\xf29j\x9d\xf2\x22\x00\xe6`\
\x7f[\xf0E^\xedi\xb4=\x19\xfbi\xc4MI\xe1\
\xad@ru\xea\xc7\xb8\xff\x0a\x17\x00\x09ZOlA\
\xf7Y\x08\xb5\x94\xa9\x80\xdbG\xf2\x99\xd8!\xea\x99\xab\
\x8eqJ\x8f\x00>X\x19|\x92^\xba\xadD\xab\xd8\
/\x9c\xab1\x05\xe0\xd9FXp\xfal$:\xbdX\
\x05\xdalI\xf5\xef\x16\x08\x84\x9a\xd1\x97\x82ojf\
\xd6Hs\xacb\xbfp\xae\xc6\x14\x80g\x8d\xecJ\xf9\
\x8dM\xfb\x04\xd8\xe2\xf2]\xf5#\x8d\x11h\x9ao\xac\
b\xbfp\xae\xc6\x14\x80\xd2\x9f\x1f\x1a\xe3t\x8b\xc1\x10\
cT\x96\xdb\xac\xbf0o\xd5\x91;\x89\x9d\xea\x89\xc0\
N\xc1G\xf5\xb4nu\xab\xa6b\x7f\xf5\xd5\x13\xaf)\
\x9c\xab1\x05`\xcd\x89\xcd\x1a.\xa0I\xd3\x80/\x1c\
\xde\x05_[#\x04\x9a\xe4#\xab\xd8/\x9c\xab1\x05\
\x80W\x81-\xfc\xfc\x88\x85\xd0\xd42\xf5\x97em\xc9\
\xdcM\xecTo\x04v\x0b\xbe\xaa\xb7\x95OXg\x15\
\xfb\x85s5\xa6\x00<\xfd\x09\x9b\x93\xff\xffXr\x89\
6\x02\xb7\xb2\x11\xebR\x0d\x10h\x8a\xaf\xacb\xbfp\
\xae\xc6\x14\x80\x98}\x0b\xfbt\xd6\xacYM\x99\x09(\
j\x84Ua\x00|G\x0b\x04\x1a\xe1+b\xdf\xa2\xf3\
\x92Y8W\x0b\xef(\xa1N\x8e\x80#\xd02\x04b\
\x0a\xc0\xe3\x16}\xd7\xf5\xda\x9fX\xc85\x90i1j\
\xcb\xc0L\x17)\x04\x1a\xe1+\xc3\xd8/\x9c\xab1\x05\
\xe0\xf7\x02\xd6\x82\x9a2\x96\xfb\x16\x8b\xce\xbbL\x13\x04\
\x9a\xe2+\xab\xd8/\x9c\xab1\x05\xe0Q\x13W\xf5z\
\x85\x1fY\x18\xe9/$V\xd7k\x0fiG\xab\x0f;\
J\xb4S\x22\x04.\x0f\xbeJ$\xceN\x8c$[\xc5\
~\xe1\x5c\x8d)\x00V\x8f,\x0a\x0fZ\x10`U\xd3\
\x92\xaa\x0dp\xfdc\x11h\x92\x8f\xacb\xbfp\xae\xc6\
\x14\x00\xabA\x0b\x85\x87-\x8eu\xbd\xf1\x0e\xfa\xcb\xf2\
\x05\xa9\xb0\xf8\xae\x9b\xc4:%@\xe0\xea\xe0\xa3\x04\xa2\
\xb2\x88\xb0\x8a\xfd\xc2\xb9\x1aS\x00\xac\x86-\xae\x9b\x05\
\xeatJ\x16\xa5\x13\xe5\x92\x12#\xd04\xdfX\xc5~\
\xe1\x5c\x8d)\x00\xbfI\xec\xac\xbe\xb8\xf5\xfb\x0bMh\
\xf5\x17\x86/\xba\xec\xdb\x04[;f\xe3\xbe\xc17\x8d\
\xe8v0\xd2*\xf6\x0b\xe7jL\x01\xf8U0:u\
\xb3Aj\x81\xd6\xf2\x14h\x17J\xc7\x1c\xf1\x9db\xa7\
j\x11\xc0\x07s\x82O\xaa\xb5$^\xbbU\xec\x17\xce\
\xd5\xc2\x05@\x00\xffN\xfd{P\x9c\x9a\x1a1jk\
z\xa7\x85\xc77\xb4\x8eo\xb1\x9d\xa8\xf6\xd7b\xa7\xbc\
\x08\x809\xd8o\x11|\x91W{\x1am\x16\xb1\xff\xa0\
\xf0 W\x0bYX\xb8\x00\x04i\xff\x1b\xda\x94\xcd\xf3\
S\x0a\xcb)K@?&>N:9\x95\xdbK-\
\x01\xb9T\xed\xf9\xce=\x0b\x0c\xc0\x16\x8c\xc1z}\xb0\
\x17[\x8d\xa7\x97\x0b\xcd\xc9\x22\xf6\xa3r4\xb6\x00X\
\x8c\xb0\xda\xc8\x1cfc\x05\x0a\xc2U\xe2\x15\xe2\xe3\xc4\
\x7f#\x9e\xe7<\xcb\x02\x03\xb0\x05c\xb0^e\xecV\
3\xf1\x03\x82-b?*Gc\x0b\xc0\xff\x0c\x18\x9f\
j1\xeaSF\xa9\x94\xba\x1cG\xa0\x06\x08X\xc4~\
T\x8e\xc6\x16\x80\x9f\x19\x80\xf6b\x03\x99.\xd2\x11h\
\x02\x02\x16\xb1\x1f\x95\xa3\xb1\x05\xe0'\x06\xa8>k\xd5\
\xaaU\x16\xd7B\x06\xa6\xbaHG \x0d\x02!\xe6-\
\x06\x02E\xe5hl\x01\xb0\xf8\x94\x11\x88\xbe\x94\xff\x9c\
\x1d\x81\xb6#0\xd0?\xab\x98\x8f\xca\xd1\xd8\x02\xc03\
\xd7\x81>$[\xdc2\x99$\x17\xe4\x084\x03\x01\xab\
\x98\x8f\xca\xd1\xd8\x02p\x87\x11\xb6\xaf0\x92\xebb\x1d\
\x81\xba\x22`\x15\xf3Q9\x1aU\x00\xf4h\x8b\xd7\x0c\
\xa3\x14\x14D\xff\x95\x05\xf7\xf3\xdd\x1c\x81\xb6 `\x11\
\xf3w\x84\x1c-\x8cQT\x01\x08R\xf9\x1e^XL\
\xd6\xcc\xd6M\x91\xa6\xcc\x0c\x94\xac\xd3.\xa8[\x08\xf4\
{\x1bb\x9d/L\xf5W\xa5j\xa3s\xb3L\x01\xf8\
~*k\x07\xe4\x90\xfc\xdb\x0d\xfc\xf6EG\xa0\xcd\x08\
\x10\xeb\xc4|\xea>F\xe7f\x99\x02\xf0\xbd\xd4V\x07\
y;\x86\xd6\x1bG\xa0\xed\x08X\xc5ztn\x96)\
\x007\x1by\xe7\xd5Fr]\xac#P7\x04\xacb\
=:7\xa3\x0b\x80n2p\x9da\xf1V\xa0\x7fs\
\xafna\xea\xf6$C`\x9a \x8bX\xe7-@r\
s\x9a\xaa\xd1?\xa3\x0b@\x10wChS6\x1b\xea\
\xe6\xc8\xd6)\x05\xba,G\xa0n\x08\x84\x18\xb7x\x0d\
\xb8TN\x96-\x00\xd7\x1a\x01\xcb$\x1bF\xa2]\xac\
#P\x0b\x04\xacb\xbcTN\x96-\x00\xd7\x18A\xe9\
\x1f\xdf4\x02\xd6\xc5\xd6\x06\x01\xab\x18/\x95\x93e\x0b\
\xc0\x7f\x1a\xc1\xb9\xbbN\x91\xac\xa6J62\xd9\xc5:\
\x02\xa3\x11\xe8o\x0d\xb1\xbd{\xffw\xe2\xb6TN\x96\
*\x00\xba\x11\xf8K\x19\x7f\x93\xd8\x82\xe6Z\x08u\x99\
\x8e@\x0d\x10\xb0\x8a\xed\x9bBNFw\xb1T\x01\x08\
Z\xae\x0am\xea\xe6\x0d\xa9\x05\xba<G\xa0&\x08X\
\xc5v\xe9\x5c\x9c\xa4\x00\x5ci\x04\xea\xdeFr]\xac\
#P5\x02V\xb1]:\x17')\x00+\x8d\xd0d\
\x82\x10\x9fw\xdf\x08\x5c\x17\x9b\x17\x81\xbe6]\xff\x13\
\xd3\x16\x13\x80\xa0\xa2t.\x96.\x00\xba\xe6\xe0\xf3C\
W\xa0\xdd\x80\xf77\x90\xe9\x22\x1d\x81*\x11\xb0\x8a\xe9\
+B.\x96\xea[\xe9\x02\x10\xb4]\x1a\xda\xd4\xcd|\
UL\xab\xcf&\xa5\xb6\xd5\xe59\x02#\x11\x08\xb1<\
\x7f\xe4N\xe57N\x94\x83\x93\x16\x80K\xca\xdb=\xf6\
\xc8\xb7\x8d\xdd\xc3wp\x04\x9a\x81\x80e,O\x94\x83\
\x13\x15\x00\x9dz0\xf6\xf8\x16#\x1f,0\x92\xebb\
\x1d\x81,\x08\x0c(\xb1\x8a\xe5[B\x0e\x0e\xa8\x8a[\
\x9c\xa8\x00\x04U\x17\x856u\xb3\x83N\x9d\xac\xde\x9a\
Jm\xab\xcbs\x04\x86\x22\x10bx\x87\xa1\x1b'_\
9q\xee\xa5(\x00_\x99\xbc\x1f3Jx\xc7\x8c[\
|\x83#\xd0\x0c\x04,cx\xe2\xdc\x9b\xb8\x00\xe8\x14\
\xe4F\xf9\xc1\xea2\xe0\x1d\xaa\xa0\x16oN\xc9d'\
G\xc0\x16\x81\x10\xbbV\x05\x80\xd3\x7fro\xa2NL\
\x5c\x00\x82v>\x04\x19\x16\x937\x7f\x9b\x5c\xa2\x0bt\
\x04\x8c\x11\x08\xe2-c7I\xce\xa5*\x00\xcbB\x87\
-\x9a\xf7\xa8\x92Z\xcc\x9ffa\xab\xcbt\x04\xa6\x10\
\x081\xfb\x9e\xa9\x1f6\xff%\xc9\xb9$\x05@\x97\x01\
\xb7\xab\x8fV\x83\x826\x90\xec\xf7\x89\x9d\x1c\x81&!\
@\xcc\x12\xbb\x1663\xf8\x87\x9c\x9bXv\x92\x02\x10\
\xac87\xb4\x16\xcd\xe1\x16B]\xa6#`\x88\xc0\x22\
C\xd9\xc9r-e\x01X\xaa\x0e? \xb6\xa0\x17\xea\
\x94\xea0\x0b\xc1.\xd3\x11H\x8d@\x88\xd5\x17\xa5\x96\
\x1b\xe4\x91c\xe4Z\xf89Y\x93\xac\x00\xe82\xe0q\
\x99\xb2DlEGY\x09v\xb9\x8e@b\x04,c\
uI\xc8\xb5$&'+\x00\xc1\x9a\xcf\x85\xd6\xa2\xd9\
H\x95\xf5h\x0b\xc1.\xd3\x11H\x85@\x88\xd1\x8dR\
\xc9\x1b\x22'i\x8e%-\x00\xaaL\x8c\x07X1\xc4\
\xe8T\xab>(\x80\xd7O%\xcc\xe58\x02)\x11\x08\
\xb1\xf9\xc1\x942\xa7\xc9Z\x11rl\xda\xea\xf2?\x93\
\x16\x80`\xc6gBk\xd1\xf0>\xf5\xb1\x16\x82]\xa6\
#\x90\x00\x81c%\x83\x18UcB\xc9s+y\x01\
P\x85\xfa\xaa\xban5_\xa0D\xf7\x16\xa9\xd2\xbe\x8a\
\x05gG\xa0.\x08\x84\x98\xb4\xbc\xf3\xcf\xbc\x7f\xe4V\
\xd2.'/\x00\xc1\xbaO\x86\xd6\xaa9\xc1J\xb0\xcb\
u\x04J\x22`\x1d\x93&9eR\x00t\x16p\x96\
@\xbcKlE{\xaa\xe2.\xb4\x12\xeer\x1d\x81\x18\
\x04B,\xee\x19sL\xe4\xbew\x85\x9c\x8a<l\xfc\
\xee&\x05 \xa8]\x1cZ\xab\xe6$\x01\xef\xb3\x06Y\
\xa1\xebr\x0b!\x10b\xf0$v6d\xb3\x5c2+\
\x00\xaaX\x18}\x8f!(\xbc%\xf8QC\xf9.\xda\
\x11(\x82\x001H,\x16\xd9\xb7\xcc>\xf7\x84\x5c*\
s\xec\xd8c\xcc\x0a@\xd0|jh\xad\x9aCT\x81\
\x99m\xd5J\xbe\xcbu\x04fD \xc4\xde!3\xee\
\x90f\x83i\x0e\x99\x16\x80P\xb9\xeeL\x83\xc3\x8cR\
N\x93#\xfcR`Fx|\x83\x05\x02!\xe6N\xb3\
\x90= \xf3\xce\x90C\x03\xab\xd2.\x9a\x16\x80`\xea\
\xc9\xa1\xb5j\x18u\xf5q+\xe1.\xd7\x11\x98\x01\x01\
b\x8e\xd8\x9b\xdal\xf4\x9fu\xee\xf4\xcc\x0b\x80*\x18\
O\x04\xae7\x02\xa8/\xf6@Ud\xcb\xc9\x17\xfaz\
\xbcu\x04z!\xd6\x0e4\x86\xe2\xfa\x90;\xa6j\xcc\
\x0b@\xb0\xfe\xc3\xa1\xb5l>%\xc7\xf8\x00!K\x84\
]6\xc9O\x8c}*\x03\x149r\xc6\xfe\x0c\x00\xa0\
T\xc9\x18\xc1\xf4e\x96\x8d\xf93*\x02>{\x901\
\xc8]\x15\x1fb+\xf9p\xdc!x~9\xe4\xcc\x90\
MiW\xe5:\x03\xc0\xea\xe3\xf9\xcf\x98gK\xfe\xd9\
b'G\xc0\x02\x01b\x8b\x18{\x8al\x83\x1f9r\
e\xca\xecl\x05@\x15\x8d7\x05\xcdoj\xa8W\x07\
\xa9R\xfbk\xc3\x02\xc2)\x1d\x02!\xa6\x0eJ'q\
FI'\x87\x5c\x99q\x87\x94\x1b\xb2\x15\x80`\xf4?\
\xa8\xb5~,(\x15=F\x09\xcec\xc1\xd9\x11\x98\x14\
\x01%?\xb1d=\xda\x0f3\xc9\x0dr\x84\xe5,\x9c\
\xb5\x00\xa8\xb21k\xd01Yz\xd6\xeb\x9d+\xc7\xed\
\x98I\x97\xabi)\x02!\x86\x92\xcd\xc17\x06\xa6c\
B\x8e\x8c\xd9-\xdd\xe6\xac\x05\x00\xb3\xd5A\xe63\xcf\
\x01\xe83\xa4\xef\x8br\xa0\xd5\xdcl\x12\xef\xd4f\x04\
B\xec\x9c\xa7>\x12KjV\xa7\x84k\xce\x0d\xb9\x91\
P\xe4xQ\xd9\x0b@0\xe9\x03j\x7f%\xb6\xa6\x17\
J\xc1r9r\x1d\xb5N\x8e@a\x04\x143L\xec\
\xb1\x5c\x07\xe4\xf8\x03B.\x90\x13R\x97\x97*)\x00\
\xaat\xf7\xaa\x9b\xef\x17\xe7\xa0\xed\xa4\xe4Kb'G\
 \x06\x81\x0b\xb53\xb1\xa3\xc6\x9c\xde\x1fr\xc2\x5c\xd1\
t\x05\x95\x14\x00\x8cP\x87\xcfQ\x9b\xe3R@jz\
\xbb\xaa\xa2O\xfc!E\x049\xb7\x1f\x81\x10+\xbbf\
\xea)\xa7\xfe\xe4B&uOUSY\x01\x08f0\
\x85\x92\xe5+\xc3A\xcdT\xb3\xb7\x1c\xcb\xfd\x87\xa9\x1f\
\xfe\x9f#0\x0c\x81\x10#{\x0f\xdb6}]\x82\xdf\
\xc4>9\x90@T9\x11\x95\x16\x00\x9d\x05p\xed\xf3\
\xder\xa6\x97:j\xbf\xe0\xe0R\x07\xfbA\xedF \
\xc4\xc6~\x19{\xf9\xde\x90\x03\x19U>UU\xa5\x05\
\x00S\x04\x00\xc3\x84s\x0c\x10B\x1dL\x11\xf0\xcb\x01\
\x90p~\x12\x01%?1\x913\xf9\x19\xf0C\xec?\
iC\x15\x0b\x95\x17\x00:\xad\x22\xc0\xd8\x00\xab\x8f\x8b\
\xa2b:s9p\xb9\x9c\xce\x9d\xde\xe9\xdb\xfcw\x87\
\x10P\x0c\xac#\xbe\x5c]\xceu\xda/U=>\xee\
I\xcc\xb3\x5c)\xd7\xa2\x00\x04\x04\xde\xa9\xf6\x97\xe2\x5c\
\xc4M\x9e\x95r~\x8e\xc7<\xb9\xfa\xe4z\x22\x10\x08\
\xbe\xe7\x0f\x0f\xb1\x10qd\xaf7\xc1\xce\xc48\xb1>\
\x81\x88t\x87\xd6\xa6\x00\xe8,\x80Y\x84\x0fN\xd7\xb5\
B\x92x\xccs\xa5\x02\xc1G\x0c\x16\x82\xab=;\x05\
\x9f\x7fS=\x22\x06\xd4d\xa3\x83C\xacgS8J\
Qm\x0a\x00F\x0a\x18\xae\x89r\xbf\xc8\xc3\x19\xc0\xb7\
\x14\x10\x8c\xf7\xc6\x0c\xe7\x96#\x10|\xfd-u\x93\x81\
bj\xb2\xd1\xd1!\xc6\xb3)\x1c\xa7\xa8V\x05\x00c\
\x05\xd0\xbf\xa8\xe5\xb5K5\xd9\x88\xa1\x9e\xcb\x14\x18\xb9\
\x8bO\xb6\x0e\xba\xa2'\x10\x08>^\xa6_\xf8\x5cM\
6:;\xc4v6\x85E\x14\xd5\xae\x00`\xb4\x80b\
\xa6\xd5o\xb0\x9c\x99y\x8bp\x89\x82\xc4'\x15\xc9\x0c\
\xbc\xb5:|*\xe6\xf3\xf5\x13\xbf\xd5W\xc2\xd6o\x84\
\x98.q\xa8\xed!\xb5,\x00\xa1\xcboS\xfb#q\
n\xe2\x9d\xef\xeb\x14,L\xfd\x94[\xb7\xeb3@ \
\xf8\xf2:\x89\xc6\xb7j\xb2\x121L,gUZT\
Ym\x0b\x80*&\xef\x0b\x1c\xa0\x8e<(\xceM\xcc\
\xfar\x83\x02\xc7'\x1a\xcd\x8d|b}\xc1\x877H\
,>U\x93\x95\x88\xdd\x03B,gU\x5cTYm\
\x0b\x00\x1d\x10p7\xaa\x9d/\xae\x8a\x98ht\xa9\x82\
\xc8\xbf;P\x95\x07J\xea\xc5g\xe2\xa5:<\xc7\x04\
\x9eR3\x94\xe6\x87\x18\x1e\xba\xb1\x0e+k]\x00\x00\
H\x00^\xaa\xf6\xad\xe2\xaa\x88\xe9\x9foQ0\xf9\x17\
\x88\xaa\xf2@\xa4\xde\xe0+\xa6\xa0\xc3w\x91G\x8f\xde\
=b\xeb[C\xecF\x1c\x92\x7f\xd7\xda\x17\x00 \x11\
\x90L\xca\xf0.\x96+b>\x00q\x81\x02\xebL\xb1\
\x9f\x0dT\xe4\x84qj\xf1\x8d\xf8L\xedw\x81\x18\x9f\
\xa9\xa9\x84\xde\x15b\xb6\x12\xe51J\x1bQ\x00\xe8\x90\
\x00e:\xe6\xc3Y\xae\x90y:q\x9b\x82la\x85\
6\xb8\xea!\x08\x04\x9f\xdc\xa6M\xf8HMetx\
\x88\xd5\xca\x0c\x88Q\xdc\x98\x02@\xa7\x04,_\x1c>\
\x8a\xe5\x0a\x99/\xc1~N\x01\xb7B\xecO\x0a*t\
\x04\xaa\xf1\x81x\x85\x96?'\xc67j*\xa3\xa3B\
\x8cVf@\xac\xe2F\x15\x00:'\x80\xf9Zj\xd5\
E\x00S\xf6\xd4\x7f<)8]\x01\xb8\xbe\x96\x9d2\
\x22\x00\xe6\xe2\xd3\xa5\x92;\xfc\xf8B\x8b\xb64F:\
\xc9Ol\x8e\xd9\xad^\x9b\x1bW\x00\x80/\x14\x81\xaa\
/\x070\x05fB\x87\xbb\x14\x8c>\x8a\x1042p\
\xc0\x9awG\xc0>\x83\xc6\xb1*8\xedo\x5c\xf2\xd3\
\xabF\x16\x00\x0cW\x11\xe0r\xa0\xca\x1b\x83\x98\xd1g\
^+f\x14\xe1O\x15\x9c\x87\xf5Wz\x9b\x16\x01\xb0\
\x15\xffTR\x19\xcd\x07\xe6Z\xac\x9c\xb8\xe1G,V\
nH\x19\x03\x1a[\x00\xe8\xac\x8a\x007\x06\xab|D\
\x88\x19\x83\xcc\x9d\xe7\xc5\x0aR\xce\x08\x0eW\xebC\x8a\
\x07\xd1)\xb1\x0c\x86b\xb0\xbc[\x87\x93h`\xac\xc5\
Z\x10\x8f\xfa\x88\xc1Z\x18S\xc6\x88F\x17\x00:\xac\
\x22\xc0#\xc2\xd7k\x99QWjjA\xbcax\x9a\
,\xf9\x85\x82\xf7xq\xd57\xa7dJ\xb3\x08\xcc\xc4\
|#\xef\x17\xb2\x1c,s\xbf\xb9'\xb5\x7f\xa4iK\
\xc4\xda\xebC\xecM\xdb\xd4\xac\x9f\x8d/\x00\xc0-G\
0Xh\x17-3\xeeZMmh\x03Y\xf2\x8fb\
\x0a\xc1\xd9\x0a\xe8Wk\xd9i\x04\x02`$\xe6mP\
\x12\x1f\xec\xc0p\xc4\x11\xd97\x11c\xbb\x84\x98\xcb\xae\
<\xb5\xc2V\x14\x00@\x91C\x186\xbc\xb3\x96\xabx\
\x8bPj\xc7\xd2;\xb4\xc7\xd5\x0a\xeek\xc4\x7f'\xf6\
\x01E\x02\x04\x02\x0b1\x98\x5c\xa3\xdfW\x8b\xc1JM\
\xed\x88\xd8\xda9\xc4Z\xed\x8c+cPk\x0a\x00\x9d\
\x97c\xee\x15\xcf\xd12\x7fA\xd4\xd4\x92v\x90U\x9f\
\x10\xffZA\xcf\xa7\xcb:;\xc4X\xfd\xdfW\xfcE\
\xb0\x10\x83\x09\xd8h\xb1\x96\xc4\xfb\xfcs\x14_\xbc\xa4\
VK\x03\xcb\x18\xd5\xaa\x02\xd0\x07@Nb4X\x13\
\x1e\xcb\xf1\xa2\x13C\x8c\x1fT\x22\xf0\xd2\xd1<\xb5k\
\xf5\xfb\xd1\xb6\x96\xbe\x89\xe9#}\xe5:\x9a!\xbb`\
P\xeb\xae\xca8f\xf2!\xa6\xb4\xd8.je\x01\xc0\
E*\x02\xcc,\xc4L\xafL\xc2\xc8\xaa:3\x8f\xb4\
xq\x85\x99j\x1eR\x92\x5c*>R\xbcu\x9d\x8d\
.b\x1b}\x10\xd3\x17\xee\xd3<\xa4c\xe8#}\xa5\
\xcf\xfaYk\x22v\xf6\x0e\xb1TkC\xcb\x1a\xd7\xda\
\x02\x00 r\xdalT)\x00\x00\x05<IDAT\
\x1cs\x0cn\xafef~U\xd3\x18\xda]\x96\x9e\x22\
\xbeI\xc9\xc3\x0d\xc4\xf3\xd5\xf2(lG\xb5\xb5}\xb4\
\x88mbl\xc4Vl\xe6F\xdeM\xea\x07}\xa1O\
Zl\x0c\x113\xdb\x87\x18j\x8c\xd1\xb1\x86\xb6\xba\x00\
\x00\x86\x1cx\x97x7-\xe7\xfc\xf8\x88\xd4%#\x1e\
!\xf2\xc1\x0a\x1e\x85\xfd\x97\xa4>\xaa$c\xc6\x22\xde\
L<L\xcbs\xc4\xcf\xd7\xfa\xac\x84N1\xba\xb1\x01\
[\x98q\xe7Q\x19\x81\x8d\xd8\x8a\xcd\xd8\xaeU\x8d#\
>\xda\xb1\x9b\xe2\x86\xd1\x86\x8d3>\xc6\xe0\xd6\x17\x80\
>\x18r&\x1fb\xe0\x92\x80\xef\xb1\xf5W7\xb1\xe5\
\x0c\x80\xa9\xac\xb9&e`\x0c\x7f\xa9~\xa6d\xe4>\
\xc2\xcdj\xbf\x22\xfe\xb8\xf8h\xf1B\xf1\x5c1\x7f\x95\
_\xaa\xf6\xf9\xe2u\xc5k\x8a\x913\xd5\x7f\x96\xc5\xac\
c\x1b\xfb\xb0/\xc7p,2\x90\x85Ld\xa3\x83\xeb\
\xf7\x9f\xe9`tc\x03\xb6`\xd3\x932\xb5\xad\x89D\
lp\xcaO\xacL\xd9\xdf\xf6\xff:S\x00p\xa4\x8a\
\x00\x97\x04\x5cW\x9f\xcb\xef\x961\xd7\xd4\xafT\x9f(\
r|o\x91\xe1\xb2\xbc!w\xb1\xd6\xf1W\x99We\
I\xda_\xeb\xf7\xff\x89\x7f\xaf\xa4\x9f\x22\x96\xc5\xacc\
\x1b\xfb\xb0/\xc7p,2\x90\x85Ld\xa3\x03]:\
\xa4UDLl\x1db\xa4U\x1d\x1b\xd5\x99N\x15\x00\
\x80\x90\x83\x7f%^\xa0e\xde\xe9\xe7\xe3\xa4Zt\xea\
0\x02\xc4\xc0BbB\xccr\xa7\xa0\xe8\x5c\x01\xe8{\
W\xce>G\xcb[\x8a\xa9\xfcj\x9c:\x88\x00\xbe\xdf\
2\xc4B\x07\xbb\xdf\xebu\xb6\x00\xe0m9\x9e\x81C\
\x9c\x0d\xf0U\xa0;Y\xe7\xdc\x09\x04\xf0\xf5<\xf9\x7f\
\x81x\xc6\x81=]@\xa2\xd3\x05\xa0\xef`\x05\xc1\xf9\
Z~\x89\xb8\xa9O\x0ad\xbaSA\x04\xf0\xf1K\x82\
\xcf\x0b\x1e\xd2\xde\xdd\xbc\x00\x04\xdf* \x1e\x17s\xf7\
\x97\x9b\x5c_\x0e\xab\xbdi\x0f\x02\xf8\xf4\x95\xf8X\xfc\
x{\xba5YO\xbc\x00L\xc3O\xc1q\x8bx\x1f\
\xad\xe6\x8e\xf7\xf5j\x9d\x9a\x8d\x00>\xe4\xd1\xde>\xf2\
+S\x857\xbb7\x89\xad\xf7\x020\x03\xa0\x0a\x96\xaf\
\x8a\x19Ex\xa8v\xe1\x9aQ\x8dS\x83\x10\xc0g\x87\
\xe2C1\x8f\x7f\xa3L\xef\xca\xce^\x00\xc6xZ\xc1\
s\x96x3\xed\xc6\x1c\x84\x0c\x14\xd1\xa2S\x8d\x11\xc0\
G\xcc\xd1\xb7\x99\xfcvV\x8d\xed\xac\x85i^\x00\x0a\
\xbaA\xc1\xb4X\xbc\xb1v\xa7\x10\xb4~\x88\xa8\xfa\xd9\
4\xc2'$\xfe\xc6\xf2\x13\xa3\x13\x9bf\x7f%\xf6z\
\x01\x88\x84\x9d\xe0\x12\xbfX\x87qi\xc0\x8b.Zt\
\xaa\x10\x01|\xc0\xa9\xfe\x8b\xe5\x17O\xfcHGx\x01\
\x88\x04\xac\xbf\xbb\x82\x8dK\x03\xbe8\xcb\xcdB>L\
\xd1\xdf\xe4m\x1e\x04\xc0\x9c\x9b{\xb3\xf1EJ\x95]\
\x92\xe5\x05`Bo+\xf8\xb8Y\xb8\x97\xc4\xf0\xf8\x90\
\x0fU<\xa0e'\x1b\x04\xc0\x16\x8cy\x9c\xb7\x17\xd8\
\xdb\xa8\xe9\x8eT/\x00\x89|\xad`\xe4\xf1\xe1\x11\x12\
\xc7W\x82x\xcf\x807\xe5\xf4\xd3)\x01\x02`\x09\xa6\
\xeb\x0b\xe7#\xc4\xfe8/\x01\xa8\x88\xf0\x02\x00\x0a\x09\
Y\xc1\xc9\x80\xa2s\xd42\x07\x01\xa3\x0b\x8f\x95x\x0f\
X\x81\x10I`\x06v\x8c\xda\xe3\xdd|0\xf5\x01<\
\x91 \x8e\xdb\xdd\x0b\xc08\x84&\xd8\xae\x22p\xbb\xf8\
\xc3b.\x0f\xf8\x90\xe8\x89\x12G`\xabq\x1a\x82\x00\
\xd8\x80\xd1\xab\xc0L\x0cv\xb7\x0f\xd9\xcflU\xd7\x04\
{\x01\xc8\xe4q\x05\xf3\x8d\xe2\xe3\xc4\x14\x83\x97I\xed\
QbNm\xd5t\x9a\xc0\x00,^\x066b0b\
\x8a\xf7N\x83\x92\xab\xf3^\x00r!=\xa0GA~\
\x9b\xf8T1\x97\x09kk\x13O\x12\xb8\xb9\xc5#-\
\xfdl5\xd1G\xfaJ\x9f\xd7\x06\x031X0\x09I\
\xab;^\xc7\xcey\x01\xa8\xd8+\x0a\xfe\x87\xc5<I\
\xe0\xe6\x16\x8f\x15\xf9\x12\x0e\xc9\xc1,<|\x88\x82\xe9\
\xb7*\xb6\xb2\xb4zl\xa7\x0f\xf4\x85>m\xa0\xbe\xf2\
\xd8\x8e\xbe\xd2\xe7\x87KK\xf6\x03\x93 \xe0\x05 \x09\
\x8c\xe9\x84(A~)&9>\xa8\x96\x0fQ<[\
\xd2\xb9d\xe0#\xa8$\xd2\xd7\xf4\xfb\x0eq\xdd\x08\x9b\
\xb0\x0d\x1b\xb1\x95S\xfag\x87>\xd0\x17\xfa\xc44\xdb\
u\xb3\xfbI{\xba\xb8\xe0\x05\xa0\x01^W\x12q\xc9\
p\x9eZ\x12\xe9\x8dj7\x97\xd9k\x8a_.\xe6/\
\xeb\x22\xb5\x1f\x13/\x17\xf3i-\x92\x91\xbf\xbe\xfa\x99\
\x84\x90\x85Ld\xa3\x03]\xe8D76\xac\x89Mb\
l\xc3Fl\xf5S\xfa$\xd0\xdb\x0a\xf1\x02`\x8b\xaf\
\x99t%\xdb\xa3\xe2[\xc5\xfce=C\xed\x91\xe2\xf9\
\xe2\xbf\x16o.\xe6\xcca\x0d\x19\xf0<\xf1K\xc5\xcc\
\xda\xfbZ\xb5{\x88I\x5c>I\xb6\xbf\x96a\x96Y\
\xc76\xf6a_\x8e\xe1\xd85\x90%F&\xb2\xd1\x81\
.t\xa2\x1b\x1b\x98\x0e\x5c\xa2\x9c\x9a\x86\x80\x17\x80\xa6\
y,\xc2^%\xed\xef\xc4L{\xf6\xdfjo\x10_\
%\xbeLL\xe2^\xa8\xf6\x82\xc0,\xb3\x8em\xec\xc3\
\xbe\x1c\xc3\xb1\xbf\x8bP\xe9\xbb6\x0c\x01/\x00\x0ds\
\x98\x9bk\x83@W\xa5z\x01\xe8\xaa\xe7\xbd\xdf\x8e\x80\
\x10\xf0\x02 \x10\x9c\x1c\x81\xae\x22\xe0\x05\xa0\xab\x9e\xf7\
~;\x02B\xc0\x0b\x80@p\xea6\x02]\xee\xbd\x17\
\x80.{\xdf\xfb\xdey\x04\xbc\x00t>\x04\x1c\x80.\
#\xe0\x05\xa0\xcb\xde\xf7\xbew\x1e\x01/\x00\x9d\x0f\x81\
n\x03\xd0\xf5\xde\xff?\x00\x00\x00\xff\xff\xa9*Y+\
\x00\x00\x00\x06IDAT\x03\x00\xb6\x05n\xa6L{\
\xf87\x00\x00\x00\x00IEND\xaeB`\x82\
\x00\x00\x12[\
\x89\
PNG\x0d\x0a\x1a\x0a\x00\x00\x00\x0dIHDR\x00\
\x00\x01\x00\x00\x00\x01\x00\x08\x06\x00\x00\x00\x5cr\xa8f\
\x00\x00\x10\x00IDATx\x01\xec\x9d[\xa8\xadU\
\x15\xc7\xf7\xca\x07\xbb@I\xd8\x81P\x14B\xb3\x07K\
\x9f\x94\xc8\xcb1\x13\x8f\x0fV`\x09\x15t\xb3\xa2\xc8\
\x0b=\x84\x91\xc29\x074\x92\x1e\xc2K\x14\x95\xdd\xa0\
\x02K\xa8|P1\xf3\xa4F\xe8\x93\x96\x0f\x99\x12(\
Jp\x92\xb0\xa0\x8b\x0f\xb2\xfd\x8f\xed\x5c\x9e\xe59k\
\xefu\xf9\xe6\x98\x97o\xfc\x0es\x9c\xf9\xed\xb5\xbeo\
\xce1~c\x8c\xff^k\xed\xb5\xd7~\xcd\x06\xff \
\x00\x81\xb0\x04\x10\x80\xb0\xa9'p\x08ll \x00T\
\x01\x04\x02\x13@\x00\x02'\x9f\xd0c\x13\xb0\xe8\x11\x00\
\xa3\x80A (\x01\x04 h\xe2\x09\x1b\x02F\x00\x01\
0\x0a\x18\x04\x82\x12@\x00\x82&\x9e\xb0c\x13\x98F\
\x8f\x00LI0C  \x01\x04 `\xd2\x09\x19\x02\
S\x02\x08\xc0\x94\x043\x04\x02\x12@\x00\x02&\x9d\x90\
c\x13\x98\x8d\x1e\x01\x98\xa5\xc11\x04\x82\x11@\x00\x82\
%\x9cp!0K\x00\x01\x98\xa5\xc11\x04\x82\x11@\
\x00\x82%\x9cpc\x138<z\x04\xe0p\x22|\x0d\
\x81@\x04\x10\x80@\xc9&T\x08\x1cN\x00\x018\x9c\
\x08_C \x10\x01\x04 P\xb2\x0956\x81y\xd1\
#\x00\xf3\xa8p\x1b\x04\x82\x10\xe8Z\x00677\x8f\
\x93\x9d/\xfb\xacl\x9f\xec&\xd9\xad\xb2\x1f5l?\
\x93o\xbf\x93=\x22{<\x99\x1d\xdbmv_\xcb\xbe\
G\xf7\xcdj\xcbj\xccj\xcdj\xcej\xef\xb8\x9e\xb5\
\xa2+\x01P\xb3\x9c$\xbbB\xf6+\xd9?\x04\xfe\x19\
\xd9oe\xdf\x95\xed\x95]!\xfb\xb4\xec\x13\x0d\xdbG\
\xe4\xdby\xb2\xd3doOf\xc7v\x9b\xdd\xd7\xb2\xef\
\xd1}\xb3\xda\xb2\x1a\xb3Z\xb3\x9a\xb3\xda{\xc6jQ\
f5i\xb5y\x92r\xda\xcdh^\x00\x04\xf6h\xd9\
\xe7e\x0f\x88\xea\x13\xb2\x9bd\x1f\x90\x1d+c@\xa0\
\x05\x02V\x8bV\x93V\x9bOX\xad\xca\xacf\x8fn\
\xc19\xf3a;kV\x00\x04\xf0X\xd9\xf5r\xfc\xa0\
\xec\xdb\xb2\xb3d\x0c\x08\xf4@\xc0j\xd5j\xf6\xa0\xd5\
\xb0\xcc\x04\xa2I\xbf\x9b\x14\x00\x01\xfb\xaah=-\xb3\
\xf9\x8d\x9a\x19\x10\xe8\x91\x80\xd5\xae\xd5\xf0\xd3\xa9\xa6\x9b\
\x8b\xa1)\x01\x10\xa4=\xb2?\x8b\x92}\xe7\x7f\x9df\
\x06\x04\xc6@\xc0j\xf9z\xabm\xd9\x9e\x96\x02jF\
\x00\x04\xe6\xeb\x02s\xa7\xecT\x19\x03\x02c$`\xb5\
}g\xaa\xf5b\xf1\xed\xb4Qu\x01\x10\x8c]\xb2\xbb\
\xe4\xe4\xd52\x06\x04\x22\x10\xb8\xdaj^\xb6\xabv\xb0\
U\x05@\x00\xde%\x00\xf7\xcb.\x941 \x10\x89\x80\
\xd5\xfc\xfd\xa9\x07\xaa\xc5]M\x00\x14\xf8\x19\x8a\xfa\x1e\
\xd9)2\x06\x04\x22\x12\xb0\xda\xbf'\xf5B\x95\xf8\xab\
\x08\x80\x02\xb6\xef\xfcw(\xe2\xea\x0f\x81\xe4\x03\x03\x02\
5\x09X\x0f\xdc\x91z\x22\xbb\x1f\x8b\x16,.\x00\x0a\
\xd4\x02\xbeM\x8e\xd9\xac\x89\x01\x81\xf0\x04\xac\x17nK\
\xbdQ\x14Fq\x01Pt?\x91\xd9C\x1fM\x0c\x08\
@ \x11\xb0\x9e\xb0\xdeH_\x96\x99\x8a\x0a\x80\x14\xce\
~\xd4g/~\x94\x89\x8e] \xd0\x17\x81\x0bS\x8f\
\x14\xf3\xba\x98\x00(0{\x03\x04?\xea+\x96Z6\
\xea\x94\x80\xfd\x88\xd0ze\xb0\xfb\xcb,PL\x00\xe4\
\xcc7d\x0c\x08@`1\x81b\xbdRD\x00\xf4\xdd\
\xdf\xde\x0fm\xef\x82Z\x1c:g@\x00\x02\xa7\xa6\x9e\
q'\xe1.\x00\x0a\xc4~\x13\xeaZ\xf7H\xd8\x00\x02\
\xe3\x22pm\xea\x1d\xd7\xa8\xdc\x05@\xde\x7fIf\xbf\
\x0c\xa1\x89\x01\x01\x08,I\xc0z\xc6zg\xc9\xd3_\
}\xda\xb2_\xb9\x0a\x80\x14\xcc>\x10\xe1\xf2e\x9d\xe1\
<\x08@\xe0U\x04.O=\xf4\xaa\x1bs~\xe1*\
\x00r\xf4S2\xfb\x9dhM\x0c\x08@`E\x02\xd6\
;\xd6C+^\xb6\xfc\xe9\xde\x02\xf0\xb1\xe5]\xc9r\
\xe6\xa3Z\xc5\xdeb\xfc\x0b\xcd5\xed)\xed\x9f{\xd8\
\x9a5cb\xef\x8d\x0d\xab-\xab\xb1\xdc\xb9\xddi=\
\xd7\x1er\x13\x00=t\xb1\x0fG\xb4\x8fF\xda)\xb8\
\x1c\xf7=\xacE>#;f2\x99\x9c.{\xbf\xec\
\xd2\x9a&_\x0e\xc8r\x8f\x035cb\xef\x89\xd5\x94\
\xd5\xd6\xe9J\xec12\xab9\xab=\x1d\xba\x8e\xb3R\
/-\xbd\xc9*'\xba\x09\x80\x9c\xb8H\xe69^\xd4\
\xe2\x97\xab0\xcf\x94\xdd*\xfb\x97\xbef@\xc0\x9d\x80\
\xd5\x9a\xccj\xeeLmf\xafqY-\xea\xd0m\xb8\
\xf5\x92\xa7\x00\x9c\xef\x86cc\xe3\xefZ\xfbl%\xe1\
[\x9a\x19\x10\xa8F \xd5\xe0\xd9r\xc0jR\x93\xcb\
p\xeb%O\x01x\x8f\x0b\x8a\x8d\x0dS\xdbK\x04\xfe\
\x8fN\xeb\xb3,\x04V\x22\x90j\xf1\x12]d\xb5\xa9\
)\xfb\xf0\xea\xa5\x0d\x17\x01H\xcfY\xec\x0d@\xd9I\
h\xc1\xab\x12p\x1d2 \xd0\x06\x81T\x93W9y\
c\x1f\x91\xbf\xd4_ Zu\x7f\x17\x01\x90\x13'\xca\
<\xc6\xc3\x02\xcd\xc3~\x0f\xb2\xac9\x98@\xaaM\xaf\
\x17\x06\xdf1\xd8\xc19\x0bx\x09\xc0\xdb\xe6\xec\x95\xe3\
&\xfbsL9\xd6a\x0d\x08x\x11\xf0\xaaQ\x97\x9e\
\xf2\x12\x00\x97\x87+\xca\xd8/e\x0c\x08\xb4L\xc0\xab\
F]z\xcaK\x00\xde\xec\x90\xa1G\xf5\x10\x8b\x1f\xf5\
9\x80e\xc9|\x04R\x8dz\xbcYhaO\xad\x13\
\x85\x97\x00\xbca\x1dg\x16\x5cc\x7f*l\xc1)\xdc\
\x0d\x81&\x08x\xd4\xaaGO\xf9\xfc\x14@)8J\
\x96{\xfc?\xf7\x82\xac\x07\x01'\x02\x1e\xb5\xea\xd1S\
n\x02\xe0\xc4\x95e!\x00\x81\x9c\x04\xbc\x9e\x02\xe4\xf4\
\x91\xb5 \x00\x81\x05\x04\xd6\xbd\x1b\x01X\x97\x1c\xd7A\
`\x04\x04\x10\x80\x11$\x91\x10 \xb0.\x01\x04`]\
r\x5c\x07\x81\x11\x10@\x00F\x90DB\x88M`H\
\xf4\x08\xc0\x10z\x5c\x0b\x81\xce\x09 \x00\x9d'\x10\xf7\
!0\x84\x00\x020\x84\x1e\xd7B\xa0s\x02\x08@\xe7\
\x09\xc4\xfd\xd8\x04\x86F\x8f\x00\x0c%\xc8\xf5\x10\xe8\x98\
\x00\x02\xd0q\xf2p\x1d\x02C\x09 \x00C\x09r=\
\x04:&\x80\x00t\x9c<\x5c\x8fM G\xf4\x08@\
\x0e\x8a\xac\x01\x81N\x09 \x00\x9d&\x0e\xb7!\x90\x83\
\x00\x02\x90\x83\x22k@\xa0S\x02\x08@\xa7\x89\xc3\xed\
\xd8\x04rE\x8f\x00\xe4\x22\xc9:\x10\xe8\x90\x00\x02\xd0\
a\xd2p\x19\x02\xb9\x08 \x00\xb9H\xb2\x0e\x04:$\
\x80\x00t\x984\x5c\x8eM g\xf4\x08@N\x9a\xac\
\x05\x81\xce\x08 \x00\x9d%\x0cw!\x90\x93\x00\x02\x90\
\x93&kA\xa03\x02\x08@g\x09\xc3\xdd\xd8\x04r\
G\x8f\x00\xe4&\xcaz\x10\xe8\x88\x00\x02\xd0Q\xb2p\
\x15\x02\xb9\x09 \x00\xb9\x89\xb2\x1e\x04:\x22\x80\x00t\
\x94,\x5c\x8dM\xc0#z\x04\xc0\x83*kB\xa0\x13\
\x02\x08@'\x89j\xdd\xcd\xcd\xcd\xcd\xdd\xc9\xf6i\x9e\
\xda\xee\xd6\xfd\x8e\xee\x1f\x02\x10\xbd\x02\x06\xc6\xaff\xb7\
\xc6\xdf\xd42\xf7%\xdb\xabyj\xf7\xe9~\x1b&\x08\
\x88\x81\xc0\xb46\x10\x80\xd62\xd2\x91?\xea\xeci\xd3\
/\xf2\xda\x04\xc1\xc4`\xdf\xa2\x13\xb9\x7f>\x01\xaf[\
\x11\x00/\xb2#^W\x8d?\xfd\xae\xbf\xeaw\xf5\xbd\
\xba\xd6Dc\xc4t\xfa\x0a\x0d\x01\xe8+_\xadx;\
\xa4\x89M<\x86\x5c\xdf\x0a\x83Q\xf8\x81\x00\x8c\x22\x8d\
\xe5\x82\xd0w\xf0\x1c\x0f\xe3\x11\x81r)\xdbq'\x04\
`G<\xdc9K 5\xbf=\x9f\x9f\xbdy\xddc\
D`Ir\x9e\xa7!\x00\x9etY{\x11\x01D`\
\x11!\xe7\xfb\x11\x00g\xc0#[\xfe\x5c\x87x\x10\x01\
\x07\xa8\xcb.\x89\x00,K\x8a\xf3\x8c\xc0\xaa\xaf\xfa\xdb\
5\xcb\x18\x22\xb0\x0c%\x87s\x10\x00\x07\xa8c\x5cR\
\xcf\xff\xbd\x9a\x7f\x8a\x0b\x11\x98\x92\x98\x99\xbd\x0f\x11\x00\
o\xc2\xac\xbf\x0a\x01D`\x15Z\x19\xceE\x002@\
\x8c\xb0\xc4d29P(ND\xa0\x10h\xdb\x06\x01\
0\x0a\xd8\xb2\x04\x10\x81eIur\x1e\x02\xd0I\xa2\
\x02\xba\x19\xfe\x91@\x89\x9c#\x00%(\x8fg\x8f\xfd\
\x85CA\x04\x9c\x81#\x00\xce\x80\xc7\xb4|z\x1d\x00\
\x11\x18QR\x11\x80\x11%\xb3D(\x12\x01\xfb]\x80\
R\xaf\x05LC\xe2\x91\xc0\x94D\xe6\x19\x01\xc8\x0c4\
\xc8r\xa5\x1f\x05\x18\xd6P\x22`\x01\x970\x04\xa0\x04\
\xe5\x91\xed\xa1G\x01\xf6\x08\x00\x11\x18A^\x11\x80\x11\
$\xb1F\x08\x12\x01{*\x80\x08\xd4\x80\x9fqO\x04\
 #\xcchK!\x02\xfdg\x1c\x01\xe8?\x87U#\
@\x04\xf2\xe3/\xb9\x22\x02P\x92\xf6H\xf7B\x04\xfa\
M,\x02\xd0o\xee\x9a\xf2\x1c\x11h*\x1dK;\x83\
\x00,\x8d\x8a\x13\x17\x11@\x04\x16\x11j\xef~\x04\xa0\
\xbd\x9ct\xed\x11\x220,}\xa5\xafF\x00J\x13\x0f\
\xb0\x1f\x22\xd0O\x92\x11\x80~r\xd5\x95\xa7\x88@\x1f\
\xe9B\x00\xfa\xc8S\x97^\x22\x02\xed\xa7\x0d\x01h?\
G]{\x88\x08,\x9f\xbe\x1ag\x22\x005\xa8\x07\xdb\
\x13\x11h7\xe1\x08@\xbb\xb9\x19\x95g\x88@\x9b\xe9\
D\x00\xda\xcc\xcb(\xbdB\x04\xdaK+\x02\xd0^N\
F\xed\x11\x220?\xbd\xb5nE\x00j\x91\x0f\xbc/\
\x22\xd0N\xf2\x11\x80vr\x11\xca\x93\xca\x22`\x9fe\
\x10\x8a\xf7v\xc1\x22\x00\xdb\x91\xe1vw\x02\x15E`\
o\x81?u\xe6\xce/\xc7\x06\x08@\x0e\x8a\xac\xb16\
\x81\x9a\x22\xb0\xb6\xd3\x99/\xac\xb9\x1c\x02P\x93>{\
o\x11\xa8$\x02\xf6!\xa3\xbb\xb7\x1c\x08\xfc\x1f\x02\x10\
8\xf9-\x85^K\x04ZbP\xc3\x17\x04\xa0\x06u\
\xf6\x9cK\xa0\x82\x08\x9c;\xd7\x91@7\x22\x00\x81\x92\
\xddC\xa8\x85E\xa0\xfaS\x80\xda9A\x00jg\x80\
\xfd!P\x91\x00\x02P\x11>[\x1fI@?\x9e\xb3\
\x9f\xd1\xef=\xf2\x1e\x97[\xec\x0f\x9c\xb8,\xdc\xcb\xa2\
\x08@/\x99\x0a\xe0g\xe1\xe67\xa2\xbf\xb7\xff\x22\x1b\
\x02\x109\xfb\x0d\xc5^\xa1\xf9\xabG\xdf\x82\x03\x08@\
\x0bY\x08\xeeC\xad\xe6O/8\x86\xa6\x8f\x00\x84N\
\x7f\xfd\xe0k5\xbf\x22\xaf\xf1w\x0d\xb5m[\x03\x01\
h+\x1f\xa1\xbc\xa9\xd9\xfc|\xf7\x7f\xb9\xd4\x10\x80\x97\
9\xf0\x7fa\x02\x15\x9b\xff@\x0b\xcd_\x18\xf7\xb6\xdb\
!\x00\xdb\xa2\xe1\x0e/\x02\x95\x9b\xff<\xaf\xb8z\x5c\
\x17\x01\xe81k\x1d\xfbL\xf3\xb7\x95<\x04\xa0\xad|\
\x8c\xda\x1b\x9a\xbf\xbd\xf4\x22\x00\xed\xe5d\x94\x1e\xd1\xfc\
\x87\xd2\xda\xd2\x11\x02\xd0R6F\xea\x0b\xcd\xdfnb\
\x11\x80vs3\x0a\xcfh\xfe\xb6\xd3\x88\x00\xb4\x9d\x9f\
\xae\xbd\xa3\xf9\xdbO\x1f\x02\xd0~\x8e\xba\xf4\x90\xe6\x9f\
\x9f\xb6\xd6nE\x00Z\xcb\xc8\x08\xfc\xa1\xf9\xfbI\x22\
\x02\xd0O\xae\xba\xf0\x94\xe6\xef\x22M\xaf8\x89\x00\xbc\
\x82\x82\x83\xa1\x04h\xfe\xa1\x04\xcb_\x8f\x00\x94g>\
\xca\x1di\xfe\xc5im\xf1\x0c\x04\xa0\xc5\xact\xe6\x13\
\xcd\xdfY\xc2f\xdcE\x00f`p\xb8:\x01\x9a\x7f\
uf-]\x81\x00\xb4\x94\x8d\xce|\xa1\xf9;K\xd8\
\x1cw\x11\x809P\xb8i1\x01\x9a\x7f1\xa3\xd93\
Z=F\x00Z\xcdL\xc3~\xd1\xfc\x0d'gE\xd7\
\x10\x80\x15\x81q\xfa\x16\x81R\x9f\xdb\xbf\xb5Y\xfa\xcf\
>\xc9\x87\x0f\xf3H0rM\x08@.\x92A\xd6I\
\xdf\xfdKGK\xf3;\x11G\x00\x9c\xc0\x8eq\xd9\xd4\
\xfc\xa5\xbf\xfbw\xdf\xfc-\xd7\x02\x02\xd0rv\xf0\x8d\
\xe6w\xae\x01\x04\xc0\x19\xf0\xc8\x96?\xb7`<4\x7f\
\x01\xd8\x08@\x01\xc8#\xdabw\xa1Xh\xfeB\xa0\
\x11\x80B\xa0{\xdfF\xcf\xffi\xfe5\x92\xd8\xfa%\
\x08@\xeb\x19\x8a\xe5\x1f\xdf\xf9\x0b\xe7\x1b\x01(\x0c\xbc\
\xd7\xed&\x93\xc9\x01g\xdfi~g\xc0\xf3\x96G\x00\
\xe6Q\xe1\xb6\xed\x08x\x89\x00\xcd\xbf\x1dq\xe7\xdb\x11\
\x00g\xc0,\xbf\x90\xc0h\x9b\x7fa\xe4\x0d\x9c\x80\x00\
4\x90\x84\x8e\x5c\xd8\x9f\xd9W\x9a?3\xd0U\x97C\
\x00V%\x16\xf8\xfc\xf4:@.\x11\xa0\xf9\x1b\xa8%\
\x04\xa0\x81$\xf4\xe4\x82D`\x9f\xfc\x1d\xfaZ\x00\xcd\
/\x88-\x0c\x04\xa0\x85,\xf4\xe7\xc3\x90G\x01!\x9a\
\xbf\x97\x94\x22\x00\xbdd\xaa!?\xf5(\xc0\x9ax\x22\
\x97V\x15\x82\xfd\xba\x96_\xe9\x15\xb8V\x06\x02\xd0J\
&:\xf4C\xcdlO\x07\x96\x11\x01{\xcap^:\
\xbf\xc3H\xc7\xeb2\x020\xde\xdc\x16\x89\xcc\x9aZ\xb6\
5\xb4\xa1\x89\x81\xd9V\xc3\xebkkz\xbb\xcff\xbb\
M71Z\x22\x80\x00\xb4\x94\x8d\xce}Q\xa7\xefK\
\xb6\xd5\xf0:\x0e\xd9\xf4=\xa5\x11\x01\xe8)[\xf8\x0a\
\x81\xcc\x04\x10\x80\xcc@Y\x0e\x02=\x11@\x00z\xca\
\x16\xbeB 3\x01\x04 3P\x96\x8bM\xa0\xb7\xe8\
\x11\x80\xde2\x86\xbf\x10\xc8H\x00\x01\xc8\x08\x93\xa5 \
\xd0\x1b\x01\x04\xa0\xb7\x8c\xe1/\x042\x12@\x002\xc2\
d\xa9\xd8\x04z\x8c\x1e\x01\xe81k\xf8\x0c\x81L\x04\
\x10\x80L Y\x06\x02=\x12@\x00z\xcc\x1a>C\
 \x13\x01\x04 \x13H\x96\x89M\xa0\xd7\xe8\x11\x80^\
3\x87\xdf\x10\xc8@\x00\x01\xc8\x00\x91% \xd0+\x01\
\x04\xa0\xd7\xcc\xe17\x042\x10@\x002@d\x89\xd8\
\x04z\x8e\x1e\x01\xe89{\xf8\x0e\x81\x81\x04\x10\x80\x81\
\x00\xb9\x1c\x02=\x13@\x00z\xce\x1e\xbeC` \x01\
\x04` @.\x8fM\xa0\xf7\xe8\x11\x80\xde3\x88\xff\
\x10\x18@\x00\x01\x18\x00\x8fK!\xd0;\x01\x04\xa0\xf7\
\x0c\xe2?\x04\x06\x10@\x00\x06\xc0\xe3\xd2\xd8\x04\xc6\x10\
=\x020\x86,\x12\x03\x04\xd6$\x80\x00\xac\x09\x8e\xcb\
 0\x06\x02\x08\xc0\x18\xb2H\x0c\x10X\x93\x00\x02\xb0\
&8.\x8bM`,\xd1#\x00c\xc9$q@`\
\x0d\x02\x08\xc0\x1a\xd0\xb8\x04\x02c!\x80\x00\x8c%\x93\
\xc4\x01\x815\x08x\x09\xc0\x8bk\xf8\xb2\xe8\x92\xd7.\
:\x81\xfb!P\x82\xc0\x12{x\xd4\xaaGOmx\
\x09\xc0\x7f\x96\x80\xb4\xea)'\xacz\x01\xe7C\xa0\x12\
\x01\x8fZ\xf5\xe8)7\x01\xf8\xa7\x03\xf8\xd3677\
\xdf\xe4\xb0.KB \x1b\x81T\xa3\xa7e[\xf0\xd0\
B\x1e=\xe5&\x00\xcf\x1e\xf2;\xeb\xd1\x87\xb2\xae\xc6\
b\x10\xc8O\xc0\xabF]z\xca\xeb)\xc0\xdf\xf2s\
\xddZ\xf1s[\xff\xf3\x1f\x04*\x11Xb[\xaf\x1a\
u\xe9)/\x01\xf8\xcb\x12\xa0\xd69\xe5\x0c=\xc4\xfa\
\xe2:\x17\x8e\xe0\x9a\xd7\x8f \x86Q\x87\x90j\xf3\x0c\
\xa7 \x9f\xf2X\xd7E\x00&\x93\x89=\x5cy\xce\xc3\
a\xady\xa3@\xbf[3\x03\x02\xcd\x10H5y\xa3\
\x93C\xcf\xa9\xa7\x9e\xf4X\xdbE\x00\x92\xa3\x7fHs\
\xee\xe9(-x{\x02\xaeC\x06\x04\xea\x12H\xb5x\
\xbb\xbc\xb0\xda\xd4\x94}x\xf5\x92\xdb\x8b\x80F\xe0^\
\xfb\xcf\xc9\xde\xaau\x1f\x10\xf8\xa8O\x07\x14>\xa34\
\x81y\xfb\xa5\x1a|@\xf7YMjr\x19n\xbd\xe4\
\xf9\x08\xe0N\x17\x14\x87\x165\xb5\xbdE\x09xHv\
\x99l\xec?\x22\xfc\xef\xa1\xd09\xaaI\xc0jMf\
5\xf7\x90\xfc\xb8Ef\xb5\xa8\xc9m\xb8\xf5\x92\x9b\x00\
\xa4\xe7,\x0f\xba!9\xb4\xb0\xbd\xe8\xf2}}\xf9\xbc\
\x92\xf2\x88\xec7\xb2\xdbj\x9a|\xd9-\xcb=v\xd7\
\x8c\x89\xbd7\xad\xa6\xac\xb6\x1eQb\x9f\x97Y\xcdY\
\xed\xe9\xd0u<\x98z\xc9e\x137\x01H\xde\xfe4\
\xcd\xa5&{\x03\xc6\xc5\xda\xec\xc3\x95\xedD\xed\x9f{\
\xd8\x9a\xb5\xe3\x8a\xbe\xbf\xd5\x96\xd5X\xee\xdc\xee\xb4\x9e\
k\x0fy\x0b\xc0\x0f\x15\xd9\xbfe\x0c\x08tM\xa0\x92\
\xf3\xd6;\xd6Cn\xdb\xbb\x0a\x80\x1e\xba\xbc \xcf\xed\
9\x92&\x06\x04 \xb0\x22\x81[R\x0f\xadx\xd9\xf2\
\xa7\xbb\x0a@r\xe3\x9b\x9a\xff'c@\x00\x02\xcb\x13\
\xb0\x9e\xb1\xdeY\xfe\x8a5\xcet\x17\x00)\x98\xbd!\
\xe8\xba5|\xe3\x12\x08D&p]\xea\x1dW\x06\xee\
\x02`\xde+\x90\xafi~L\xc6\x80@w\x04*8\
\xfcX\xea\x19\xf7\xad\x8b\x08@\x8a\xe2\xcbif\x82\x00\
\x04v&P\xacW\x8a\x09\x80\x14\xed.\xc5|\x83\x8c\
\x01\x01\x08lO\xe0\x86\xd4+\xdb\x9f\x91\xf1\x9eb\x02\
`>+\xb0\xafh\xbe[\xc6\x80\x00\x04\x8e$pw\
\xea\x91#\xefq\xba\xa5\xa8\x00\xa4\x18>\xae\xf9q\x19\
\x03\x02\xcd\x13(\xe8\xa0\xf5\x84\xf5F\xc1-7\x5c\x7f\
\x19hn R\xb8\x83\xba\xe3R\x99\xcd\x9a\x18\x10\x08\
O\xc0z\xe1\xd2\xd4\x1bEa\xd4x\x04\xb0\xa1@\xff\
\xa4(\xedm\x95\x16\xb8\x0e\x19\x10\x08K\xc0z\xe0\xe2\
\xd4\x13\xc5!T\x11\x00\x8bR\x01?\xac\xf9\x02\x99=\
\xf4\xd1\xc4\x80@8\x02V\xfb\x17\xa4^\xa8\x12|5\
\x01\xb0h\x15\xb8=\x128G\xc7\xbc0(\x08\x8c\xb6\
\x088{c5\x7fN\xea\x01\xe7\xad\xb6_\xbe\xaa\x00\
\x98[\x02pP\xb6G\xc7\xfc\x88P\x10\x18!\x08\xd8\
\x8f\xfa\xf6\xa8\xee\xed\xe1\x7f\xe5\xd9\xb0*\x00\x00\x02\x04\
IDAT\xd5\x80\xab\x0b\xc04z\xc1\xb0\x1f\x11^\
\xa4\xafy\xc7\xa0 0FI\xc0j\xfb\xa2T\xebM\
\x04\xd8\x8c\x00\x18\x0d\x81\xb9K\xf6N\x1d_#\xb3_\
\x86\xd0\xc4\x80@\xf7\x04\xac\x96\xaf\xb1\xda\x96\xd9\x1b\xe2\
\x9a\x09\xa8)\x01\x98R\x11$\xfb\xdd\x01\xfb\xf3J6\
\xdb\xefDO\xefb\x86@\x11\x02\x996\xb1\xda\xb5\x1a\
>!\xd5t\xa6e\xf3-\xd3\xa4\x00Xx\x02f\x1f\
\x85l\x8f\x04v\xe9\xeb/\xc8J|\xbc\x98\xb6a@\
`0\x01\xabU\xab\xd9]\xaac\xfb\xceo\xbf\x11;\
xQ\x8f\x05\x9a\x15\x80i\xb0\x02\xf8\x82\xec;\xb2\xb3\
u\xdb\xc9\xb2+e\xbf\x965\x0bU\xbe1b\x11\xb0\
Z\xb4\x9a\xb4\xda<\xd9jUf5k\x1f\x88\xd34\
\x89\xe6\x05`\x96\x9e\xa0>)\xbbY\xf6A\xd9[t\
\xdf\xf1\xb2\xf7\xc9\xec\xcf1\xed\xd7|\xb3\xec\x07\xb2\x1f\
7l?\x97o\xf7\xc9\x1e\x95\xfd5\x99\x1d\xdbmv\
_\xcb\xbeG\xf7\xcdj\xcbj\xccj\xcdj\xcej\xef\
x\xabE\x99\xd5\xa4\xd5\xa6\xcb\x1f\xf0P\x9d\xb8\x8c\xae\
\x04\xe0p\x02\x82\xfe\xac\xec^\xd9\xf7d\xfbdW\xca\
.\x93}\xb2a\xfb\xa8|{\xaf\xect\xd9)\xc9\xec\
\xd8n\xb3\xfbZ\xf6=\x84o\xca\xc9vqZmY\
\x8dY\xadY\xcdY\xed\xd9_\xc1:\xbc4\xbb\xf9\xba\
k\x01\xe8\x862\x8eB\xa0Q\x02\x08@\xa3\x89\xc1-\
\x08\x94 \x80\x00\x94\xa0\xcc\x1e\x10h\x94\x00\x02\xd0h\
bp\xab\x0e\x81h\xbb\x22\x00\xd12N\xbc\x10\x98!\
\x80\x00\xcc\xc0\xe0\x10\x02\xd1\x08 \x00\xd12N\xbc\x10\
\x98!\x80\x00\xcc\xc0\xe006\x81\x88\xd1#\x00\x11\xb3\
N\xcc\x10H\x04\x10\x80\x04\x82\x09\x02\x11\x09 \x00\x11\
\xb3N\xcc\x10H\x04\x10\x80\x04\x82)6\x81\xa8\xd1#\
\x00Q3O\xdc\x10\x10\x01\x04@\x10\x18\x10\x88J\x00\
\x01\x88\x9ay\xe2\x86\x80\x08 \x00\x82\xc0\x88M r\
\xf4\x08@\xe4\xec\x13{x\x02\x08@\xf8\x12\x00@d\
\x02\x08@\xe4\xec\x13{x\x02\x08@\xf8\x12\x88\x0d \
z\xf4/\x01\x00\x00\xff\xff\xa8\xde\xee\xbc\x00\x00\x00\x06\
IDAT\x03\x00\x93#\xe8y\x9c\xe2m\xe1\x00\x00\
\x00\x00IEND\xaeB`\x82\
"

qt_resource_name = b"\
\x00\x09\
\x0alxC\
\x00r\
\x00e\x00s\x00o\x00u\x00r\x00c\x00e\x00s\
\x00\x05\
\x00o\xa6S\
\x00i\
\x00c\x00o\x00n\x00s\
\x00\x05\
\x00z\xc0%\
\x00s\
\x00t\x00y\x00l\x00e\
\x00\x11\
\x0f\x04%\xe3\
\x00c\
\x00u\x00s\x00t\x00o\x00m\x00_\x00s\x00t\x00y\x00l\x00e\x00s\x00.\x00q\x00s\x00s\
\
\x00\x11\
\x08g\x18\xb3\
\x00S\
\x00t\x00r\x00u\x00c\x00t\x00u\x00r\x00a\x00l\x00G\x00T\x00.\x00i\x00c\x00n\x00s\
\
\x00\x04\
\x00\x06\xa8\x8b\
\x00d\
\x00a\x00r\x00k\
\x00\x10\
\x07\x86q\x7f\
\x00S\
\x00t\x00r\x00u\x00c\x00t\x00u\x00r\x00a\x00l\x00G\x00T\x00.\x00i\x00c\x00o\
\x00\x10\
\x07\x86i\xa7\
\x00S\
\x00t\x00r\x00u\x00c\x00t\x00u\x00r\x00a\x00l\x00G\x00T\x00.\x00p\x00n\x00g\
\x00\x05\
\x00r\xfd\xf4\
\x00l\
\x00i\x00g\x00h\x00t\
\x00\x0b\
\x0cj,G\
\x00r\
\x00e\x00f\x00r\x00e\x00s\x00h\x00.\x00p\x00n\x00g\
\x00\x08\
\x03gY\xa7\
\x00p\
\x00l\x00o\x00t\x00.\x00p\x00n\x00g\
\x00\x0f\
\x0f\x159'\
\x00p\
\x00a\x00n\x00e\x00l\x00_\x00c\x00l\x00o\x00s\x00e\x00.\x00p\x00n\x00g\
\x00\x08\
\x0c\xf7Y\xc7\
\x00n\
\x00e\x00x\x00t\x00.\x00p\x00n\x00g\
\x00\x0b\
\x06\xf4\x9c\x07\
\x00c\
\x00o\x00n\x00s\x00o\x00l\x00e\x00.\x00p\x00n\x00g\
\x00\x0c\
\x0b\xdf!G\
\x00s\
\x00e\x00t\x00t\x00i\x00n\x00g\x00s\x00.\x00p\x00n\x00g\
\x00\x0b\
\x0b\x8d\x9dG\
\x00m\
\x00o\x00n\x00i\x00t\x00o\x00r\x00.\x00p\x00n\x00g\
\x00\x0c\
\x087\xcdG\
\x00p\
\x00r\x00e\x00v\x00i\x00o\x00u\x00s\x00.\x00p\x00n\x00g\
\x00\x0b\
\x05\x03\x9b'\
\x00z\
\x00o\x00o\x00m\x00_\x00i\x00n\x00.\x00p\x00n\x00g\
\x00\x0c\
\x06\xeb\x91\xa7\
\x00z\
\x00o\x00o\x00m\x00_\x00o\x00u\x00t\x00.\x00p\x00n\x00g\
\x00\x0e\
\x06Y\x0e'\
\x00p\
\x00a\x00n\x00e\x00l\x00_\x00o\x00p\x00e\x00n\x00.\x00p\x00n\x00g\
"

qt_resource_struct = b"\
\x00\x00\x00\x00\x00\x02\x00\x00\x00\x01\x00\x00\x00\x01\
\x00\x00\x00\x00\x00\x00\x00\x00\
\x00\x00\x00\x00\x00\x02\x00\x00\x00\x02\x00\x00\x00\x02\
\x00\x00\x00\x00\x00\x00\x00\x00\
\x00\x00\x00\x18\x00\x02\x00\x00\x00\x05\x00\x00\x00\x05\
\x00\x00\x00\x00\x00\x00\x00\x00\
\x00\x00\x00(\x00\x02\x00\x00\x00\x01\x00\x00\x00\x04\
\x00\x00\x00\x00\x00\x00\x00\x00\
\x00\x00\x008\x00\x00\x00\x00\x00\x01\x00\x00\x00\x00\
\x00\x00\x01\x9cgC\x961\
\x00\x00\x00\x88\x00\x02\x00\x00\x00\x0b\x00\x00\x00\x15\
\x00\x00\x00\x00\x00\x00\x00\x00\
\x00\x00\x00\xe2\x00\x02\x00\x00\x00\x0b\x00\x00\x00\x0a\
\x00\x00\x00\x00\x00\x00\x00\x00\
\x00\x00\x00\xbc\x00\x00\x00\x00\x00\x01\x00\x00\x97\xb4\
\x00\x00\x01\x9c\x10\xd0O=\
\x00\x00\x00\x96\x00\x01\x00\x00\x00\x01\x00\x00ZO\
\x00\x00\x01\x9c\x10\xd0O<\
\x00\x00\x00`\x00\x00\x00\x00\x00\x01\x00\x00\x007\
\x00\x00\x01\x9c\x10\xd0O;\
\x00\x00\x01\x0e\x00\x00\x00\x00\x00\x01\x00\x00\xe0\x0f\
\x00\x00\x01\x9c\x10\xd0O>\
\x00\x00\x01\xd2\x00\x00\x00\x00\x00\x01\x00\x01\xa2}\
\x00\x00\x01\x9c\x10\xd0O>\
\x00\x00\x02\x0c\x00\x00\x00\x00\x00\x01\x00\x01\xeb\x1d\
\x00\x00\x01\x9c\x10\xd0O>\
\x00\x00\x01\xee\x00\x00\x00\x00\x00\x01\x00\x01\xc7\x8d\
\x00\x00\x01\x9c\x10\xd0O>\
\x00\x00\x01^\x00\x00\x00\x00\x00\x01\x00\x014\x0d\
\x00\x00\x01\x9c\x10\xd0O>\
\x00\x00\x01\xb4\x00\x00\x00\x00\x00\x01\x00\x01|\xc6\
\x00\x00\x01\x9c\x10\xd0O>\
\x00\x00\x01\x98\x00\x00\x00\x00\x00\x01\x00\x01h\x99\
\x00\x00\x01\x9c\x10\xd0O>\
\x00\x00\x01z\x00\x00\x00\x00\x00\x01\x00\x01F\x88\
\x00\x00\x01\x9c\x10\xd0O>\
\x00\x00\x00\xf2\x00\x00\x00\x00\x00\x01\x00\x00\xc8\xdb\
\x00\x00\x01\x9c\x10\xd0O>\
\x00\x00\x01H\x00\x00\x00\x00\x00\x01\x00\x01\x0e\x1c\
\x00\x00\x01\x9c\x10\xd0O>\
\x00\x00\x01$\x00\x00\x00\x00\x00\x01\x00\x00\xfc\x1a\
\x00\x00\x01\x9c\x10\xd0O>\
\x00\x00\x01\x0e\x00\x00\x00\x00\x00\x01\x00\x02\x15\xea\
\x00\x00\x01\x9c\x10\xd0O=\
\x00\x00\x01\xd2\x00\x00\x00\x00\x00\x01\x00\x02\xe3'\
\x00\x00\x01\x9c\x10\xd0O=\
\x00\x00\x02\x0c\x00\x00\x00\x00\x00\x01\x00\x03/\xda\
\x00\x00\x01\x9c\x10\xd0O=\
\x00\x00\x01\xee\x00\x00\x00\x00\x00\x01\x00\x03\x0a7\
\x00\x00\x01\x9c\x10\xd0O=\
\x00\x00\x01^\x00\x00\x00\x00\x00\x01\x00\x02n2\
\x00\x00\x01\x9c\x10\xd0O=\
\x00\x00\x01\xb4\x00\x00\x00\x00\x00\x01\x00\x02\xbb\x1e\
\x00\x00\x01\x9c\x10\xd0O=\
\x00\x00\x01\x98\x00\x00\x00\x00\x00\x01\x00\x02\xa5\xb4\
\x00\x00\x01\x9c\x10\xd0O=\
\x00\x00\x01z\x00\x00\x00\x00\x00\x01\x00\x02\x81s\
\x00\x00\x01\x9c\x10\xd0O=\
\x00\x00\x00\xf2\x00\x00\x00\x00\x00\x01\x00\x01\xfc\xed\
\x00\x00\x01\x9c\x10\xd0O=\
\x00\x00\x01H\x00\x00\x00\x00\x00\x01\x00\x02E\xf1\
\x00\x00\x01\x9c\x10\xd0O=\
\x00\x00\x01$\x00\x00\x00\x00\x00\x01\x00\x023@\
\x00\x00\x01\x9c\x10\xd0O=\
"

def qInitResources():
    QtCore.qRegisterResourceData(0x03, qt_resource_struct, qt_resource_name, qt_resource_data)

def qCleanupResources():
    QtCore.qUnregisterResourceData(0x03, qt_resource_struct, qt_resource_name, qt_resource_data)

qInitResources()
